<?xml version="1.0" encoding="UTF-8"?><CodeSystem xmlns="http://hl7.org/fhir"><id value="EstadoCivilCS"/><text><status value="generated"/><div xmlns="http://www.w3.org/1999/xhtml"><p>This code system <code>https://www.ssasur.cl/fhir/ig/ASV/CodeSystem/EstadoCivilCS</code> defines the following codes:</p><table class="codes"><tr><td style="white-space:nowrap"><b>Code</b></td><td><b>Display</b></td></tr><tr><td style="white-space:nowrap">01<a name="EstadoCivilCS-01"> </a></td><td>SOLTERO(A)</td></tr><tr><td style="white-space:nowrap">02<a name="EstadoCivilCS-02"> </a></td><td>CASADO(A)</td></tr><tr><td style="white-space:nowrap">03<a name="EstadoCivilCS-03"> </a></td><td>VIUDO(A)</td></tr><tr><td style="white-space:nowrap">04<a name="EstadoCivilCS-04"> </a></td><td>SEPARADO(A)</td></tr><tr><td style="white-space:nowrap">05<a name="EstadoCivilCS-05"> </a></td><td>CONVIVIENTE</td></tr><tr><td style="white-space:nowrap">06<a name="EstadoCivilCS-06"> </a></td><td>DIVORCIADO(A)</td></tr><tr><td style="white-space:nowrap">09<a name="EstadoCivilCS-09"> </a></td><td>DESCONOCIDO</td></tr></table></div></text><url value="https://www.ssasur.cl/fhir/ig/ASV/CodeSystem/EstadoCivilCS"/><version value="0.5.3"/><name value="EstadoCivilCS"/><title value="Estado Civil"/><status value="active"/><experimental value="true"/><date value="2022-12-01T14:22:43-03:00"/><publisher value="Servicio de Salud Araucania Sur"/><contact><name value="Servicio de Salud Araucania Sur"/><telecom><system value="url"/><value value="https://www.araucaniasur.cl/"/></telecom></contact><contact><name value="Franco Ulloa"/><telecom><system value="email"/><value value="franco.ulloam@redsalud.gob.cl"/><use value="work"/></telecom></contact><description value="Definie el estado civil que se encuentra la persona, según la normativa local de Chile"/><jurisdiction><coding><system value="urn:iso:std:iso:3166"/><code value="CL"/><display value="Chile"/></coding></jurisdiction><caseSensitive value="true"/><content value="complete"/><count value="7"/><concept><code value="01"/><display value="SOLTERO(A)"/></concept><concept><code value="02"/><display value="CASADO(A)"/></concept><concept><code value="03"/><display value="VIUDO(A)"/></concept><concept><code value="04"/><display value="SEPARADO(A)"/></concept><concept><code value="05"/><display value="CONVIVIENTE"/></concept><concept><code value="06"/><display value="DIVORCIADO(A)"/></concept><concept><code value="09"/><display value="DESCONOCIDO"/></concept></CodeSystem>