<?xml version="1.0" encoding="UTF-8"?><CodeSystem xmlns="http://hl7.org/fhir"><id value="Tramos-FONASA"/><text><status value="generated"/><div xmlns="http://www.w3.org/1999/xhtml"><p>This code system <code>https://www.ssasur.cl/fhir/ig/ASV/CodeSystem/Tramos-FONASA</code> defines the following codes:</p><table class="codes"><tr><td style="white-space:nowrap"><b>Code</b></td><td><b>Display</b></td></tr><tr><td style="white-space:nowrap">A<a name="Tramos-FONASA-A"> </a></td><td>Tramo A</td></tr><tr><td style="white-space:nowrap">B<a name="Tramos-FONASA-B"> </a></td><td>Tramo B</td></tr><tr><td style="white-space:nowrap">C<a name="Tramos-FONASA-C"> </a></td><td>Tramo C</td></tr><tr><td style="white-space:nowrap">D<a name="Tramos-FONASA-D"> </a></td><td>Tramo D</td></tr></table></div></text><url value="https://www.ssasur.cl/fhir/ig/ASV/CodeSystem/Tramos-FONASA"/><version value="0.5.3"/><name value="TramosDeFonasaCS"/><title value="Tramos de FONASA"/><status value="active"/><experimental value="true"/><date value="2022-12-01T14:22:43-03:00"/><publisher value="Servicio de Salud Araucania Sur"/><contact><name value="Servicio de Salud Araucania Sur"/><telecom><system value="url"/><value value="https://www.araucaniasur.cl/"/></telecom></contact><contact><name value="Franco Ulloa"/><telecom><system value="email"/><value value="franco.ulloam@redsalud.gob.cl"/><use value="work"/></telecom></contact><description value="Tramos utilizados por fonasa"/><jurisdiction><coding><system value="urn:iso:std:iso:3166"/><code value="CL"/><display value="Chile"/></coding></jurisdiction><caseSensitive value="true"/><content value="complete"/><count value="4"/><concept><code value="A"/><display value="Tramo A"/></concept><concept><code value="B"/><display value="Tramo B"/></concept><concept><code value="C"/><display value="Tramo C"/></concept><concept><code value="D"/><display value="Tramo D"/></concept></CodeSystem>