<?xml version="1.0" encoding="UTF-8"?><CodeSystem xmlns="http://hl7.org/fhir"><id value="EscalaNutricionalPediatrica"/><text><status value="generated"/><div xmlns="http://www.w3.org/1999/xhtml"><p>This code system <code>https://www.ssasur.cl/fhir/ig/ASV/CodeSystem/EscalaNutricionalPediatrica</code> defines the following codes:</p><table class="codes"><tr><td style="white-space:nowrap"><b>Code</b></td><td><b>Display</b></td></tr><tr><td style="white-space:nowrap">Desnutrido<a name="EscalaNutricionalPediatrica-Desnutrido"> </a></td><td>Desnutrido</td></tr><tr><td style="white-space:nowrap">DesnutridoSecundario<a name="EscalaNutricionalPediatrica-DesnutridoSecundario"> </a></td><td>Desnutrido Secundario</td></tr><tr><td style="white-space:nowrap">Riesgo<a name="EscalaNutricionalPediatrica-Riesgo"> </a></td><td>Riesgo</td></tr><tr><td style="white-space:nowrap">BajoloNormal<a name="EscalaNutricionalPediatrica-BajoloNormal"> </a></td><td>Bajo lo Normal</td></tr><tr><td style="white-space:nowrap">Normal<a name="EscalaNutricionalPediatrica-Normal"> </a></td><td>Normal</td></tr><tr><td style="white-space:nowrap">Sobrepeso<a name="EscalaNutricionalPediatrica-Sobrepeso"> </a></td><td>Sobrepeso</td></tr><tr><td style="white-space:nowrap">Obesidad<a name="EscalaNutricionalPediatrica-Obesidad"> </a></td><td>Obesidad</td></tr></table></div></text><url value="https://www.ssasur.cl/fhir/ig/ASV/CodeSystem/EscalaNutricionalPediatrica"/><version value="0.5.3"/><name value="EscalaNutricionalPediatrica"/><title value="Escala Nutricional para Pediátricos"/><status value="active"/><experimental value="true"/><date value="2022-12-01T14:22:43-03:00"/><publisher value="Servicio de Salud Araucania Sur"/><contact><name value="Servicio de Salud Araucania Sur"/><telecom><system value="url"/><value value="https://www.araucaniasur.cl/"/></telecom></contact><contact><name value="Franco Ulloa"/><telecom><system value="email"/><value value="franco.ulloam@redsalud.gob.cl"/><use value="work"/></telecom></contact><description value="Escala nutricional de un paciente pediatrico"/><jurisdiction><coding><system value="urn:iso:std:iso:3166"/><code value="CL"/><display value="Chile"/></coding></jurisdiction><caseSensitive value="true"/><content value="complete"/><count value="7"/><concept><code value="Desnutrido"/><display value="Desnutrido"/></concept><concept><code value="DesnutridoSecundario"/><display value="Desnutrido Secundario"/></concept><concept><code value="Riesgo"/><display value="Riesgo"/></concept><concept><code value="BajoloNormal"/><display value="Bajo lo Normal"/></concept><concept><code value="Normal"/><display value="Normal"/></concept><concept><code value="Sobrepeso"/><display value="Sobrepeso"/></concept><concept><code value="Obesidad"/><display value="Obesidad"/></concept></CodeSystem>