<?xml version="1.0" encoding="UTF-8"?><ValueSet xmlns="http://hl7.org/fhir"><id value="Nivel-InstruccionVS"/><text><status value="generated"/><div xmlns="http://www.w3.org/1999/xhtml"><ul><li>Include all codes defined in <a href="CodeSystem-Nivel-InstruccionCS.html"><code>https://www.ssasur.cl/fhir/ig/ASV/CodeSystem/Nivel-InstruccionCS</code></a></li></ul></div></text><url value="https://www.ssasur.cl/fhir/ig/ASV/ValueSet/Nivel-InstruccionVS"/><version value="0.5.3"/><name value="NivelInstruccionVS"/><title value="Nivel de Instrucción"/><status value="active"/><experimental value="true"/><date value="2022-12-01T14:22:43-03:00"/><publisher value="Servicio de Salud Araucania Sur"/><contact><name value="Servicio de Salud Araucania Sur"/><telecom><system value="url"/><value value="https://www.araucaniasur.cl/"/></telecom></contact><contact><name value="Franco Ulloa"/><telecom><system value="email"/><value value="franco.ulloam@redsalud.gob.cl"/><use value="work"/></telecom></contact><description value="Codificación del nivel de instrucción del paciente"/><jurisdiction><coding><system value="urn:iso:std:iso:3166"/><code value="CL"/><display value="Chile"/></coding></jurisdiction><compose><include><system value="https://www.ssasur.cl/fhir/ig/ASV/CodeSystem/Nivel-InstruccionCS"/></include></compose></ValueSet>