<?xml version="1.0" encoding="UTF-8"?>

<Bundle xmlns="http://hl7.org/fhir">
  <id value="Documento"/>
  <meta>
    <profile value="https://www.ssasur.cl/fhir/ig/ASV/StructureDefinition/CdrDocument"/>
  </meta>
  <identifier>
    <system value="http://api.ssasur.cl/signosvitales"/>
    <value value="6fc2e782-fd56-415e-bc85-f6dcd2194ace"/>
  </identifier>
  <type value="document"/>
  <timestamp value="2022-07-07T12:00:00-04:00"/>
  <entry>
    <fullUrl value="Composition/4745debb-35e6-42f5-8094-65f9b47dcc94"/>
    <resource>
      <Composition>
        <id value="4745debb-35e6-42f5-8094-65f9b47dcc94"/>
        <meta>
          <profile value="https://www.ssasur.cl/fhir/ig/ASV/StructureDefinition/CdrComposition"/>
        </meta>
        <text>
          <status value="generated"/><div xmlns="http://www.w3.org/1999/xhtml"><p><b>Generated Narrative: Composition</b><a name="4745debb-35e6-42f5-8094-65f9b47dcc94"> </a></p><div style="display: inline-block; background-color: #d9e0e7; padding: 6px; margin: 4px; border: 1px solid #8da1b4; border-radius: 5px; line-height: 60%"><p style="margin-bottom: 0px">Resource Composition &quot;4745debb-35e6-42f5-8094-65f9b47dcc94&quot; </p><p style="margin-bottom: 0px">Profile: <a href="StructureDefinition-CdrComposition.html">Cabecera Para Documento Clínicos</a></p></div><p><b>identifier</b>: id: 6fc2e782-fd56-415e-bc85-f6dcd2194ace</p><p><b>status</b>: final</p><p><b>type</b>: Registros médicos <span style="background: LightGoldenRodYellow; margin: 4px; border: 1px solid khaki"> (<a href="https://loinc.org/">LOINC</a>#11503-0 &quot;Medical records&quot;)</span></p><p><b>date</b>: 2022-07-07 12:00:00-0400</p><p><b>author</b>: <a href="#Practitioner_03e6e7e2-7b2f-40c9-bf4d-6e222a71ee50">See above (Practitioner/03e6e7e2-7b2f-40c9-bf4d-6e222a71ee50)</a></p><p><b>title</b>: Registro Clínico Electronico (Signos Vitales)</p><h3>Attesters</h3><table class="grid"><tr><td>-</td><td><b>Mode</b></td><td><b>Party</b></td></tr><tr><td>*</td><td>professional</td><td><a href="#Practitioner_03e6e7e2-7b2f-40c9-bf4d-6e222a71ee50">See above (Practitioner/03e6e7e2-7b2f-40c9-bf4d-6e222a71ee50: MARIA MAGDALENA JUNGJOHANN (OFFICIAL))</a></td></tr></table><p><b>custodian</b>: <a href="#Organization_30561296-f509-40d1-878a-1d4f9e71365d">See above (Organization/30561296-f509-40d1-878a-1d4f9e71365d: HOSPITAL DR. HERNAN HENRIQUEZ ARAVENA (TEMUCO))</a></p></div>
        </text>
        <identifier>
          <value value="6fc2e782-fd56-415e-bc85-f6dcd2194ace"/>
        </identifier>
        <status value="final"/>
        <type>
          <coding>
            <system value="http://loinc.org"/>
            <code value="11503-0"/>
            <display value="Medical records"/>
          </coding>
          <text value="Registros médicos"/>
        </type>
        <subject>
          <reference value="Patient/56851b4b-9867-4b72-9a2c-3a1c8c1cbddf"/>
        </subject>
        <date value="2022-07-07T12:00:00-04:00"/>
        <author>
          <reference value="Practitioner/03e6e7e2-7b2f-40c9-bf4d-6e222a71ee50"/>
        </author>
        <title value="Registro Clínico Electronico (Signos Vitales)"/>
        <attester>
          <mode value="professional"/>
          <party>
            <reference value="Practitioner/03e6e7e2-7b2f-40c9-bf4d-6e222a71ee50"/>
            <display value="MARIA MAGDALENA JUNGJOHANN (OFFICIAL)"/>
          </party>
        </attester>
        <custodian>
          <reference value="Organization/30561296-f509-40d1-878a-1d4f9e71365d"/>
          <display value="HOSPITAL DR. HERNAN HENRIQUEZ ARAVENA (TEMUCO)"/>
        </custodian>
        <section>
          <title value="Signos Vitales"/>
          <code>
            <coding>
              <system value="http://loinc.org"/>
              <code value="8716-3"/>
              <display value="Vital signs"/>
            </coding>
            <text value="Signos Vitales"/>
          </code>
          <entry>
            <reference value="Observation/30561296-f509-40d1-878a-1d42432ffd0a"/>
            <display value="67.6 kg (Details: UCUM code kg = 'kg')"/>
          </entry>
          <entry>
            <reference value="Observation/84f42b61-d690-45e6-87f8-0672432ffd0a"/>
            <display value="165 CMS (Details: UCUM code cm = 'cm')"/>
          </entry>
          <entry>
            <reference value="Observation/13d97bbc-7a58-49e9-bf12-4add450b605a"/>
            <display value="24.6 kg/m2 (Details: UCUM code kg/m2 = 'kg/m2')"/>
          </entry>
          <entry>
            <reference value="Observation/0b06f501-5465-4b31-b106-56f73cc0ef99"/>
            <display value="Normal (Escala Nutricional Para Adultos#Normal)"/>
          </entry>
          <entry>
            <reference value="Observation/df1a8537-56a2-4aec-aa6c-f6f537e874e7"/>
            <display value="29.3 wk (Details: UCUM code wk = 'wk')"/>
          </entry>
          <entry>
            <reference value="Observation/432b12d6-5a42-47ca-8024-495309843029"/>
            <display value="31 CMS (Details: UCUM code cm = 'cm')"/>
          </entry>
          <entry>
            <reference value="Observation/4bb12bcf-44f1-4af0-9deb-5688de0f0230"/>
            <display value="155 /min (Details: UCUM code /min = '/min')"/>
          </entry>
          <entry>
            <reference value="Observation/0549e5ba-54da-4dc8-8217-73f4ab458787"/>
            <display value="+ (Resultados de un Movimiento Fetal#+)"/>
          </entry>
        </section>
      </Composition>
    </resource>
  </entry>
  <entry>
    <fullUrl value="Patient/56851b4b-9867-4b72-9a2c-3a1c8c1cbddf"/>
    <resource>
      <Patient>
        <id value="56851b4b-9867-4b72-9a2c-3a1c8c1cbddf"/>
        <meta>
          <profile value="https://www.ssasur.cl/fhir/ig/ASV/StructureDefinition/CdrPatient"/>
        </meta>
        <text>
          <status value="extensions"/><div xmlns="http://www.w3.org/1999/xhtml"><p><b>Generated Narrative: Patient</b><a name="56851b4b-9867-4b72-9a2c-3a1c8c1cbddf"> </a></p><div style="display: inline-block; background-color: #d9e0e7; padding: 6px; margin: 4px; border: 1px solid #8da1b4; border-radius: 5px; line-height: 60%"><p style="margin-bottom: 0px">Resource Patient &quot;56851b4b-9867-4b72-9a2c-3a1c8c1cbddf&quot; </p><p style="margin-bottom: 0px">Profile: <a href="StructureDefinition-CdrPatient.html">Paciente Servicio de Salud Araucania Sur</a></p></div><p><b>Codigo de Identificación de países</b>: Chile <span style="background: LightGoldenRodYellow; margin: 4px; border: 1px solid khaki"> (<a href="http://terminology.hl7.org/5.0.0/CodeSystem-ISO3166Part1.html">ISO 3166-1 Codes for the representation of names of countries and their subdivisions — Part 1: Country code</a>#152)</span></p><p><b>Identidad de Género</b>: Femenino <span style="background: LightGoldenRodYellow; margin: 4px; border: 1px solid khaki"> (<a href="CodeSystem-GenderIdentityCs.html">Identidad de Género</a>#02)</span></p><blockquote><p><b>Previsión del Paciente</b></p><p><b>value</b>: FONASA (Details: https://www.ssasur.cl/fhir/ig/ASV/CodeSystem/Sistema-Prevision code 01 = 'FONASA', stated as 'FONASA')</p><p><b>value</b>: Tramo B (Details: https://www.ssasur.cl/fhir/ig/ASV/CodeSystem/Tramos-FONASA code B = 'Tramo B', stated as 'Tramo B')</p></blockquote><p><b>Pueblo Originario</b>: NINGUNO <span style="background: LightGoldenRodYellow; margin: 4px; border: 1px solid khaki"> (<a href="CodeSystem-Pueblos-PueblosOriginariosCS.html">Codificación de Pueblos Originarios</a>#96)</span></p><p><b>Nivel Instrucción</b>: MEDIA <span style="background: LightGoldenRodYellow; margin: 4px; border: 1px solid khaki"> (<a href="CodeSystem-Nivel-InstruccionCS.html">Nivel de Instrucción</a>#03)</span></p><p><b>Ocupación</b>: DUEÑA DE CASA <span style="background: LightGoldenRodYellow; margin: 4px; border: 1px solid khaki"> (<a href="CodeSystem-Ocupacion-PatientCS.html">Ocupación</a>#414)</span></p><p><b>identifier</b>: id: 123412 (use: OFFICIAL), id: 6434332 (use: SECONDARY), Chile: 19142323-5 (use: USUAL)</p><p><b>name</b>: Victoria Esperanza Martinez (OFFICIAL)</p><p><b>telecom</b>: ph: 56978841639, <a href="mailto:VCMAR@MAIL.COM">VCMAR@MAIL.COM</a></p><p><b>gender</b>: female</p><p><b>birthDate</b>: 1996-11-11</p><p><b>address</b>: CALLE M Depto.: NO, LA JUNTA null null null (HOME)</p><p><b>maritalStatus</b>: SOLTERO(A) <span style="background: LightGoldenRodYellow; margin: 4px; border: 1px solid khaki"> (<a href="CodeSystem-EstadoCivilCS.html">Estado Civil</a>#01)</span></p><h3>Contacts</h3><table class="grid"><tr><td>-</td><td><b>Extension</b></td><td><b>Relationship</b></td><td><b>Name</b></td></tr><tr><td>*</td><td/><td>Emergency Contact <span style="background: LightGoldenRodYellow; margin: 4px; border: 1px solid khaki"> (<a href="http://terminology.hl7.org/5.0.0/CodeSystem-v2-0131.html">contactRole2</a>#C)</span></td><td>Victoria Esperanza Martinez (OFFICIAL)</td></tr></table></div>
        </text>
        <extension url="https://hl7chile.cl/fhir/ig/corecl/StructureDefinition/CodigoPaises">
          <valueCodeableConcept>
            <coding>
              <system value="urn:iso:std:iso:3166"/>
              <code value="152"/>
              <display value="Chile"/>
            </coding>
          </valueCodeableConcept>
        </extension>
        <extension url="https://www.ssasur.cl/fhir/ig/ASV/StructureDefinition/IdentidadDeGenero">
          <valueCodeableConcept>
            <coding>
              <system value="https://www.ssasur.cl/fhir/ig/ASV/CodeSystem/GenderIdentityCs"/>
              <code value="02"/>
              <display value="Femenino"/>
            </coding>
          </valueCodeableConcept>
        </extension>
        <extension url="https://www.ssasur.cl/fhir/ig/ASV/StructureDefinition/Prevision">
          <extension url="prevision">
            <valueCoding>
              <system value="https://www.ssasur.cl/fhir/ig/ASV/CodeSystem/Sistema-Prevision"/>
              <code value="01"/>
              <display value="FONASA"/>
            </valueCoding>
          </extension>
          <extension url="tramoisapre">
            <valueCoding>
              <system value="https://www.ssasur.cl/fhir/ig/ASV/CodeSystem/Tramos-FONASA"/>
              <code value="B"/>
              <display value="Tramo B"/>
            </valueCoding>
          </extension>
        </extension>
        <extension url="https://www.ssasur.cl/fhir/ig/ASV/StructureDefinition/PuebloOriginario">
          <valueCodeableConcept>
            <coding>
              <system value="https://www.ssasur.cl/fhir/ig/ASV/CodeSystem/Pueblos-PueblosOriginariosCS"/>
              <code value="96"/>
              <display value="NINGUNO"/>
            </coding>
          </valueCodeableConcept>
        </extension>
        <extension url="https://www.ssasur.cl/fhir/ig/ASV/StructureDefinition/NivelInstruccion">
          <valueCodeableConcept>
            <coding>
              <system value="https://www.ssasur.cl/fhir/ig/ASV/CodeSystem/Nivel-InstruccionCS"/>
              <code value="03"/>
              <display value="MEDIA"/>
            </coding>
          </valueCodeableConcept>
        </extension>
        <extension url="https://www.ssasur.cl/fhir/ig/ASV/StructureDefinition/Ocupacion">
          <valueCodeableConcept>
            <coding>
              <system value="https://www.ssasur.cl/fhir/ig/ASV/CodeSystem/Ocupacion-PatientCS"/>
              <code value="414"/>
              <display value="DUEÑA DE CASA"/>
            </coding>
          </valueCodeableConcept>
        </extension>
        <identifier>
          <use value="official"/>
          <system value="http://ssasur.cl/BDUP"/>
          <value value="123412"/>
        </identifier>
        <identifier>
          <use value="secondary"/>
          <value value="6434332"/>
          <assigner>
            <reference value="Organization/30561296-f509-40d1-878a-1d4f9e71365d"/>
          </assigner>
        </identifier>
        <identifier>
          <use value="usual"/>
          <type>
            <extension url="https://hl7chile.cl/fhir/ig/corecl/StructureDefinition/CodigoPaises">
              <valueCodeableConcept>
                <coding>
                  <system value="urn:iso:std:iso:3166"/>
                  <code value="152"/>
                  <display value="Chile"/>
                </coding>
              </valueCodeableConcept>
            </extension>
            <coding>
              <system value="https://hl7chile.cl/fhir/ig/corecl/CodeSystem/CSCodigoDNI"/>
              <code value="NNCHL"/>
              <display value="Chile"/>
            </coding>
          </type>
          <system value="https://api.registrocivil.cl/rut"/>
          <value value="19142323-5"/>
        </identifier>
        <name>
          <use value="official"/>
          <family value="Martinez">
            <extension url="http://hl7.org/fhir/StructureDefinition/humanname-mothers-family">
              <valueString value="Morales"/>
            </extension>
          </family>
          <given value="Victoria"/>
          <given value="Esperanza"/>
        </name>
        <telecom>
          <system value="phone"/>
          <value value="56978841639"/>
        </telecom>
        <telecom>
          <system value="email"/>
          <value value="VCMAR@MAIL.COM"/>
        </telecom>
        <gender value="female"/>
        <birthDate value="1996-11-11"/>
        <address>
          <use value="home"/>
          <line value="CALLE M Depto.: NO, LA JUNTA"/>
          <city>
            <extension url="https://hl7chile.cl/fhir/ig/corecl/StructureDefinition/ComunasCl">
              <valueCodeableConcept>
                <coding>
                  <system value="https://hl7chile.cl/fhir/ig/corecl/CodeSystem/CSCodComunasCL"/>
                  <code value="09117"/>
                </coding>
              </valueCodeableConcept>
            </extension>
          </city>
          <district>
            <extension url="https://hl7chile.cl/fhir/ig/corecl/StructureDefinition/ProvinciasCl">
              <valueCodeableConcept>
                <coding>
                  <system value="https://hl7chile.cl/fhir/ig/corecl/CodeSystem/CSCodProvinciasCL"/>
                  <code value="091"/>
                </coding>
              </valueCodeableConcept>
            </extension>
          </district>
          <state>
            <extension url="https://hl7chile.cl/fhir/ig/corecl/StructureDefinition/RegionesCl">
              <valueCodeableConcept>
                <coding>
                  <system value="https://hl7chile.cl/fhir/ig/corecl/CodeSystem/CSCodRegionCL"/>
                  <code value="09"/>
                </coding>
              </valueCodeableConcept>
            </extension>
          </state>
          <country>
            <extension url="https://hl7chile.cl/fhir/ig/corecl/StructureDefinition/CodigoPaises">
              <valueCodeableConcept>
                <coding>
                  <system value="urn:iso:std:iso:3166"/>
                  <code value="152"/>
                  <display value="Chile"/>
                </coding>
              </valueCodeableConcept>
            </extension>
          </country>
        </address>
        <maritalStatus>
          <coding>
            <system value="https://www.ssasur.cl/fhir/ig/ASV/CodeSystem/EstadoCivilCS"/>
            <code value="01"/>
            <display value="SOLTERO(A)"/>
          </coding>
        </maritalStatus>
        <contact>
          <extension url="https://hl7chile.cl/fhir/ig/corecl/StructureDefinition/IdContacto">
            <extension url="tutId">
              <valueIdentifier>
                <type>
                  <coding>
                    <system value="https://hl7chile.cl/fhir/ig/corecl/CodeSystem/CSCodigoDNI"/>
                    <code value="NNCHL"/>
                    <display value="Chile"/>
                  </coding>
                </type>
                <system value="https://api.registrocivil.cl/rut"/>
                <value value="19142323-5"/>
              </valueIdentifier>
            </extension>
            <extension url="docProc">
              <valueCodeableConcept>
                <coding>
                  <system value="urn:iso:std:iso:3166"/>
                  <code value="152"/>
                  <display value="Chile"/>
                </coding>
              </valueCodeableConcept>
            </extension>
          </extension>
          <relationship>
            <coding>
              <system value="http://terminology.hl7.org/CodeSystem/v2-0131"/>
              <code value="C"/>
              <display value="Emergency Contact"/>
            </coding>
          </relationship>
          <name>
            <use value="official"/>
            <family value="Martinez">
              <extension url="http://hl7.org/fhir/StructureDefinition/humanname-mothers-family">
                <valueString value="Morales"/>
              </extension>
            </family>
            <given value="Victoria"/>
            <given value="Esperanza"/>
          </name>
        </contact>
      </Patient>
    </resource>
  </entry>
  <entry>
    <fullUrl value="Practitioner/03e6e7e2-7b2f-40c9-bf4d-6e222a71ee50"/>
    <resource>
      <Practitioner>
        <id value="03e6e7e2-7b2f-40c9-bf4d-6e222a71ee50"/>
        <meta>
          <profile value="https://www.ssasur.cl/fhir/ig/ASV/StructureDefinition/CdrPractitioner"/>
        </meta>
        <text>
          <status value="generated"/><div xmlns="http://www.w3.org/1999/xhtml"><p><b>Generated Narrative: Practitioner</b><a name="03e6e7e2-7b2f-40c9-bf4d-6e222a71ee50"> </a></p><div style="display: inline-block; background-color: #d9e0e7; padding: 6px; margin: 4px; border: 1px solid #8da1b4; border-radius: 5px; line-height: 60%"><p style="margin-bottom: 0px">Resource Practitioner &quot;03e6e7e2-7b2f-40c9-bf4d-6e222a71ee50&quot; </p><p style="margin-bottom: 0px">Profile: <a href="StructureDefinition-CdrPractitioner.html">Prestador de Salud</a></p></div><p><b>identifier</b>: id: 19797094-4 (use: OFFICIAL), id: 692550 (use: SECONDARY)</p><p><b>active</b>: true</p><p><b>name</b>: MARIA MAGDALENA JUNGJOHANN (OFFICIAL)</p><p><b>gender</b>: female</p><p><b>birthDate</b>: 1998-01-05</p><h3>Qualifications</h3><table class="grid"><tr><td>-</td><td><b>Identifier</b></td><td><b>Code</b></td></tr><tr><td>*</td><td>id: cert</td><td>Certificado(s) <span style="background: LightGoldenRodYellow; margin: 4px; border: 1px solid khaki"> (<a href="CodeSystem-TitulosProfesionalesPrestadoresCS.html">Titulos Profesionales Prestadores</a>#05 &quot;Matronas(es)&quot;)</span></td></tr></table></div>
        </text>
        <identifier>
          <use value="official"/>
          <system value="https://api.registrocivil.cl/rut"/>
          <value value="19797094-4"/>
        </identifier>
        <identifier>
          <use value="secondary"/>
          <system value="https://rnpi.superdesalud.gob.cl/"/>
          <value value="692550"/>
        </identifier>
        <active value="true"/>
        <name>
          <use value="official"/>
          <family value="JUNGJOHANN">
            <extension url="http://hl7.org/fhir/StructureDefinition/humanname-mothers-family">
              <valueString value="SILVA"/>
            </extension>
          </family>
          <given value="MARIA"/>
          <given value="MAGDALENA"/>
        </name>
        <gender value="female"/>
        <birthDate value="1998-01-05"/>
        <qualification>
          <identifier>
            <value value="cert"/>
          </identifier>
          <code>
            <coding>
              <system value="https://www.ssasur.cl/fhir/ig/ASV/CodeSystem/TitulosProfesionalesPrestadoresCS"/>
              <code value="05"/>
              <display value="Matronas(es)"/>
            </coding>
            <text value="Certificado(s)"/>
          </code>
        </qualification>
      </Practitioner>
    </resource>
  </entry>
  <entry>
    <fullUrl value="Organization/30561296-f509-40d1-878a-1d4f9e71365d"/>
    <resource>
      <Organization>
        <id value="30561296-f509-40d1-878a-1d4f9e71365d"/>
        <meta>
          <profile value="https://www.ssasur.cl/fhir/ig/ASV/StructureDefinition/CdrOrganizationHosp"/>
        </meta>
        <text>
          <status value="generated"/><div xmlns="http://www.w3.org/1999/xhtml"><p><b>Generated Narrative: Organization</b><a name="30561296-f509-40d1-878a-1d4f9e71365d"> </a></p><div style="display: inline-block; background-color: #d9e0e7; padding: 6px; margin: 4px; border: 1px solid #8da1b4; border-radius: 5px; line-height: 60%"><p style="margin-bottom: 0px">Resource Organization &quot;30561296-f509-40d1-878a-1d4f9e71365d&quot; </p><p style="margin-bottom: 0px">Profile: <a href="StructureDefinition-CdrOrganizationHosp.html">Recinto de Salud Araucania Sur</a></p></div><p><b>identifier</b>: id: 121109 (use: OFFICIAL)</p><p><b>active</b>: true</p><p><b>name</b>: HOSPITAL DR. HERNAN HENRIQUEZ ARAVENA (TEMUCO)</p><p><b>alias</b>: TEMUCO HOSP.</p><p><b>address</b>: Bilbao S/N 09117 09 152 (WORK)</p></div>
        </text>
        <identifier>
          <use value="official"/>
          <system value="http://ssasur.cl/CodigoHospital"/>
          <value value="121109"/>
        </identifier>
        <active value="true"/>
        <name value="HOSPITAL DR. HERNAN HENRIQUEZ ARAVENA (TEMUCO)"/>
        <alias value="TEMUCO HOSP."/>
        <address>
          <use value="work"/>
          <line value="Bilbao S/N"/>
          <city value="09117"/>
          <district value="091"/>
          <state value="09"/>
          <country value="152"/>
        </address>
      </Organization>
    </resource>
  </entry>
  <entry>
    <fullUrl value="Observation/30561296-f509-40d1-878a-1d42432ffd0a"/>
    <resource>
      <Observation>
        <id value="30561296-f509-40d1-878a-1d42432ffd0a"/>
        <meta>
          <profile value="https://www.ssasur.cl/fhir/ig/ASV/StructureDefinition/CdrPeso"/>
        </meta>
        <text>
          <status value="generated"/><div xmlns="http://www.w3.org/1999/xhtml"><p><b>Generated Narrative: Observation</b><a name="30561296-f509-40d1-878a-1d42432ffd0a"> </a></p><div style="display: inline-block; background-color: #d9e0e7; padding: 6px; margin: 4px; border: 1px solid #8da1b4; border-radius: 5px; line-height: 60%"><p style="margin-bottom: 0px">Resource Observation &quot;30561296-f509-40d1-878a-1d42432ffd0a&quot; </p><p style="margin-bottom: 0px">Profile: <a href="StructureDefinition-CdrPeso.html">Peso</a></p></div><p><b>status</b>: final</p><p><b>category</b>: Vital Signs <span style="background: LightGoldenRodYellow; margin: 4px; border: 1px solid khaki"> (<a href="http://terminology.hl7.org/5.0.0/CodeSystem-observation-category.html">Observation Category Codes</a>#vital-signs)</span></p><p><b>code</b>: PESO <span style="background: LightGoldenRodYellow; margin: 4px; border: 1px solid khaki"> (<a href="https://loinc.org/">LOINC</a>#3141-9 &quot;Body weight Measured&quot;)</span></p><p><b>subject</b>: <a href="#Patient_56851b4b-9867-4b72-9a2c-3a1c8c1cbddf">See above (Patient/56851b4b-9867-4b72-9a2c-3a1c8c1cbddf)</a></p><p><b>effective</b>: 2022-07-07 12:00:00-0400</p><p><b>value</b>: 67.6 kg<span style="background: LightGoldenRodYellow"> (Details: UCUM code kg = 'kg')</span></p></div>
        </text>
        <status value="final"/>
        <category>
          <coding>
            <system value="http://terminology.hl7.org/CodeSystem/observation-category"/>
            <code value="vital-signs"/>
          </coding>
        </category>
        <code>
          <coding>
            <system value="http://loinc.org"/>
            <code value="3141-9"/>
            <display value="Body weight Measured"/>
          </coding>
          <text value="PESO"/>
        </code>
        <subject>
          <reference value="Patient/56851b4b-9867-4b72-9a2c-3a1c8c1cbddf"/>
        </subject>
        <effectiveDateTime value="2022-07-07T12:00:00-04:00"/>
        <valueQuantity>
          <value value="67.6"/>
          <unit value="kg"/>
          <system value="http://unitsofmeasure.org"/>
          <code value="kg"/>
        </valueQuantity>
      </Observation>
    </resource>
  </entry>
  <entry>
    <fullUrl value="Observation/84f42b61-d690-45e6-87f8-0672432ffd0a"/>
    <resource>
      <Observation>
        <id value="84f42b61-d690-45e6-87f8-0672432ffd0a"/>
        <meta>
          <profile value="https://www.ssasur.cl/fhir/ig/ASV/StructureDefinition/CdrTalla"/>
        </meta>
        <text>
          <status value="generated"/><div xmlns="http://www.w3.org/1999/xhtml"><p><b>Generated Narrative: Observation</b><a name="84f42b61-d690-45e6-87f8-0672432ffd0a"> </a></p><div style="display: inline-block; background-color: #d9e0e7; padding: 6px; margin: 4px; border: 1px solid #8da1b4; border-radius: 5px; line-height: 60%"><p style="margin-bottom: 0px">Resource Observation &quot;84f42b61-d690-45e6-87f8-0672432ffd0a&quot; </p><p style="margin-bottom: 0px">Profile: <a href="StructureDefinition-CdrTalla.html">Talla</a></p></div><p><b>status</b>: final</p><p><b>category</b>: Vital Signs <span style="background: LightGoldenRodYellow; margin: 4px; border: 1px solid khaki"> (<a href="http://terminology.hl7.org/5.0.0/CodeSystem-observation-category.html">Observation Category Codes</a>#vital-signs)</span></p><p><b>code</b>: TALLA <span style="background: LightGoldenRodYellow; margin: 4px; border: 1px solid khaki"> (<a href="https://loinc.org/">LOINC</a>#8304-8 &quot;Body height special circumstances&quot;)</span></p><p><b>subject</b>: <a href="#Patient_56851b4b-9867-4b72-9a2c-3a1c8c1cbddf">See above (Patient/56851b4b-9867-4b72-9a2c-3a1c8c1cbddf)</a></p><p><b>effective</b>: 2022-07-07 12:00:00-0400</p><p><b>value</b>: 165 CMS<span style="background: LightGoldenRodYellow"> (Details: UCUM code cm = 'cm')</span></p></div>
        </text>
        <status value="final"/>
        <category>
          <coding>
            <system value="http://terminology.hl7.org/CodeSystem/observation-category"/>
            <code value="vital-signs"/>
          </coding>
        </category>
        <code>
          <coding>
            <system value="http://loinc.org"/>
            <code value="8304-8"/>
            <display value="Body height special circumstances"/>
          </coding>
          <text value="TALLA"/>
        </code>
        <subject>
          <reference value="Patient/56851b4b-9867-4b72-9a2c-3a1c8c1cbddf"/>
        </subject>
        <effectiveDateTime value="2022-07-07T12:00:00-04:00"/>
        <valueQuantity>
          <value value="165"/>
          <unit value="CMS"/>
          <system value="http://unitsofmeasure.org"/>
          <code value="cm"/>
        </valueQuantity>
      </Observation>
    </resource>
  </entry>
  <entry>
    <fullUrl value="Observation/13d97bbc-7a58-49e9-bf12-4add450b605a"/>
    <resource>
      <Observation>
        <id value="13d97bbc-7a58-49e9-bf12-4add450b605a"/>
        <meta>
          <profile value="https://www.ssasur.cl/fhir/ig/ASV/StructureDefinition/CdrIMC"/>
        </meta>
        <text>
          <status value="generated"/><div xmlns="http://www.w3.org/1999/xhtml"><p><b>Generated Narrative: Observation</b><a name="13d97bbc-7a58-49e9-bf12-4add450b605a"> </a></p><div style="display: inline-block; background-color: #d9e0e7; padding: 6px; margin: 4px; border: 1px solid #8da1b4; border-radius: 5px; line-height: 60%"><p style="margin-bottom: 0px">Resource Observation &quot;13d97bbc-7a58-49e9-bf12-4add450b605a&quot; </p><p style="margin-bottom: 0px">Profile: <a href="StructureDefinition-CdrIMC.html">Indice de Masa Corporal</a></p></div><p><b>status</b>: final</p><p><b>category</b>: Vital Signs <span style="background: LightGoldenRodYellow; margin: 4px; border: 1px solid khaki"> (<a href="http://terminology.hl7.org/5.0.0/CodeSystem-observation-category.html">Observation Category Codes</a>#vital-signs)</span></p><p><b>code</b>: INDICE DE MASA CORPORAL <span style="background: LightGoldenRodYellow; margin: 4px; border: 1px solid khaki"> (<a href="https://loinc.org/">LOINC</a>#39156-5 &quot;Body mass index (BMI) [Ratio]&quot;)</span></p><p><b>subject</b>: <a href="#Patient_56851b4b-9867-4b72-9a2c-3a1c8c1cbddf">See above (Patient/56851b4b-9867-4b72-9a2c-3a1c8c1cbddf)</a></p><p><b>effective</b>: 2022-07-07 12:00:00-0400</p><p><b>value</b>: 24.6 kg/m2<span style="background: LightGoldenRodYellow"> (Details: UCUM code kg/m2 = 'kg/m2')</span></p></div>
        </text>
        <status value="final"/>
        <category>
          <coding>
            <system value="http://terminology.hl7.org/CodeSystem/observation-category"/>
            <code value="vital-signs"/>
          </coding>
        </category>
        <code>
          <coding>
            <system value="http://loinc.org"/>
            <code value="39156-5"/>
            <display value="Body mass index (BMI) [Ratio]"/>
          </coding>
          <text value="INDICE DE MASA CORPORAL"/>
        </code>
        <subject>
          <reference value="Patient/56851b4b-9867-4b72-9a2c-3a1c8c1cbddf"/>
        </subject>
        <effectiveDateTime value="2022-07-07T12:00:00-04:00"/>
        <valueQuantity>
          <value value="24.6"/>
          <unit value="kg/m2"/>
          <system value="http://unitsofmeasure.org"/>
          <code value="kg/m2"/>
        </valueQuantity>
      </Observation>
    </resource>
  </entry>
  <entry>
    <fullUrl value="Observation/0b06f501-5465-4b31-b106-56f73cc0ef99"/>
    <resource>
      <Observation>
        <id value="0b06f501-5465-4b31-b106-56f73cc0ef99"/>
        <meta>
          <profile value="https://www.ssasur.cl/fhir/ig/ASV/StructureDefinition/CdrEstadoNutricional"/>
        </meta>
        <text>
          <status value="generated"/><div xmlns="http://www.w3.org/1999/xhtml"><p><b>Generated Narrative: Observation</b><a name="0b06f501-5465-4b31-b106-56f73cc0ef99"> </a></p><div style="display: inline-block; background-color: #d9e0e7; padding: 6px; margin: 4px; border: 1px solid #8da1b4; border-radius: 5px; line-height: 60%"><p style="margin-bottom: 0px">Resource Observation &quot;0b06f501-5465-4b31-b106-56f73cc0ef99&quot; </p><p style="margin-bottom: 0px">Profile: <a href="StructureDefinition-CdrEstadoNutricional.html">Estado Nutricional</a></p></div><p><b>status</b>: final</p><p><b>category</b>: Vital Signs <span style="background: LightGoldenRodYellow; margin: 4px; border: 1px solid khaki"> (<a href="http://terminology.hl7.org/5.0.0/CodeSystem-observation-category.html">Observation Category Codes</a>#vital-signs)</span></p><p><b>code</b>: DIAGNOSTICO NUTRICIONAL ADULTO <span style="background: LightGoldenRodYellow; margin: 4px; border: 1px solid khaki"> (<a href="https://loinc.org/">LOINC</a>#75305-3 &quot;Nutrition status&quot;)</span></p><p><b>subject</b>: <a href="#Patient_56851b4b-9867-4b72-9a2c-3a1c8c1cbddf">See above (Patient/56851b4b-9867-4b72-9a2c-3a1c8c1cbddf)</a></p><p><b>effective</b>: 2022-07-07 12:00:00-0400</p><p><b>value</b>: Normal <span style="background: LightGoldenRodYellow; margin: 4px; border: 1px solid khaki"> (<a href="CodeSystem-EscalaNutricionalAdulto.html">Escala Nutricional para Adultos</a>#Normal)</span></p></div>
        </text>
        <status value="final"/>
        <category>
          <coding>
            <system value="http://terminology.hl7.org/CodeSystem/observation-category"/>
            <code value="vital-signs"/>
          </coding>
        </category>
        <code>
          <coding>
            <system value="http://loinc.org"/>
            <code value="75305-3"/>
            <display value="Nutrition status"/>
          </coding>
          <text value="DIAGNOSTICO NUTRICIONAL ADULTO"/>
        </code>
        <subject>
          <reference value="Patient/56851b4b-9867-4b72-9a2c-3a1c8c1cbddf"/>
        </subject>
        <effectiveDateTime value="2022-07-07T12:00:00-04:00"/>
        <valueCodeableConcept>
          <coding>
            <system value="https://www.ssasur.cl/fhir/ig/ASV/CodeSystem/EscalaNutricionalAdulto"/>
            <code value="Normal"/>
            <display value="Normal"/>
          </coding>
        </valueCodeableConcept>
      </Observation>
    </resource>
  </entry>
  <entry>
    <fullUrl value="Observation/df1a8537-56a2-4aec-aa6c-f6f537e874e7"/>
    <resource>
      <Observation>
        <id value="df1a8537-56a2-4aec-aa6c-f6f537e874e7"/>
        <meta>
          <profile value="https://www.ssasur.cl/fhir/ig/ASV/StructureDefinition/CdrSemanasECO"/>
        </meta>
        <text>
          <status value="generated"/><div xmlns="http://www.w3.org/1999/xhtml"><p><b>Generated Narrative: Observation</b><a name="df1a8537-56a2-4aec-aa6c-f6f537e874e7"> </a></p><div style="display: inline-block; background-color: #d9e0e7; padding: 6px; margin: 4px; border: 1px solid #8da1b4; border-radius: 5px; line-height: 60%"><p style="margin-bottom: 0px">Resource Observation &quot;df1a8537-56a2-4aec-aa6c-f6f537e874e7&quot; </p><p style="margin-bottom: 0px">Profile: <a href="StructureDefinition-CdrSemanasECO.html">Edad Gestacional en Semanas</a></p></div><p><b>status</b>: final</p><p><b>category</b>: Vital Signs <span style="background: LightGoldenRodYellow; margin: 4px; border: 1px solid khaki"> (<a href="http://terminology.hl7.org/5.0.0/CodeSystem-observation-category.html">Observation Category Codes</a>#vital-signs)</span></p><p><b>code</b>: SEMANAS ECO <span style="background: LightGoldenRodYellow; margin: 4px; border: 1px solid khaki"> (<a href="https://loinc.org/">LOINC</a>#49051-6 &quot;Gestational age in weeks&quot;)</span></p><p><b>subject</b>: <a href="#Patient_56851b4b-9867-4b72-9a2c-3a1c8c1cbddf">See above (Patient/56851b4b-9867-4b72-9a2c-3a1c8c1cbddf)</a></p><p><b>effective</b>: 2022-07-07 12:00:00-0400</p><p><b>value</b>: 29.3 wk<span style="background: LightGoldenRodYellow"> (Details: UCUM code wk = 'wk')</span></p></div>
        </text>
        <status value="final"/>
        <category>
          <coding>
            <system value="http://terminology.hl7.org/CodeSystem/observation-category"/>
            <code value="vital-signs"/>
          </coding>
        </category>
        <code>
          <coding>
            <system value="http://loinc.org"/>
            <code value="49051-6"/>
            <display value="Gestational age in weeks"/>
          </coding>
          <text value="SEMANAS ECO"/>
        </code>
        <subject>
          <reference value="Patient/56851b4b-9867-4b72-9a2c-3a1c8c1cbddf"/>
        </subject>
        <effectiveDateTime value="2022-07-07T12:00:00-04:00"/>
        <valueQuantity>
          <value value="29.3"/>
          <unit value="wk"/>
          <system value="http://unitsofmeasure.org"/>
          <code value="wk"/>
        </valueQuantity>
      </Observation>
    </resource>
  </entry>
  <entry>
    <fullUrl value="Observation/432b12d6-5a42-47ca-8024-495309843029"/>
    <resource>
      <Observation>
        <id value="432b12d6-5a42-47ca-8024-495309843029"/>
        <meta>
          <profile value="https://www.ssasur.cl/fhir/ig/ASV/StructureDefinition/CdrAlturaUterina"/>
        </meta>
        <text>
          <status value="generated"/><div xmlns="http://www.w3.org/1999/xhtml"><p><b>Generated Narrative: Observation</b><a name="432b12d6-5a42-47ca-8024-495309843029"> </a></p><div style="display: inline-block; background-color: #d9e0e7; padding: 6px; margin: 4px; border: 1px solid #8da1b4; border-radius: 5px; line-height: 60%"><p style="margin-bottom: 0px">Resource Observation &quot;432b12d6-5a42-47ca-8024-495309843029&quot; </p><p style="margin-bottom: 0px">Profile: <a href="StructureDefinition-CdrAlturaUterina.html">Altura Uterina</a></p></div><p><b>status</b>: final</p><p><b>category</b>: Vital Signs <span style="background: LightGoldenRodYellow; margin: 4px; border: 1px solid khaki"> (<a href="http://terminology.hl7.org/5.0.0/CodeSystem-observation-category.html">Observation Category Codes</a>#vital-signs)</span></p><p><b>code</b>: ALTURA UTERINA <span style="background: LightGoldenRodYellow; margin: 4px; border: 1px solid khaki"> (<a href="https://loinc.org/">LOINC</a>#11881-0 &quot;Uterus Fundal height Tape measure&quot;)</span></p><p><b>subject</b>: <a href="#Patient_56851b4b-9867-4b72-9a2c-3a1c8c1cbddf">See above (Patient/56851b4b-9867-4b72-9a2c-3a1c8c1cbddf)</a></p><p><b>effective</b>: 2022-07-07 12:00:00-0400</p><p><b>value</b>: 31 CMS<span style="background: LightGoldenRodYellow"> (Details: UCUM code cm = 'cm')</span></p></div>
        </text>
        <status value="final"/>
        <category>
          <coding>
            <system value="http://terminology.hl7.org/CodeSystem/observation-category"/>
            <code value="vital-signs"/>
          </coding>
        </category>
        <code>
          <coding>
            <system value="http://loinc.org"/>
            <code value="11881-0"/>
            <display value="Uterus Fundal height Tape measure"/>
          </coding>
          <text value="ALTURA UTERINA"/>
        </code>
        <subject>
          <reference value="Patient/56851b4b-9867-4b72-9a2c-3a1c8c1cbddf"/>
        </subject>
        <effectiveDateTime value="2022-07-07T12:00:00-04:00"/>
        <valueQuantity>
          <value value="31"/>
          <unit value="CMS"/>
          <system value="http://unitsofmeasure.org"/>
          <code value="cm"/>
        </valueQuantity>
      </Observation>
    </resource>
  </entry>
  <entry>
    <fullUrl value="Observation/4bb12bcf-44f1-4af0-9deb-5688de0f0230"/>
    <resource>
      <Observation>
        <id value="4bb12bcf-44f1-4af0-9deb-5688de0f0230"/>
        <meta>
          <profile value="https://www.ssasur.cl/fhir/ig/ASV/StructureDefinition/CdrRitmoCardiacoFetal"/>
        </meta>
        <text>
          <status value="generated"/><div xmlns="http://www.w3.org/1999/xhtml"><p><b>Generated Narrative: Observation</b><a name="4bb12bcf-44f1-4af0-9deb-5688de0f0230"> </a></p><div style="display: inline-block; background-color: #d9e0e7; padding: 6px; margin: 4px; border: 1px solid #8da1b4; border-radius: 5px; line-height: 60%"><p style="margin-bottom: 0px">Resource Observation &quot;4bb12bcf-44f1-4af0-9deb-5688de0f0230&quot; </p><p style="margin-bottom: 0px">Profile: <a href="StructureDefinition-CdrRitmoCardiacoFetal.html">Ritmo Cardíaco Fetal</a></p></div><p><b>status</b>: final</p><p><b>category</b>: Vital Signs <span style="background: LightGoldenRodYellow; margin: 4px; border: 1px solid khaki"> (<a href="http://terminology.hl7.org/5.0.0/CodeSystem-observation-category.html">Observation Category Codes</a>#vital-signs)</span></p><p><b>code</b>: LATIDOS CARDIO - FETALES <span style="background: LightGoldenRodYellow; margin: 4px; border: 1px solid khaki"> (<a href="https://loinc.org/">LOINC</a>#55283-6 &quot;Fetal Heart rate&quot;)</span></p><p><b>subject</b>: <a href="#Patient_56851b4b-9867-4b72-9a2c-3a1c8c1cbddf">See above (Patient/56851b4b-9867-4b72-9a2c-3a1c8c1cbddf)</a></p><p><b>effective</b>: 2022-07-07 12:00:00-0400</p><p><b>value</b>: 155 pp/min<span style="background: LightGoldenRodYellow"> (Details: UCUM code /min = '/min')</span></p></div>
        </text>
        <status value="final"/>
        <category>
          <coding>
            <system value="http://terminology.hl7.org/CodeSystem/observation-category"/>
            <code value="vital-signs"/>
          </coding>
        </category>
        <code>
          <coding>
            <system value="http://loinc.org"/>
            <code value="55283-6"/>
            <display value="Fetal Heart rate"/>
          </coding>
          <text value="LATIDOS CARDIO - FETALES"/>
        </code>
        <subject>
          <reference value="Patient/56851b4b-9867-4b72-9a2c-3a1c8c1cbddf"/>
        </subject>
        <effectiveDateTime value="2022-07-07T12:00:00-04:00"/>
        <valueQuantity>
          <value value="155"/>
          <unit value="pp/min"/>
          <system value="http://unitsofmeasure.org"/>
          <code value="/min"/>
        </valueQuantity>
      </Observation>
    </resource>
  </entry>
  <entry>
    <fullUrl value="Observation/0549e5ba-54da-4dc8-8217-73f4ab458787"/>
    <resource>
      <Observation>
        <id value="0549e5ba-54da-4dc8-8217-73f4ab458787"/>
        <meta>
          <profile value="https://www.ssasur.cl/fhir/ig/ASV/StructureDefinition/CdrMovimientoFetal"/>
        </meta>
        <text>
          <status value="generated"/><div xmlns="http://www.w3.org/1999/xhtml"><p><b>Generated Narrative: Observation</b><a name="0549e5ba-54da-4dc8-8217-73f4ab458787"> </a></p><div style="display: inline-block; background-color: #d9e0e7; padding: 6px; margin: 4px; border: 1px solid #8da1b4; border-radius: 5px; line-height: 60%"><p style="margin-bottom: 0px">Resource Observation &quot;0549e5ba-54da-4dc8-8217-73f4ab458787&quot; </p><p style="margin-bottom: 0px">Profile: <a href="StructureDefinition-CdrMovimientoFetal.html">Movimiento Fetal</a></p></div><p><b>status</b>: final</p><p><b>category</b>: Vital Signs <span style="background: LightGoldenRodYellow; margin: 4px; border: 1px solid khaki"> (<a href="http://terminology.hl7.org/5.0.0/CodeSystem-observation-category.html">Observation Category Codes</a>#vital-signs)</span></p><p><b>code</b>: MF <span style="background: LightGoldenRodYellow; margin: 4px; border: 1px solid khaki"> (<a href="https://loinc.org/">LOINC</a>#57088-7 &quot;Fetal Movement - Reported&quot;)</span></p><p><b>subject</b>: <a href="#Patient_56851b4b-9867-4b72-9a2c-3a1c8c1cbddf">See above (Patient/56851b4b-9867-4b72-9a2c-3a1c8c1cbddf)</a></p><p><b>effective</b>: 2022-07-07 12:00:00-0400</p><p><b>value</b>: + <span style="background: LightGoldenRodYellow; margin: 4px; border: 1px solid khaki"> (<a href="CodeSystem-EscalaMovimientoFetalCS.html">Resultados de un Movimiento Fetal</a>#+)</span></p></div>
        </text>
        <status value="final"/>
        <category>
          <coding>
            <system value="http://terminology.hl7.org/CodeSystem/observation-category"/>
            <code value="vital-signs"/>
          </coding>
        </category>
        <code>
          <coding>
            <system value="http://loinc.org"/>
            <code value="57088-7"/>
            <display value="Fetal Movement - Reported"/>
          </coding>
          <text value="MF"/>
        </code>
        <subject>
          <reference value="Patient/56851b4b-9867-4b72-9a2c-3a1c8c1cbddf"/>
        </subject>
        <effectiveDateTime value="2022-07-07T12:00:00-04:00"/>
        <valueCodeableConcept>
          <coding>
            <system value="https://www.ssasur.cl/fhir/ig/ASV/CodeSystem/EscalaMovimientoFetalCS"/>
            <code value="+"/>
          </coding>
        </valueCodeableConcept>
      </Observation>
    </resource>
  </entry>
  <signature>
    <type>
      <system value="urn:iso-astm:E1762-95:2013"/>
      <code value="1.2.840.10065.1.12.1.5"/>
      <display value="Verification Signature"/>
    </type>
    <when value="2022-11-23T14:31:22.903+00:00"/>
    <who>
      <reference value="Practitioner/03e6e7e2-7b2f-40c9-bf4d-6e222a71ee50"/>
      <display value="MARIA MAGDALENA JUNGJOHANN (OFFICIAL)"/>
    </who>
    <sigFormat value="application/jose"/>
    <data value="QmVhcmVyIEJxdGdUb25BN0VSTmVlcFc3ZDgyNXJqeXZCUkpnNk5R"/>
  </signature>
</Bundle>