<?xml version="1.0" encoding="UTF-8"?>

<CodeSystem xmlns="http://hl7.org/fhir">
  <id value="AseguradoraCS"/>
  <text>
    <status value="generated"/><div xmlns="http://www.w3.org/1999/xhtml"><p>This code system <code>https://www.ssasur.cl/fhir/ig/ASV/CodeSystem/AseguradoraCS</code> defines the following codes:</p><table class="codes"><tr><td style="white-space:nowrap"><b>Code</b></td><td><b>Display</b></td></tr><tr><td style="white-space:nowrap">01<a name="AseguradoraCS-01"> </a></td><td>SIN PREVISION(PARTICULAR)</td></tr><tr><td style="white-space:nowrap">06<a name="AseguradoraCS-06"> </a></td><td>DIPRECA (CARABINEROS)</td></tr><tr><td style="white-space:nowrap">07<a name="AseguradoraCS-07"> </a></td><td>CAPREDENA(FF.AA.)</td></tr><tr><td style="white-space:nowrap">08<a name="AseguradoraCS-08"> </a></td><td>BANMEDICA S.A.</td></tr><tr><td style="white-space:nowrap">09<a name="AseguradoraCS-09"> </a></td><td>CHUQUICAMATA LTDA.</td></tr><tr><td style="white-space:nowrap">10<a name="AseguradoraCS-10"> </a></td><td>COLMENA GOLDEN CROSS S.A.</td></tr><tr><td style="white-space:nowrap">11<a name="AseguradoraCS-11"> </a></td><td>CONSALUD S.A.</td></tr><tr><td style="white-space:nowrap">12<a name="AseguradoraCS-12"> </a></td><td>CRUZ BLANCA S.A.</td></tr><tr><td style="white-space:nowrap">13<a name="AseguradoraCS-13"> </a></td><td>CRUZ DEL NORTE LTDA.</td></tr><tr><td style="white-space:nowrap">15<a name="AseguradoraCS-15"> </a></td><td>FUNDACION LTDA.</td></tr><tr><td style="white-space:nowrap">16<a name="AseguradoraCS-16"> </a></td><td>FUSAT LTDA.</td></tr><tr><td style="white-space:nowrap">17<a name="AseguradoraCS-17"> </a></td><td>MASVIDA S.A.</td></tr><tr><td style="white-space:nowrap">18<a name="AseguradoraCS-18"> </a></td><td>RIO BLANCO LTDA.</td></tr><tr><td style="white-space:nowrap">19<a name="AseguradoraCS-19"> </a></td><td>SAN LORENZO LTDA.</td></tr><tr><td style="white-space:nowrap">20<a name="AseguradoraCS-20"> </a></td><td>VIDA TRES S.A.</td></tr></table></div>
  </text>
  <url value="https://www.ssasur.cl/fhir/ig/ASV/CodeSystem/AseguradoraCS"/>
  <version value="0.5.3"/>
  <name value="AseguradoraCS"/>
  <title value="Aseguradora Particular del Paciente"/>
  <status value="active"/>
  <experimental value="true"/>
  <date value="2022-12-01T14:22:43-03:00"/>
  <publisher value="Servicio de Salud Araucania Sur"/>
  <contact>
    <name value="Servicio de Salud Araucania Sur"/>
    <telecom>
      <system value="url"/>
      <value value="https://www.araucaniasur.cl/"/>
    </telecom>
  </contact>
  <contact>
    <name value="Franco Ulloa"/>
    <telecom>
      <system value="email"/>
      <value value="franco.ulloam@redsalud.gob.cl"/>
      <use value="work"/>
    </telecom>
  </contact>
  <description value="Aseguradora particular utiliza el paciente"/>
  <jurisdiction>
    <coding>
      <system value="urn:iso:std:iso:3166"/>
      <code value="CL"/>
      <display value="Chile"/>
    </coding>
  </jurisdiction>
  <caseSensitive value="true"/>
  <content value="complete"/>
  <count value="15"/>
  <concept>
    <code value="01"/>
    <display value="SIN PREVISION(PARTICULAR)"/>
  </concept>
  <concept>
    <code value="06"/>
    <display value="DIPRECA (CARABINEROS)"/>
  </concept>
  <concept>
    <code value="07"/>
    <display value="CAPREDENA(FF.AA.)"/>
  </concept>
  <concept>
    <code value="08"/>
    <display value="BANMEDICA S.A."/>
  </concept>
  <concept>
    <code value="09"/>
    <display value="CHUQUICAMATA LTDA."/>
  </concept>
  <concept>
    <code value="10"/>
    <display value="COLMENA GOLDEN CROSS S.A."/>
  </concept>
  <concept>
    <code value="11"/>
    <display value="CONSALUD S.A."/>
  </concept>
  <concept>
    <code value="12"/>
    <display value="CRUZ BLANCA S.A."/>
  </concept>
  <concept>
    <code value="13"/>
    <display value="CRUZ DEL NORTE LTDA."/>
  </concept>
  <concept>
    <code value="15"/>
    <display value="FUNDACION LTDA."/>
  </concept>
  <concept>
    <code value="16"/>
    <display value="FUSAT LTDA."/>
  </concept>
  <concept>
    <code value="17"/>
    <display value="MASVIDA S.A."/>
  </concept>
  <concept>
    <code value="18"/>
    <display value="RIO BLANCO LTDA."/>
  </concept>
  <concept>
    <code value="19"/>
    <display value="SAN LORENZO LTDA."/>
  </concept>
  <concept>
    <code value="20"/>
    <display value="VIDA TRES S.A."/>
  </concept>
</CodeSystem>