<?xml version="1.0" encoding="UTF-8"?>

<CodeSystem xmlns="http://hl7.org/fhir">
  <id value="Nivel-InstruccionCS"/>
  <text>
    <status value="generated"/><div xmlns="http://www.w3.org/1999/xhtml"><p>This code system <code>https://www.ssasur.cl/fhir/ig/ASV/CodeSystem/Nivel-InstruccionCS</code> defines the following codes:</p><table class="codes"><tr><td style="white-space:nowrap"><b>Code</b></td><td><b>Display</b></td></tr><tr><td style="white-space:nowrap">01<a name="Nivel-InstruccionCS-01"> </a></td><td>PREBÁSICA</td></tr><tr><td style="white-space:nowrap">02<a name="Nivel-InstruccionCS-02"> </a></td><td>BÁSICA</td></tr><tr><td style="white-space:nowrap">03<a name="Nivel-InstruccionCS-03"> </a></td><td>MEDIA</td></tr><tr><td style="white-space:nowrap">04<a name="Nivel-InstruccionCS-04"> </a></td><td>TÉCNICO DE NIVEL SUPERIOR</td></tr><tr><td style="white-space:nowrap">05<a name="Nivel-InstruccionCS-05"> </a></td><td>PROFESIONAL UNIVERSITARIO</td></tr><tr><td style="white-space:nowrap">06<a name="Nivel-InstruccionCS-06"> </a></td><td>SIN INSTRUCCIÓN</td></tr><tr><td style="white-space:nowrap">97<a name="Nivel-InstruccionCS-97"> </a></td><td>NO RECUERDA</td></tr><tr><td style="white-space:nowrap">98<a name="Nivel-InstruccionCS-98"> </a></td><td>NO RESPONDE</td></tr></table></div>
  </text>
  <url value="https://www.ssasur.cl/fhir/ig/ASV/CodeSystem/Nivel-InstruccionCS"/>
  <version value="0.5.3"/>
  <name value="NivelInstruccionCS"/>
  <title value="Nivel de Instrucción"/>
  <status value="active"/>
  <experimental value="true"/>
  <date value="2022-12-01T14:22:43-03:00"/>
  <publisher value="Servicio de Salud Araucania Sur"/>
  <contact>
    <name value="Servicio de Salud Araucania Sur"/>
    <telecom>
      <system value="url"/>
      <value value="https://www.araucaniasur.cl/"/>
    </telecom>
  </contact>
  <contact>
    <name value="Franco Ulloa"/>
    <telecom>
      <system value="email"/>
      <value value="franco.ulloam@redsalud.gob.cl"/>
      <use value="work"/>
    </telecom>
  </contact>
  <description value="Codificación del nivel de instrucción del paciente"/>
  <jurisdiction>
    <coding>
      <system value="urn:iso:std:iso:3166"/>
      <code value="CL"/>
      <display value="Chile"/>
    </coding>
  </jurisdiction>
  <caseSensitive value="true"/>
  <content value="complete"/>
  <count value="8"/>
  <concept>
    <code value="01"/>
    <display value="PREBÁSICA"/>
  </concept>
  <concept>
    <code value="02"/>
    <display value="BÁSICA"/>
  </concept>
  <concept>
    <code value="03"/>
    <display value="MEDIA"/>
  </concept>
  <concept>
    <code value="04"/>
    <display value="TÉCNICO DE NIVEL SUPERIOR"/>
  </concept>
  <concept>
    <code value="05"/>
    <display value="PROFESIONAL UNIVERSITARIO"/>
  </concept>
  <concept>
    <code value="06"/>
    <display value="SIN INSTRUCCIÓN"/>
  </concept>
  <concept>
    <code value="97"/>
    <display value="NO RECUERDA"/>
  </concept>
  <concept>
    <code value="98"/>
    <display value="NO RESPONDE"/>
  </concept>
</CodeSystem>