<?xml version="1.0" encoding="UTF-8"?>

<Observation xmlns="http://hl7.org/fhir">
  <id value="IMCExample"/>
  <meta>
    <profile value="https://www.ssasur.cl/fhir/ig/ASV/StructureDefinition/CdrIMC"/>
  </meta>
  <text>
    <status value="generated"/><div xmlns="http://www.w3.org/1999/xhtml"><p><b>Generated Narrative: Observation</b><a name="IMCExample"> </a></p><div style="display: inline-block; background-color: #d9e0e7; padding: 6px; margin: 4px; border: 1px solid #8da1b4; border-radius: 5px; line-height: 60%"><p style="margin-bottom: 0px">Resource Observation &quot;IMCExample&quot; </p><p style="margin-bottom: 0px">Profile: <a href="StructureDefinition-CdrIMC.html">Indice de Masa Corporal</a></p></div><p><b>status</b>: final</p><p><b>category</b>: Vital Signs <span style="background: LightGoldenRodYellow; margin: 4px; border: 1px solid khaki"> (<a href="http://terminology.hl7.org/5.0.0/CodeSystem-observation-category.html">Observation Category Codes</a>#vital-signs)</span></p><p><b>code</b>: INDICE DE MASA CORPORAL <span style="background: LightGoldenRodYellow; margin: 4px; border: 1px solid khaki"> (<a href="https://loinc.org/">LOINC</a>#39156-5 &quot;Body mass index (BMI) [Ratio]&quot;)</span></p><p><b>subject</b>: <a href="Bundle-ExampleTransaction.html#urn-uuid-56851b4b-9867-4b72-9a2c-3a1c8c1cbddf">urn:uuid:56851b4b-9867-4b72-9a2c-3a1c8c1cbddf</a></p><p><b>effective</b>: 2022-07-07 12:00:00-0400</p><p><b>value</b>: 24.6 kg/m2<span style="background: LightGoldenRodYellow"> (Details: UCUM code kg/m2 = 'kg/m2')</span></p></div>
  </text>
  <status value="final"/>
  <category>
    <coding>
      <system value="http://terminology.hl7.org/CodeSystem/observation-category"/>
      <code value="vital-signs"/>
    </coding>
  </category>
  <code>
    <coding>
      <system value="http://loinc.org"/>
      <code value="39156-5"/>
      <display value="Body mass index (BMI) [Ratio]"/>
    </coding>
    <text value="INDICE DE MASA CORPORAL"/>
  </code>
  <subject>
    <reference value="urn:uuid:56851b4b-9867-4b72-9a2c-3a1c8c1cbddf"/>
  </subject>
  <effectiveDateTime value="2022-07-07T12:00:00-04:00"/>
  <valueQuantity>
    <value value="24.6"/>
    <unit value="kg/m2"/>
    <system value="http://unitsofmeasure.org"/>
    <code value="kg/m2"/>
  </valueQuantity>
</Observation>