<?xml version="1.0" encoding="UTF-8"?>

<Observation xmlns="http://hl7.org/fhir">
  <id value="SignosVitalesExample"/>
  <meta>
    <profile value="https://www.ssasur.cl/fhir/ig/ASV/StructureDefinition/CdrSignosVitales"/>
  </meta>
  <text>
    <status value="generated"/><div xmlns="http://www.w3.org/1999/xhtml"><p><b>Generated Narrative: Observation</b><a name="SignosVitalesExample"> </a></p><div style="display: inline-block; background-color: #d9e0e7; padding: 6px; margin: 4px; border: 1px solid #8da1b4; border-radius: 5px; line-height: 60%"><p style="margin-bottom: 0px">Resource Observation &quot;SignosVitalesExample&quot; </p><p style="margin-bottom: 0px">Profile: <a href="StructureDefinition-CdrSignosVitales.html">Signos Vitales de Salud Araucanía Sur</a></p></div><p><b>status</b>: final</p><p><b>category</b>: Vital Signs <span style="background: LightGoldenRodYellow; margin: 4px; border: 1px solid khaki"> (<a href="http://terminology.hl7.org/5.0.0/CodeSystem-observation-category.html">Observation Category Codes</a>#vital-signs)</span></p><p><b>code</b>: TALLA <span style="background: LightGoldenRodYellow; margin: 4px; border: 1px solid khaki"> (<a href="https://loinc.org/">LOINC</a>#8304-8 &quot;Body height special circumstances&quot;)</span></p><p><b>subject</b>: <a href="Bundle-ExampleTransaction.html#urn-uuid-56851b4b-9867-4b72-9a2c-3a1c8c1cbddf">urn:uuid:56851b4b-9867-4b72-9a2c-3a1c8c1cbddf</a></p><p><b>effective</b>: 2022-07-07 12:00:00-0400</p><p><b>dataAbsentReason</b>: Error <span style="background: LightGoldenRodYellow; margin: 4px; border: 1px solid khaki"> (<a href="http://terminology.hl7.org/5.0.0/CodeSystem-data-absent-reason.html">DataAbsentReason</a>#error)</span></p><p><b>derivedFrom</b>: <a href="Observation-TallaExample.html">Observation/TallaExample</a></p></div>
  </text>
  <status value="final"/>
  <category>
    <coding>
      <system value="http://terminology.hl7.org/CodeSystem/observation-category"/>
      <code value="vital-signs"/>
    </coding>
  </category>
  <code>
    <coding>
      <system value="http://loinc.org"/>
      <code value="8304-8"/>
      <display value="Body height special circumstances"/>
    </coding>
    <text value="TALLA"/>
  </code>
  <subject>
    <reference value="urn:uuid:56851b4b-9867-4b72-9a2c-3a1c8c1cbddf"/>
  </subject>
  <effectiveDateTime value="2022-07-07T12:00:00-04:00"/>
  <dataAbsentReason>
    <coding>
      <system value="http://terminology.hl7.org/CodeSystem/data-absent-reason"/>
      <code value="error"/>
    </coding>
  </dataAbsentReason>
  <derivedFrom>
    <reference value="Observation/TallaExample"/>
  </derivedFrom>
</Observation>