<?xml version="1.0" encoding="UTF-8"?>

<Observation xmlns="http://hl7.org/fhir">
  <id value="SemanasFURExample"/>
  <meta>
    <profile value="https://www.ssasur.cl/fhir/ig/ASV/StructureDefinition/CdrSemanasFUR"/>
  </meta>
  <text>
    <status value="generated"/><div xmlns="http://www.w3.org/1999/xhtml"><p><b>Generated Narrative: Observation</b><a name="SemanasFURExample"> </a></p><div style="display: inline-block; background-color: #d9e0e7; padding: 6px; margin: 4px; border: 1px solid #8da1b4; border-radius: 5px; line-height: 60%"><p style="margin-bottom: 0px">Resource Observation &quot;SemanasFURExample&quot; </p><p style="margin-bottom: 0px">Profile: <a href="StructureDefinition-CdrSemanasFUR.html">Estimado del Último Período</a></p></div><p><b>status</b>: final</p><p><b>category</b>: Vital Signs <span style="background: LightGoldenRodYellow; margin: 4px; border: 1px solid khaki"> (<a href="http://terminology.hl7.org/5.0.0/CodeSystem-observation-category.html">Observation Category Codes</a>#vital-signs)</span></p><p><b>code</b>: SEMANAS FUR <span style="background: LightGoldenRodYellow; margin: 4px; border: 1px solid khaki"> (<a href="https://loinc.org/">LOINC</a>#11779-6 &quot;Delivery date Estimated from last menstrual period&quot;)</span></p><p><b>subject</b>: <a href="Bundle-ExampleTransaction.html#urn-uuid-56851b4b-9867-4b72-9a2c-3a1c8c1cbddf">urn:uuid:56851b4b-9867-4b72-9a2c-3a1c8c1cbddf</a></p><p><b>effective</b>: 2022-07-07 12:00:00-0400</p><p><b>value</b>: 33 wk<span style="background: LightGoldenRodYellow"> (Details: UCUM code wk = 'wk')</span></p></div>
  </text>
  <status value="final"/>
  <category>
    <coding>
      <system value="http://terminology.hl7.org/CodeSystem/observation-category"/>
      <code value="vital-signs"/>
    </coding>
  </category>
  <code>
    <coding>
      <system value="http://loinc.org"/>
      <code value="11779-6"/>
      <display value="Delivery date Estimated from last menstrual period"/>
    </coding>
    <text value="SEMANAS FUR"/>
  </code>
  <subject>
    <reference value="urn:uuid:56851b4b-9867-4b72-9a2c-3a1c8c1cbddf"/>
  </subject>
  <effectiveDateTime value="2022-07-07T12:00:00-04:00"/>
  <valueQuantity>
    <value value="33"/>
    <unit value="wk"/>
    <system value="http://unitsofmeasure.org"/>
    <code value="wk"/>
  </valueQuantity>
</Observation>