<?xml version="1.0" encoding="UTF-8"?>

<ValueSet xmlns="http://hl7.org/fhir">
  <id value="ResultadosSiNo"/>
  <text>
    <status value="generated"/><div xmlns="http://www.w3.org/1999/xhtml"><ul><li>Include these codes as defined in <a href="http://www.snomed.org/"><code>http://snomed.info/sct</code></a><table class="none"><tr><td style="white-space:nowrap"><b>Code</b></td><td><b>Display</b></td></tr><tr><td><a href="http://snomed.info/id/373066001">373066001</a></td><td>Si</td></tr><tr><td><a href="http://snomed.info/id/373067005">373067005</a></td><td>No</td></tr></table></li></ul></div>
  </text>
  <url value="https://www.ssasur.cl/fhir/ig/ASV/ValueSet/ResultadosSiNo"/>
  <version value="0.5.3"/>
  <name value="ResultadosSiNo"/>
  <title value="Resultados Si y No"/>
  <status value="active"/>
  <experimental value="true"/>
  <date value="2022-12-01T14:22:43-03:00"/>
  <publisher value="Servicio de Salud Araucania Sur"/>
  <contact>
    <name value="Servicio de Salud Araucania Sur"/>
    <telecom>
      <system value="url"/>
      <value value="https://www.araucaniasur.cl/"/>
    </telecom>
  </contact>
  <contact>
    <name value="Franco Ulloa"/>
    <telecom>
      <system value="email"/>
      <value value="franco.ulloam@redsalud.gob.cl"/>
      <use value="work"/>
    </telecom>
  </contact>
  <description value="Resultado para respuestas afirmativas o negativas"/>
  <jurisdiction>
    <coding>
      <system value="urn:iso:std:iso:3166"/>
      <code value="CL"/>
      <display value="Chile"/>
    </coding>
  </jurisdiction>
  <copyright value="This value set includes content from SNOMED CT, which is copyright © 2002+ International Health Terminology Standards Development Organisation (IHTSDO), and distributed by agreement between IHTSDO and HL7. Implementer use of SNOMED CT is not covered by this agreement"/>
  <compose>
    <include>
      <system value="http://snomed.info/sct"/>
      <concept>
        <code value="373066001"/>
        <display value="Si"/>
      </concept>
      <concept>
        <code value="373067005"/>
        <display value="No"/>
      </concept>
    </include>
  </compose>
</ValueSet>