<?xml version="1.0" encoding="UTF-8"?>

<ValueSet xmlns="http://hl7.org/fhir">
  <id value="EscalaNutricionales"/>
  <text>
    <status value="generated"/><div xmlns="http://www.w3.org/1999/xhtml"><p>This value set includes codes based on the following rules:</p><ul><li>Include all codes defined in <a href="CodeSystem-EscalaNutricionalEstandar.html"><code>https://www.ssasur.cl/fhir/ig/ASV/CodeSystem/EscalaNutricionalEstandar</code></a></li><li>Include all codes defined in <a href="CodeSystem-EscalaNutricionalPediatrica.html"><code>https://www.ssasur.cl/fhir/ig/ASV/CodeSystem/EscalaNutricionalPediatrica</code></a></li><li>Include all codes defined in <a href="CodeSystem-EscalaNutricionalAdulto.html"><code>https://www.ssasur.cl/fhir/ig/ASV/CodeSystem/EscalaNutricionalAdulto</code></a></li></ul></div>
  </text>
  <url value="https://www.ssasur.cl/fhir/ig/ASV/ValueSet/EscalaNutricionales"/>
  <version value="0.5.3"/>
  <name value="EscalasNutricionales"/>
  <title value="Escalas Nutricionales"/>
  <status value="active"/>
  <experimental value="true"/>
  <date value="2022-12-01T14:22:43-03:00"/>
  <publisher value="Servicio de Salud Araucania Sur"/>
  <contact>
    <name value="Servicio de Salud Araucania Sur"/>
    <telecom>
      <system value="url"/>
      <value value="https://www.araucaniasur.cl/"/>
    </telecom>
  </contact>
  <contact>
    <name value="Franco Ulloa"/>
    <telecom>
      <system value="email"/>
      <value value="franco.ulloam@redsalud.gob.cl"/>
      <use value="work"/>
    </telecom>
  </contact>
  <description value="Las distintas escalas nutricionales utilizadas dentro de los sistemas del servicio de salud"/>
  <jurisdiction>
    <coding>
      <system value="urn:iso:std:iso:3166"/>
      <code value="CL"/>
      <display value="Chile"/>
    </coding>
  </jurisdiction>
  <compose>
    <include>
      <system value="https://www.ssasur.cl/fhir/ig/ASV/CodeSystem/EscalaNutricionalEstandar"/>
    </include>
    <include>
      <system value="https://www.ssasur.cl/fhir/ig/ASV/CodeSystem/EscalaNutricionalPediatrica"/>
    </include>
    <include>
      <system value="https://www.ssasur.cl/fhir/ig/ASV/CodeSystem/EscalaNutricionalAdulto"/>
    </include>
  </compose>
</ValueSet>