<?xml version="1.0" encoding="UTF-8"?>

<Bundle xmlns="http://hl7.org/fhir">
  <id value="ExampleRecuperacionBase"/>
  <meta>
    <profile value="https://www.ssasur.cl/fhir/ig/ASV/StructureDefinition/CdrTransactionRecuperacion"/>
  </meta>
  <identifier>
    <value value="6fc2e782-fd56-415e-bc85-f1231231sd"/>
  </identifier>
  <type value="transaction"/>
  <timestamp value="2022-07-07T11:40:00-04:00"/>
  <entry>
    <request>
      <method value="GET"/>
      <url value="Patient?identifier=19142323-5"/>
    </request>
  </entry>
  <entry>
    <request>
      <method value="GET"/>
      <url value="Practitioner?identifier=19797094-4"/>
    </request>
  </entry>
  <entry>
    <request>
      <method value="GET"/>
      <url value="Organization?identifier=124509"/>
    </request>
  </entry>
</Bundle>