[
  {
    "id" : "AseguradoraCS",
    "type" : "CodeSystem",
    "url" : "https://www.ssasur.cl/fhir/ig/ASV/CodeSystem/AseguradoraCS",
    "version" : "0.5.3",
    "name" : "AseguradoraCS"
  },
  {
    "id" : "EscalaConcienciaCS",
    "type" : "CodeSystem",
    "url" : "https://www.ssasur.cl/fhir/ig/ASV/CodeSystem/EscalaConcienciaCS",
    "version" : "0.5.3",
    "name" : "EscalaConcienciaCS"
  },
  {
    "id" : "EscalaMovimientoFetalCS",
    "type" : "CodeSystem",
    "url" : "https://www.ssasur.cl/fhir/ig/ASV/CodeSystem/EscalaMovimientoFetalCS",
    "version" : "0.5.3",
    "name" : "EscalaMovimientoFetalCS"
  },
  {
    "id" : "EscalaNutricionalAdulto",
    "type" : "CodeSystem",
    "url" : "https://www.ssasur.cl/fhir/ig/ASV/CodeSystem/EscalaNutricionalAdulto",
    "version" : "0.5.3",
    "name" : "EscalaNutricionalAdulto"
  },
  {
    "id" : "EscalaNutricionalEstandar",
    "type" : "CodeSystem",
    "url" : "https://www.ssasur.cl/fhir/ig/ASV/CodeSystem/EscalaNutricionalEstandar",
    "version" : "0.5.3",
    "name" : "EscalaNutricionalEstandar"
  },
  {
    "id" : "EscalaNutricionalPediatrica",
    "type" : "CodeSystem",
    "url" : "https://www.ssasur.cl/fhir/ig/ASV/CodeSystem/EscalaNutricionalPediatrica",
    "version" : "0.5.3",
    "name" : "EscalaNutricionalPediatrica"
  },
  {
    "id" : "EstadoCivilCS",
    "type" : "CodeSystem",
    "url" : "https://www.ssasur.cl/fhir/ig/ASV/CodeSystem/EstadoCivilCS",
    "version" : "0.5.3",
    "name" : "EstadoCivilCS"
  },
  {
    "id" : "GenderIdentityCs",
    "type" : "CodeSystem",
    "url" : "https://www.ssasur.cl/fhir/ig/ASV/CodeSystem/GenderIdentityCs",
    "version" : "0.5.3",
    "name" : "GenderIdentityCs"
  },
  {
    "id" : "Nivel-InstruccionCS",
    "type" : "CodeSystem",
    "url" : "https://www.ssasur.cl/fhir/ig/ASV/CodeSystem/Nivel-InstruccionCS",
    "version" : "0.5.3",
    "name" : "NivelInstruccionCS"
  },
  {
    "id" : "Ocupacion-PatientCS",
    "type" : "CodeSystem",
    "url" : "https://www.ssasur.cl/fhir/ig/ASV/CodeSystem/Ocupacion-PatientCS",
    "version" : "0.5.3",
    "name" : "OcupacionCS"
  },
  {
    "id" : "Pueblos-PueblosOriginariosCS",
    "type" : "CodeSystem",
    "url" : "https://www.ssasur.cl/fhir/ig/ASV/CodeSystem/Pueblos-PueblosOriginariosCS",
    "version" : "0.5.3",
    "name" : "PueblosOriginariosCS"
  },
  {
    "id" : "Sistema-Prevision",
    "type" : "CodeSystem",
    "url" : "https://www.ssasur.cl/fhir/ig/ASV/CodeSystem/Sistema-Prevision",
    "version" : "0.5.3",
    "name" : "SistemaDePrevisionCS"
  },
  {
    "id" : "TitulosProfesionalesPrestadoresCS",
    "type" : "CodeSystem",
    "url" : "https://www.ssasur.cl/fhir/ig/ASV/CodeSystem/TitulosProfesionalesPrestadoresCS",
    "version" : "0.5.3",
    "name" : "TitulosProfesionalesPrestadoresCS"
  },
  {
    "id" : "Tramos-FONASA",
    "type" : "CodeSystem",
    "url" : "https://www.ssasur.cl/fhir/ig/ASV/CodeSystem/Tramos-FONASA",
    "version" : "0.5.3",
    "name" : "TramosDeFonasaCS"
  },
  {
    "id" : "hl7.fhir.cl.corecl.ssasur.asv",
    "type" : "ImplementationGuide",
    "url" : "https://www.ssasur.cl/fhir/ig/ASV/ImplementationGuide/hl7.fhir.cl.corecl.ssasur.asv",
    "version" : "0.5.3",
    "name" : "AlmacenamientoSignosVitales"
  },
  {
    "id" : "CdrAlturaEdadInfantil",
    "type" : "StructureDefinition",
    "url" : "https://www.ssasur.cl/fhir/ig/ASV/StructureDefinition/CdrAlturaEdadInfantil",
    "version" : "0.5.3",
    "name" : "CdrAlturaEdadInfantil"
  },
  {
    "id" : "CdrAlturaUterina",
    "type" : "StructureDefinition",
    "url" : "https://www.ssasur.cl/fhir/ig/ASV/StructureDefinition/CdrAlturaUterina",
    "version" : "0.5.3",
    "name" : "CdrAlturaUterina"
  },
  {
    "id" : "CdrCircunferenciaAbdominal",
    "type" : "StructureDefinition",
    "url" : "https://www.ssasur.cl/fhir/ig/ASV/StructureDefinition/CdrCircunferenciaAbdominal",
    "version" : "0.5.3",
    "name" : "CdrCircunferenciaAbdominal"
  },
  {
    "id" : "CdrCircunferenciaCintura",
    "type" : "StructureDefinition",
    "url" : "https://www.ssasur.cl/fhir/ig/ASV/StructureDefinition/CdrCircunferenciaCintura",
    "version" : "0.5.3",
    "name" : "CdrCircunferenciaCintura"
  },
  {
    "id" : "CdrCircunferenciaCraneana",
    "type" : "StructureDefinition",
    "url" : "https://www.ssasur.cl/fhir/ig/ASV/StructureDefinition/CdrCircunferenciaCraneana",
    "version" : "0.5.3",
    "name" : "CdrCircunferenciaCraneana"
  },
  {
    "id" : "CdrComposition",
    "type" : "StructureDefinition",
    "url" : "https://www.ssasur.cl/fhir/ig/ASV/StructureDefinition/CdrComposition",
    "version" : "0.5.3",
    "name" : "CdrComposition"
  },
  {
    "id" : "CdrDocument",
    "type" : "StructureDefinition",
    "url" : "https://www.ssasur.cl/fhir/ig/ASV/StructureDefinition/CdrDocument",
    "version" : "0.5.3",
    "name" : "CdrDocument"
  },
  {
    "id" : "CdrEscalaDolor",
    "type" : "StructureDefinition",
    "url" : "https://www.ssasur.cl/fhir/ig/ASV/StructureDefinition/CdrEscalaDolor",
    "version" : "0.5.3",
    "name" : "CdrEscalaDolor"
  },
  {
    "id" : "CdrEscalaGlasgow",
    "type" : "StructureDefinition",
    "url" : "https://www.ssasur.cl/fhir/ig/ASV/StructureDefinition/CdrEscalaGlasgow",
    "version" : "0.5.3",
    "name" : "CdrEscalaGlasgow"
  },
  {
    "id" : "CdrEstadoConciencia",
    "type" : "StructureDefinition",
    "url" : "https://www.ssasur.cl/fhir/ig/ASV/StructureDefinition/CdrEstadoConciencia",
    "version" : "0.5.3",
    "name" : "CdrEstadoConciencia"
  },
  {
    "id" : "CdrEstadoDistres",
    "type" : "StructureDefinition",
    "url" : "https://www.ssasur.cl/fhir/ig/ASV/StructureDefinition/CdrEstadoDistres",
    "version" : "0.5.3",
    "name" : "CdrEstadoDistres"
  },
  {
    "id" : "CdrEstadoNutricional",
    "type" : "StructureDefinition",
    "url" : "https://www.ssasur.cl/fhir/ig/ASV/StructureDefinition/CdrEstadoNutricional",
    "version" : "0.5.3",
    "name" : "CdrEstadoNutricional"
  },
  {
    "id" : "CdrFrecuenciaCardiaca",
    "type" : "StructureDefinition",
    "url" : "https://www.ssasur.cl/fhir/ig/ASV/StructureDefinition/CdrFrecuenciaCardiaca",
    "version" : "0.5.3",
    "name" : "CdrFrecuenciaCardiaca"
  },
  {
    "id" : "CdrGlicemia",
    "type" : "StructureDefinition",
    "url" : "https://www.ssasur.cl/fhir/ig/ASV/StructureDefinition/CdrGlicemia",
    "version" : "0.5.3",
    "name" : "CdrGlicemia"
  },
  {
    "id" : "CdrIMC",
    "type" : "StructureDefinition",
    "url" : "https://www.ssasur.cl/fhir/ig/ASV/StructureDefinition/CdrIMC",
    "version" : "0.5.3",
    "name" : "CdrIMC"
  },
  {
    "id" : "CdrMovimientoFetal",
    "type" : "StructureDefinition",
    "url" : "https://www.ssasur.cl/fhir/ig/ASV/StructureDefinition/CdrMovimientoFetal",
    "version" : "0.5.3",
    "name" : "CdrMovimientoFetal"
  },
  {
    "id" : "CdrOrganizationHosp",
    "type" : "StructureDefinition",
    "url" : "https://www.ssasur.cl/fhir/ig/ASV/StructureDefinition/CdrOrganizationHosp",
    "version" : "0.5.3",
    "name" : "CdrOrganizationHosp"
  },
  {
    "id" : "CdrPatient",
    "type" : "StructureDefinition",
    "url" : "https://www.ssasur.cl/fhir/ig/ASV/StructureDefinition/CdrPatient",
    "version" : "0.5.3",
    "name" : "CdrPatient"
  },
  {
    "id" : "CdrPeso",
    "type" : "StructureDefinition",
    "url" : "https://www.ssasur.cl/fhir/ig/ASV/StructureDefinition/CdrPeso",
    "version" : "0.5.3",
    "name" : "CdrPeso"
  },
  {
    "id" : "CdrPesoAlturaInfantil",
    "type" : "StructureDefinition",
    "url" : "https://www.ssasur.cl/fhir/ig/ASV/StructureDefinition/CdrPesoAlturaInfantil",
    "version" : "0.5.3",
    "name" : "CdrPesoAlturaInfantil"
  },
  {
    "id" : "CdrPesoEdadInfantil",
    "type" : "StructureDefinition",
    "url" : "https://www.ssasur.cl/fhir/ig/ASV/StructureDefinition/CdrPesoEdadInfantil",
    "version" : "0.5.3",
    "name" : "CdrPesoEdadInfantil"
  },
  {
    "id" : "CdrPractitioner",
    "type" : "StructureDefinition",
    "url" : "https://www.ssasur.cl/fhir/ig/ASV/StructureDefinition/CdrPractitioner",
    "version" : "0.5.3",
    "name" : "CdrPractitioner"
  },
  {
    "id" : "CdrPrensionSanguinea",
    "type" : "StructureDefinition",
    "url" : "https://www.ssasur.cl/fhir/ig/ASV/StructureDefinition/CdrPrensionSanguinea",
    "version" : "0.5.3",
    "name" : "CdrPrensionSanguinea"
  },
  {
    "id" : "CdrProvenance",
    "type" : "StructureDefinition",
    "url" : "https://www.ssasur.cl/fhir/ig/ASV/StructureDefinition/CdrProvenance",
    "version" : "0.5.3",
    "name" : "CdrProvenance"
  },
  {
    "id" : "CdrRespiraciones",
    "type" : "StructureDefinition",
    "url" : "https://www.ssasur.cl/fhir/ig/ASV/StructureDefinition/CdrRespiraciones",
    "version" : "0.5.3",
    "name" : "CdrRespiraciones"
  },
  {
    "id" : "CdrRitmoCardiacoFetal",
    "type" : "StructureDefinition",
    "url" : "https://www.ssasur.cl/fhir/ig/ASV/StructureDefinition/CdrRitmoCardiacoFetal",
    "version" : "0.5.3",
    "name" : "CdrRitmoCardiacoFetal"
  },
  {
    "id" : "CdrSaturacionOxigeno",
    "type" : "StructureDefinition",
    "url" : "https://www.ssasur.cl/fhir/ig/ASV/StructureDefinition/CdrSaturacionOxigeno",
    "version" : "0.5.3",
    "name" : "CdrSaturacionOxigeno"
  },
  {
    "id" : "CdrSemanasECO",
    "type" : "StructureDefinition",
    "url" : "https://www.ssasur.cl/fhir/ig/ASV/StructureDefinition/CdrSemanasECO",
    "version" : "0.5.3",
    "name" : "CdrSemanasECO"
  },
  {
    "id" : "CdrSemanasFUR",
    "type" : "StructureDefinition",
    "url" : "https://www.ssasur.cl/fhir/ig/ASV/StructureDefinition/CdrSemanasFUR",
    "version" : "0.5.3",
    "name" : "CdrSemanasFUR"
  },
  {
    "id" : "CdrSignosVitales",
    "type" : "StructureDefinition",
    "url" : "https://www.ssasur.cl/fhir/ig/ASV/StructureDefinition/CdrSignosVitales",
    "version" : "0.5.3",
    "name" : "CdrSignosVitales"
  },
  {
    "id" : "CdrTalla",
    "type" : "StructureDefinition",
    "url" : "https://www.ssasur.cl/fhir/ig/ASV/StructureDefinition/CdrTalla",
    "version" : "0.5.3",
    "name" : "CdrTalla"
  },
  {
    "id" : "CdrTemperaturaCorporalAxilar",
    "type" : "StructureDefinition",
    "url" : "https://www.ssasur.cl/fhir/ig/ASV/StructureDefinition/CdrTemperaturaCorporalAxilar",
    "version" : "0.5.3",
    "name" : "CdrTemperaturaCorporalAxilar"
  },
  {
    "id" : "CdrTemperaturaCorporalBucal",
    "type" : "StructureDefinition",
    "url" : "https://www.ssasur.cl/fhir/ig/ASV/StructureDefinition/CdrTemperaturaCorporalBucal",
    "version" : "0.5.3",
    "name" : "CdrTemperaturaCorporalBucal"
  },
  {
    "id" : "CdrTemperaturaCorporalRectal",
    "type" : "StructureDefinition",
    "url" : "https://www.ssasur.cl/fhir/ig/ASV/StructureDefinition/CdrTemperaturaCorporalRectal",
    "version" : "0.5.3",
    "name" : "CdrTemperaturaCorporalRectal"
  },
  {
    "id" : "CdrTransactionPublicacion",
    "type" : "StructureDefinition",
    "url" : "https://www.ssasur.cl/fhir/ig/ASV/StructureDefinition/CdrTransactionPublicacion",
    "version" : "0.5.3",
    "name" : "CdrTransactionPublicacion"
  },
  {
    "id" : "CdrTransactionRecuperacion",
    "type" : "StructureDefinition",
    "url" : "https://www.ssasur.cl/fhir/ig/ASV/StructureDefinition/CdrTransactionRecuperacion",
    "version" : "0.5.3",
    "name" : "CdrTransactionRecuperacion"
  },
  {
    "id" : "IdentidadDeGenero",
    "type" : "StructureDefinition",
    "url" : "https://www.ssasur.cl/fhir/ig/ASV/StructureDefinition/IdentidadDeGenero",
    "version" : "0.5.3",
    "name" : "IdentidadDeGenero"
  },
  {
    "id" : "NivelInstruccion",
    "type" : "StructureDefinition",
    "url" : "https://www.ssasur.cl/fhir/ig/ASV/StructureDefinition/NivelInstruccion",
    "version" : "0.5.3",
    "name" : "NivelInstruccion"
  },
  {
    "id" : "Ocupacion",
    "type" : "StructureDefinition",
    "url" : "https://www.ssasur.cl/fhir/ig/ASV/StructureDefinition/Ocupacion",
    "version" : "0.5.3",
    "name" : "Ocupacion"
  },
  {
    "id" : "Prevision",
    "type" : "StructureDefinition",
    "url" : "https://www.ssasur.cl/fhir/ig/ASV/StructureDefinition/Prevision",
    "version" : "0.5.3",
    "name" : "Prevision"
  },
  {
    "id" : "PuebloOriginario",
    "type" : "StructureDefinition",
    "url" : "https://www.ssasur.cl/fhir/ig/ASV/StructureDefinition/PuebloOriginario",
    "version" : "0.5.3",
    "name" : "PuebloOriginario"
  },
  {
    "id" : "EscalaConcienciaVS",
    "type" : "ValueSet",
    "url" : "https://www.ssasur.cl/fhir/ig/ASV/ValueSet/EscalaConcienciaVS",
    "version" : "0.5.3",
    "name" : "EscalaConcienciaVS"
  },
  {
    "id" : "EscalaMovimientoFetalVS",
    "type" : "ValueSet",
    "url" : "https://www.ssasur.cl/fhir/ig/ASV/ValueSet/EscalaMovimientoFetalVS",
    "version" : "0.5.3",
    "name" : "EscalaMovimientoFetalVS"
  },
  {
    "id" : "EscalaNutricionales",
    "type" : "ValueSet",
    "url" : "https://www.ssasur.cl/fhir/ig/ASV/ValueSet/EscalaNutricionales",
    "version" : "0.5.3",
    "name" : "EscalasNutricionales"
  },
  {
    "id" : "EstadoCivilVS",
    "type" : "ValueSet",
    "url" : "https://www.ssasur.cl/fhir/ig/ASV/ValueSet/EstadoCivilVS",
    "version" : "0.5.3",
    "name" : "EstadoCivilVS"
  },
  {
    "id" : "GenderIdentityVS",
    "type" : "ValueSet",
    "url" : "https://www.ssasur.cl/fhir/ig/ASV/ValueSet/GenderIdentityVS",
    "version" : "0.5.3",
    "name" : "GenderIdentityVS"
  },
  {
    "id" : "Nivel-InstruccionVS",
    "type" : "ValueSet",
    "url" : "https://www.ssasur.cl/fhir/ig/ASV/ValueSet/Nivel-InstruccionVS",
    "version" : "0.5.3",
    "name" : "NivelInstruccionVS"
  },
  {
    "id" : "Ocupacion-PatientVS",
    "type" : "ValueSet",
    "url" : "https://www.ssasur.cl/fhir/ig/ASV/ValueSet/Ocupacion-PatientVS",
    "version" : "0.5.3",
    "name" : "OcupacionVS"
  },
  {
    "id" : "Pueblos-PueblosOriginariosVS",
    "type" : "ValueSet",
    "url" : "https://www.ssasur.cl/fhir/ig/ASV/ValueSet/Pueblos-PueblosOriginariosVS",
    "version" : "0.5.3",
    "name" : "PueblosOriginariosVS"
  },
  {
    "id" : "ResultadosSiNo",
    "type" : "ValueSet",
    "url" : "https://www.ssasur.cl/fhir/ig/ASV/ValueSet/ResultadosSiNo",
    "version" : "0.5.3",
    "name" : "ResultadosSiNo"
  },
  {
    "id" : "SignosVitalesSsasur",
    "type" : "ValueSet",
    "url" : "https://www.ssasur.cl/fhir/ig/ASV/ValueSet/SignosVitalesSsasur",
    "version" : "0.5.3",
    "name" : "SignosVitales"
  },
  {
    "id" : "Sistema-PrevisionVS",
    "type" : "ValueSet",
    "url" : "https://www.ssasur.cl/fhir/ig/ASV/ValueSet/Sistema-PrevisionVS",
    "version" : "0.5.3",
    "name" : "SistemaDePrevisionVS"
  },
  {
    "id" : "TitulosProfesionalesPrestadoresVS",
    "type" : "ValueSet",
    "url" : "https://www.ssasur.cl/fhir/ig/ASV/ValueSet/TitulosProfesionalesPrestadoresVS",
    "version" : "0.5.3",
    "name" : "TitulosProfesionalesPrestadoresVS"
  },
  {
    "id" : "Tramos-IsapresVS",
    "type" : "ValueSet",
    "url" : "https://www.ssasur.cl/fhir/ig/ASV/ValueSet/Tramos-IsapresVS",
    "version" : "0.5.3",
    "name" : "TramosOIsapresVS"
  }
]
