<?xml version="1.0" encoding="UTF-8"?>

<CodeSystem xmlns="http://hl7.org/fhir">
  <id value="EscalaConcienciaCS"/>
  <text>
    <status value="generated"/><div xmlns="http://www.w3.org/1999/xhtml"><p>This code system <code>https://www.ssasur.cl/fhir/ig/ASV/CodeSystem/EscalaConcienciaCS</code> defines the following codes:</p><table class="codes"><tr><td style="white-space:nowrap"><b>Code</b></td></tr><tr><td style="white-space:nowrap">Alerta<a name="EscalaConcienciaCS-Alerta"> </a></td></tr><tr><td style="white-space:nowrap">Verbal<a name="EscalaConcienciaCS-Verbal"> </a></td></tr><tr><td style="white-space:nowrap">Doloroso<a name="EscalaConcienciaCS-Doloroso"> </a></td></tr><tr><td style="white-space:nowrap">Inconsciente<a name="EscalaConcienciaCS-Inconsciente"> </a></td></tr></table></div>
  </text>
  <url value="https://www.ssasur.cl/fhir/ig/ASV/CodeSystem/EscalaConcienciaCS"/>
  <version value="0.5.3"/>
  <name value="EscalaConcienciaCS"/>
  <title value="Estado de Cociencia"/>
  <status value="active"/>
  <experimental value="true"/>
  <date value="2022-12-01T14:22:43-03:00"/>
  <publisher value="Servicio de Salud Araucania Sur"/>
  <contact>
    <name value="Servicio de Salud Araucania Sur"/>
    <telecom>
      <system value="url"/>
      <value value="https://www.araucaniasur.cl/"/>
    </telecom>
  </contact>
  <contact>
    <name value="Franco Ulloa"/>
    <telecom>
      <system value="email"/>
      <value value="franco.ulloam@redsalud.gob.cl"/>
      <use value="work"/>
    </telecom>
  </contact>
  <description value="Posiles resultados del estado de conciencia en que se encuentra un paciente."/>
  <jurisdiction>
    <coding>
      <system value="urn:iso:std:iso:3166"/>
      <code value="CL"/>
      <display value="Chile"/>
    </coding>
  </jurisdiction>
  <caseSensitive value="true"/>
  <content value="complete"/>
  <count value="4"/>
  <concept>
    <code value="Alerta"/>
    <display value="Alerta"/>
  </concept>
  <concept>
    <code value="Verbal"/>
    <display value="Verbal"/>
  </concept>
  <concept>
    <code value="Doloroso"/>
    <display value="Doloroso"/>
  </concept>
  <concept>
    <code value="Inconsciente"/>
    <display value="Inconsciente"/>
  </concept>
</CodeSystem>