{
  "resourceType" : "CodeSystem",
  "id" : "GenderIdentityCs",
  "text" : {
    "status" : "generated",
    "div" : "<div xmlns=\"http://www.w3.org/1999/xhtml\"><p>This code system <code>https://www.ssasur.cl/fhir/ig/ASV/CodeSystem/GenderIdentityCs</code> defines the following codes:</p><table class=\"codes\"><tr><td style=\"white-space:nowrap\"><b>Code</b></td><td><b>Display</b></td></tr><tr><td style=\"white-space:nowrap\">01<a name=\"GenderIdentityCs-01\"> </a></td><td>Masculino</td></tr><tr><td style=\"white-space:nowrap\">02<a name=\"GenderIdentityCs-02\"> </a></td><td>Femenino</td></tr><tr><td style=\"white-space:nowrap\">31<a name=\"GenderIdentityCs-31\"> </a></td><td>Trans Masculino</td></tr><tr><td style=\"white-space:nowrap\">32<a name=\"GenderIdentityCs-32\"> </a></td><td>Trans Femenino</td></tr></table></div>"
  },
  "url" : "https://www.ssasur.cl/fhir/ig/ASV/CodeSystem/GenderIdentityCs",
  "version" : "0.5.3",
  "name" : "GenderIdentityCs",
  "title" : "Identidad de Género",
  "status" : "active",
  "experimental" : true,
  "date" : "2022-12-01T14:22:43-03:00",
  "publisher" : "Servicio de Salud Araucania Sur",
  "contact" : [{
    "name" : "Servicio de Salud Araucania Sur",
    "telecom" : [{
      "system" : "url",
      "value" : "https://www.araucaniasur.cl/"
    }]
  },
  {
    "name" : "Franco Ulloa",
    "telecom" : [{
      "system" : "email",
      "value" : "franco.ulloam@redsalud.gob.cl",
      "use" : "work"
    }]
  }],
  "description" : "Genero con el cual se identifica el paciente",
  "jurisdiction" : [{
    "coding" : [{
      "system" : "urn:iso:std:iso:3166",
      "code" : "CL",
      "display" : "Chile"
    }]
  }],
  "caseSensitive" : true,
  "content" : "complete",
  "count" : 4,
  "concept" : [{
    "code" : "01",
    "display" : "Masculino"
  },
  {
    "code" : "02",
    "display" : "Femenino"
  },
  {
    "code" : "31",
    "display" : "Trans Masculino"
  },
  {
    "code" : "32",
    "display" : "Trans Femenino"
  }]
}