{
  "resourceType" : "CodeSystem",
  "id" : "AseguradoraCS",
  "text" : {
    "status" : "generated",
    "div" : "<div xmlns=\"http://www.w3.org/1999/xhtml\"><p>This code system <code>https://www.ssasur.cl/fhir/ig/ASV/CodeSystem/AseguradoraCS</code> defines the following codes:</p><table class=\"codes\"><tr><td style=\"white-space:nowrap\"><b>Code</b></td><td><b>Display</b></td></tr><tr><td style=\"white-space:nowrap\">01<a name=\"AseguradoraCS-01\"> </a></td><td>SIN PREVISION(PARTICULAR)</td></tr><tr><td style=\"white-space:nowrap\">06<a name=\"AseguradoraCS-06\"> </a></td><td>DIPRECA (CARABINEROS)</td></tr><tr><td style=\"white-space:nowrap\">07<a name=\"AseguradoraCS-07\"> </a></td><td>CAPREDENA(FF.AA.)</td></tr><tr><td style=\"white-space:nowrap\">08<a name=\"AseguradoraCS-08\"> </a></td><td>BANMEDICA S.A.</td></tr><tr><td style=\"white-space:nowrap\">09<a name=\"AseguradoraCS-09\"> </a></td><td>CHUQUICAMATA LTDA.</td></tr><tr><td style=\"white-space:nowrap\">10<a name=\"AseguradoraCS-10\"> </a></td><td>COLMENA GOLDEN CROSS S.A.</td></tr><tr><td style=\"white-space:nowrap\">11<a name=\"AseguradoraCS-11\"> </a></td><td>CONSALUD S.A.</td></tr><tr><td style=\"white-space:nowrap\">12<a name=\"AseguradoraCS-12\"> </a></td><td>CRUZ BLANCA S.A.</td></tr><tr><td style=\"white-space:nowrap\">13<a name=\"AseguradoraCS-13\"> </a></td><td>CRUZ DEL NORTE LTDA.</td></tr><tr><td style=\"white-space:nowrap\">15<a name=\"AseguradoraCS-15\"> </a></td><td>FUNDACION LTDA.</td></tr><tr><td style=\"white-space:nowrap\">16<a name=\"AseguradoraCS-16\"> </a></td><td>FUSAT LTDA.</td></tr><tr><td style=\"white-space:nowrap\">17<a name=\"AseguradoraCS-17\"> </a></td><td>MASVIDA S.A.</td></tr><tr><td style=\"white-space:nowrap\">18<a name=\"AseguradoraCS-18\"> </a></td><td>RIO BLANCO LTDA.</td></tr><tr><td style=\"white-space:nowrap\">19<a name=\"AseguradoraCS-19\"> </a></td><td>SAN LORENZO LTDA.</td></tr><tr><td style=\"white-space:nowrap\">20<a name=\"AseguradoraCS-20\"> </a></td><td>VIDA TRES S.A.</td></tr></table></div>"
  },
  "url" : "https://www.ssasur.cl/fhir/ig/ASV/CodeSystem/AseguradoraCS",
  "version" : "0.5.3",
  "name" : "AseguradoraCS",
  "title" : "Aseguradora Particular del Paciente",
  "status" : "active",
  "experimental" : true,
  "date" : "2022-12-01T14:22:43-03:00",
  "publisher" : "Servicio de Salud Araucania Sur",
  "contact" : [{
    "name" : "Servicio de Salud Araucania Sur",
    "telecom" : [{
      "system" : "url",
      "value" : "https://www.araucaniasur.cl/"
    }]
  },
  {
    "name" : "Franco Ulloa",
    "telecom" : [{
      "system" : "email",
      "value" : "franco.ulloam@redsalud.gob.cl",
      "use" : "work"
    }]
  }],
  "description" : "Aseguradora particular utiliza el paciente",
  "jurisdiction" : [{
    "coding" : [{
      "system" : "urn:iso:std:iso:3166",
      "code" : "CL",
      "display" : "Chile"
    }]
  }],
  "caseSensitive" : true,
  "content" : "complete",
  "count" : 15,
  "concept" : [{
    "code" : "01",
    "display" : "SIN PREVISION(PARTICULAR)"
  },
  {
    "code" : "06",
    "display" : "DIPRECA (CARABINEROS)"
  },
  {
    "code" : "07",
    "display" : "CAPREDENA(FF.AA.)"
  },
  {
    "code" : "08",
    "display" : "BANMEDICA S.A."
  },
  {
    "code" : "09",
    "display" : "CHUQUICAMATA LTDA."
  },
  {
    "code" : "10",
    "display" : "COLMENA GOLDEN CROSS S.A."
  },
  {
    "code" : "11",
    "display" : "CONSALUD S.A."
  },
  {
    "code" : "12",
    "display" : "CRUZ BLANCA S.A."
  },
  {
    "code" : "13",
    "display" : "CRUZ DEL NORTE LTDA."
  },
  {
    "code" : "15",
    "display" : "FUNDACION LTDA."
  },
  {
    "code" : "16",
    "display" : "FUSAT LTDA."
  },
  {
    "code" : "17",
    "display" : "MASVIDA S.A."
  },
  {
    "code" : "18",
    "display" : "RIO BLANCO LTDA."
  },
  {
    "code" : "19",
    "display" : "SAN LORENZO LTDA."
  },
  {
    "code" : "20",
    "display" : "VIDA TRES S.A."
  }]
}