{
  "resourceType" : "CodeSystem",
  "id" : "EscalaNutricionalPediatrica",
  "text" : {
    "status" : "generated",
    "div" : "<div xmlns=\"http://www.w3.org/1999/xhtml\"><p>This code system <code>https://www.ssasur.cl/fhir/ig/ASV/CodeSystem/EscalaNutricionalPediatrica</code> defines the following codes:</p><table class=\"codes\"><tr><td style=\"white-space:nowrap\"><b>Code</b></td><td><b>Display</b></td></tr><tr><td style=\"white-space:nowrap\">Desnutrido<a name=\"EscalaNutricionalPediatrica-Desnutrido\"> </a></td><td>Desnutrido</td></tr><tr><td style=\"white-space:nowrap\">DesnutridoSecundario<a name=\"EscalaNutricionalPediatrica-DesnutridoSecundario\"> </a></td><td>Desnutrido Secundario</td></tr><tr><td style=\"white-space:nowrap\">Riesgo<a name=\"EscalaNutricionalPediatrica-Riesgo\"> </a></td><td>Riesgo</td></tr><tr><td style=\"white-space:nowrap\">BajoloNormal<a name=\"EscalaNutricionalPediatrica-BajoloNormal\"> </a></td><td>Bajo lo Normal</td></tr><tr><td style=\"white-space:nowrap\">Normal<a name=\"EscalaNutricionalPediatrica-Normal\"> </a></td><td>Normal</td></tr><tr><td style=\"white-space:nowrap\">Sobrepeso<a name=\"EscalaNutricionalPediatrica-Sobrepeso\"> </a></td><td>Sobrepeso</td></tr><tr><td style=\"white-space:nowrap\">Obesidad<a name=\"EscalaNutricionalPediatrica-Obesidad\"> </a></td><td>Obesidad</td></tr></table></div>"
  },
  "url" : "https://www.ssasur.cl/fhir/ig/ASV/CodeSystem/EscalaNutricionalPediatrica",
  "version" : "0.5.3",
  "name" : "EscalaNutricionalPediatrica",
  "title" : "Escala Nutricional para Pediátricos",
  "status" : "active",
  "experimental" : true,
  "date" : "2022-12-01T14:22:43-03:00",
  "publisher" : "Servicio de Salud Araucania Sur",
  "contact" : [{
    "name" : "Servicio de Salud Araucania Sur",
    "telecom" : [{
      "system" : "url",
      "value" : "https://www.araucaniasur.cl/"
    }]
  },
  {
    "name" : "Franco Ulloa",
    "telecom" : [{
      "system" : "email",
      "value" : "franco.ulloam@redsalud.gob.cl",
      "use" : "work"
    }]
  }],
  "description" : "Escala nutricional de un paciente pediatrico",
  "jurisdiction" : [{
    "coding" : [{
      "system" : "urn:iso:std:iso:3166",
      "code" : "CL",
      "display" : "Chile"
    }]
  }],
  "caseSensitive" : true,
  "content" : "complete",
  "count" : 7,
  "concept" : [{
    "code" : "Desnutrido",
    "display" : "Desnutrido"
  },
  {
    "code" : "DesnutridoSecundario",
    "display" : "Desnutrido Secundario"
  },
  {
    "code" : "Riesgo",
    "display" : "Riesgo"
  },
  {
    "code" : "BajoloNormal",
    "display" : "Bajo lo Normal"
  },
  {
    "code" : "Normal",
    "display" : "Normal"
  },
  {
    "code" : "Sobrepeso",
    "display" : "Sobrepeso"
  },
  {
    "code" : "Obesidad",
    "display" : "Obesidad"
  }]
}