<?xml version="1.0" encoding="UTF-8"?>

<CodeSystem xmlns="http://hl7.org/fhir">
  <id value="Pueblos-PueblosOriginariosCS"/>
  <text>
    <status value="generated"/><div xmlns="http://www.w3.org/1999/xhtml"><p>This code system <code>https://www.ssasur.cl/fhir/ig/ASV/CodeSystem/Pueblos-PueblosOriginariosCS</code> defines the following codes:</p><table class="codes"><tr><td style="white-space:nowrap"><b>Code</b></td><td><b>Display</b></td></tr><tr><td style="white-space:nowrap">01<a name="Pueblos-PueblosOriginariosCS-01"> </a></td><td>MAPUCHE</td></tr><tr><td style="white-space:nowrap">02<a name="Pueblos-PueblosOriginariosCS-02"> </a></td><td>AYMARA</td></tr><tr><td style="white-space:nowrap">03<a name="Pueblos-PueblosOriginariosCS-03"> </a></td><td>RAPA NUI (PASCUENSE)</td></tr><tr><td style="white-space:nowrap">04<a name="Pueblos-PueblosOriginariosCS-04"> </a></td><td>LICAN ANTAI (ATACAMEÑO)</td></tr><tr><td style="white-space:nowrap">05<a name="Pueblos-PueblosOriginariosCS-05"> </a></td><td>QUECHUA</td></tr><tr><td style="white-space:nowrap">06<a name="Pueblos-PueblosOriginariosCS-06"> </a></td><td>COLLA</td></tr><tr><td style="white-space:nowrap">07<a name="Pueblos-PueblosOriginariosCS-07"> </a></td><td>DIAGUITA</td></tr><tr><td style="white-space:nowrap">08<a name="Pueblos-PueblosOriginariosCS-08"> </a></td><td>KAWÉSQAR</td></tr><tr><td style="white-space:nowrap">09<a name="Pueblos-PueblosOriginariosCS-09"> </a></td><td>YAGÁN (YÁMANA)</td></tr><tr><td style="white-space:nowrap">10<a name="Pueblos-PueblosOriginariosCS-10"> </a></td><td>OTRO (ESPECIFICAR)</td></tr><tr><td style="white-space:nowrap">96<a name="Pueblos-PueblosOriginariosCS-96"> </a></td><td>NINGUNO</td></tr></table></div>
  </text>
  <url value="https://www.ssasur.cl/fhir/ig/ASV/CodeSystem/Pueblos-PueblosOriginariosCS"/>
  <version value="0.5.3"/>
  <name value="PueblosOriginariosCS"/>
  <title value="Codificación de Pueblos Originarios"/>
  <status value="active"/>
  <experimental value="true"/>
  <date value="2022-12-01T14:22:43-03:00"/>
  <publisher value="Servicio de Salud Araucania Sur"/>
  <contact>
    <name value="Servicio de Salud Araucania Sur"/>
    <telecom>
      <system value="url"/>
      <value value="https://www.araucaniasur.cl/"/>
    </telecom>
  </contact>
  <contact>
    <name value="Franco Ulloa"/>
    <telecom>
      <system value="email"/>
      <value value="franco.ulloam@redsalud.gob.cl"/>
      <use value="work"/>
    </telecom>
  </contact>
  <description value="Codificación de los pueblos originarios"/>
  <jurisdiction>
    <coding>
      <system value="urn:iso:std:iso:3166"/>
      <code value="CL"/>
      <display value="Chile"/>
    </coding>
  </jurisdiction>
  <caseSensitive value="true"/>
  <content value="complete"/>
  <count value="11"/>
  <concept>
    <code value="01"/>
    <display value="MAPUCHE"/>
  </concept>
  <concept>
    <code value="02"/>
    <display value="AYMARA"/>
  </concept>
  <concept>
    <code value="03"/>
    <display value="RAPA NUI (PASCUENSE)"/>
  </concept>
  <concept>
    <code value="04"/>
    <display value="LICAN ANTAI (ATACAMEÑO)"/>
  </concept>
  <concept>
    <code value="05"/>
    <display value="QUECHUA"/>
  </concept>
  <concept>
    <code value="06"/>
    <display value="COLLA"/>
  </concept>
  <concept>
    <code value="07"/>
    <display value="DIAGUITA"/>
  </concept>
  <concept>
    <code value="08"/>
    <display value="KAWÉSQAR"/>
  </concept>
  <concept>
    <code value="09"/>
    <display value="YAGÁN (YÁMANA)"/>
  </concept>
  <concept>
    <code value="10"/>
    <display value="OTRO (ESPECIFICAR)"/>
  </concept>
  <concept>
    <code value="96"/>
    <display value="NINGUNO"/>
  </concept>
</CodeSystem>