<?xml version="1.0" encoding="UTF-8"?>

<CodeSystem xmlns="http://hl7.org/fhir">
  <id value="TitulosProfesionalesPrestadoresCS"/>
  <text>
    <status value="generated"/><div xmlns="http://www.w3.org/1999/xhtml"><p>This code system <code>https://www.ssasur.cl/fhir/ig/ASV/CodeSystem/TitulosProfesionalesPrestadoresCS</code> defines the following codes:</p><table class="codes"><tr><td style="white-space:nowrap"><b>Code</b></td><td><b>Display</b></td></tr><tr><td style="white-space:nowrap">01<a name="TitulosProfesionalesPrestadoresCS-01"> </a></td><td>Médico Cirujano</td></tr><tr><td style="white-space:nowrap">02<a name="TitulosProfesionalesPrestadoresCS-02"> </a></td><td>Cirujano Dentista</td></tr><tr><td style="white-space:nowrap">03<a name="TitulosProfesionalesPrestadoresCS-03"> </a></td><td>Enfermeras(os)</td></tr><tr><td style="white-space:nowrap">04<a name="TitulosProfesionalesPrestadoresCS-04"> </a></td><td>Enfermeras(os) Matronas(es)</td></tr><tr><td style="white-space:nowrap">05<a name="TitulosProfesionalesPrestadoresCS-05"> </a></td><td>Matronas(es)</td></tr><tr><td style="white-space:nowrap">06<a name="TitulosProfesionalesPrestadoresCS-06"> </a></td><td>Tecnólogos Médicos</td></tr><tr><td style="white-space:nowrap">07<a name="TitulosProfesionalesPrestadoresCS-07"> </a></td><td>Psicólogos</td></tr><tr><td style="white-space:nowrap">08<a name="TitulosProfesionalesPrestadoresCS-08"> </a></td><td>Kinesiólogos</td></tr><tr><td style="white-space:nowrap">09<a name="TitulosProfesionalesPrestadoresCS-09"> </a></td><td>Farmacéuticos y Químicos-Farmacéuticos</td></tr><tr><td style="white-space:nowrap">10<a name="TitulosProfesionalesPrestadoresCS-10"> </a></td><td>Bioquímicos</td></tr><tr><td style="white-space:nowrap">11<a name="TitulosProfesionalesPrestadoresCS-11"> </a></td><td>Nutricionistas</td></tr><tr><td style="white-space:nowrap">12<a name="TitulosProfesionalesPrestadoresCS-12"> </a></td><td>Fonoaudiólogos</td></tr><tr><td style="white-space:nowrap">13<a name="TitulosProfesionalesPrestadoresCS-13"> </a></td><td>Terapeutas Ocupacionales</td></tr><tr><td style="white-space:nowrap">14<a name="TitulosProfesionalesPrestadoresCS-14"> </a></td><td>Auxiliares Paramédicos de Alimentación</td></tr><tr><td style="white-space:nowrap">15<a name="TitulosProfesionalesPrestadoresCS-15"> </a></td><td>A.P de Radiología, Radioterapia, Lab</td></tr><tr><td style="white-space:nowrap">16<a name="TitulosProfesionalesPrestadoresCS-16"> </a></td><td>Auxiliares Paramédicos de Odontología</td></tr><tr><td style="white-space:nowrap">17<a name="TitulosProfesionalesPrestadoresCS-17"> </a></td><td>Auxiliares Paramédicosm dde Farmacia</td></tr><tr><td style="white-space:nowrap">18<a name="TitulosProfesionalesPrestadoresCS-18"> </a></td><td>Auxiliares de Enfermería</td></tr><tr><td style="white-space:nowrap">19<a name="TitulosProfesionalesPrestadoresCS-19"> </a></td><td>Técnicos en Nivel Superioren Salud</td></tr><tr><td style="white-space:nowrap">20<a name="TitulosProfesionalesPrestadoresCS-20"> </a></td><td>Técnicos en Salud</td></tr><tr><td style="white-space:nowrap">21<a name="TitulosProfesionalesPrestadoresCS-21"> </a></td><td>Técnicos Nivel Medion en Salud</td></tr><tr><td style="white-space:nowrap">22<a name="TitulosProfesionalesPrestadoresCS-22"> </a></td><td>Laboratopristas Dentales</td></tr><tr><td style="white-space:nowrap">23<a name="TitulosProfesionalesPrestadoresCS-23"> </a></td><td>Podólogos</td></tr><tr><td style="white-space:nowrap">24<a name="TitulosProfesionalesPrestadoresCS-24"> </a></td><td>Ópticos</td></tr><tr><td style="white-space:nowrap">25<a name="TitulosProfesionalesPrestadoresCS-25"> </a></td><td>Contactólogos</td></tr><tr><td style="white-space:nowrap">26<a name="TitulosProfesionalesPrestadoresCS-26"> </a></td><td>Homeópatas</td></tr><tr><td style="white-space:nowrap">27<a name="TitulosProfesionalesPrestadoresCS-27"> </a></td><td>Acupunturistas</td></tr><tr><td style="white-space:nowrap">28<a name="TitulosProfesionalesPrestadoresCS-28"> </a></td><td>Naturópatas</td></tr><tr><td style="white-space:nowrap">29<a name="TitulosProfesionalesPrestadoresCS-29"> </a></td><td>Cosmetólogos</td></tr><tr><td style="white-space:nowrap">99<a name="TitulosProfesionalesPrestadoresCS-99"> </a></td><td>desconocida</td></tr></table></div>
  </text>
  <url value="https://www.ssasur.cl/fhir/ig/ASV/CodeSystem/TitulosProfesionalesPrestadoresCS"/>
  <version value="0.5.3"/>
  <name value="TitulosProfesionalesPrestadoresCS"/>
  <title value="Titulos Profesionales Prestadores"/>
  <status value="active"/>
  <experimental value="true"/>
  <date value="2022-12-01T14:22:43-03:00"/>
  <publisher value="Servicio de Salud Araucania Sur"/>
  <contact>
    <name value="Servicio de Salud Araucania Sur"/>
    <telecom>
      <system value="url"/>
      <value value="https://www.araucaniasur.cl/"/>
    </telecom>
  </contact>
  <contact>
    <name value="Franco Ulloa"/>
    <telecom>
      <system value="email"/>
      <value value="franco.ulloam@redsalud.gob.cl"/>
      <use value="work"/>
    </telecom>
  </contact>
  <description value="Este code system de los títulos profesionales de lo prestadores de salud del decreto exento 643"/>
  <jurisdiction>
    <coding>
      <system value="urn:iso:std:iso:3166"/>
      <code value="CL"/>
      <display value="Chile"/>
    </coding>
  </jurisdiction>
  <caseSensitive value="true"/>
  <content value="complete"/>
  <count value="30"/>
  <concept>
    <code value="01"/>
    <display value="Médico Cirujano"/>
  </concept>
  <concept>
    <code value="02"/>
    <display value="Cirujano Dentista"/>
  </concept>
  <concept>
    <code value="03"/>
    <display value="Enfermeras(os)"/>
  </concept>
  <concept>
    <code value="04"/>
    <display value="Enfermeras(os) Matronas(es)"/>
  </concept>
  <concept>
    <code value="05"/>
    <display value="Matronas(es)"/>
  </concept>
  <concept>
    <code value="06"/>
    <display value="Tecnólogos Médicos"/>
  </concept>
  <concept>
    <code value="07"/>
    <display value="Psicólogos"/>
  </concept>
  <concept>
    <code value="08"/>
    <display value="Kinesiólogos"/>
  </concept>
  <concept>
    <code value="09"/>
    <display value="Farmacéuticos y Químicos-Farmacéuticos"/>
  </concept>
  <concept>
    <code value="10"/>
    <display value="Bioquímicos"/>
  </concept>
  <concept>
    <code value="11"/>
    <display value="Nutricionistas"/>
  </concept>
  <concept>
    <code value="12"/>
    <display value="Fonoaudiólogos"/>
  </concept>
  <concept>
    <code value="13"/>
    <display value="Terapeutas Ocupacionales"/>
  </concept>
  <concept>
    <code value="14"/>
    <display value="Auxiliares Paramédicos de Alimentación"/>
  </concept>
  <concept>
    <code value="15"/>
    <display value="A.P de Radiología, Radioterapia, Lab"/>
  </concept>
  <concept>
    <code value="16"/>
    <display value="Auxiliares Paramédicos de Odontología"/>
  </concept>
  <concept>
    <code value="17"/>
    <display value="Auxiliares Paramédicosm dde Farmacia"/>
  </concept>
  <concept>
    <code value="18"/>
    <display value="Auxiliares de Enfermería"/>
  </concept>
  <concept>
    <code value="19"/>
    <display value="Técnicos en Nivel Superioren Salud"/>
  </concept>
  <concept>
    <code value="20"/>
    <display value="Técnicos en Salud"/>
  </concept>
  <concept>
    <code value="21"/>
    <display value="Técnicos Nivel Medion en Salud"/>
  </concept>
  <concept>
    <code value="22"/>
    <display value="Laboratopristas Dentales"/>
  </concept>
  <concept>
    <code value="23"/>
    <display value="Podólogos"/>
  </concept>
  <concept>
    <code value="24"/>
    <display value="Ópticos"/>
  </concept>
  <concept>
    <code value="25"/>
    <display value="Contactólogos"/>
  </concept>
  <concept>
    <code value="26"/>
    <display value="Homeópatas"/>
  </concept>
  <concept>
    <code value="27"/>
    <display value="Acupunturistas"/>
  </concept>
  <concept>
    <code value="28"/>
    <display value="Naturópatas"/>
  </concept>
  <concept>
    <code value="29"/>
    <display value="Cosmetólogos"/>
  </concept>
  <concept>
    <code value="99"/>
    <display value="desconocida"/>
  </concept>
</CodeSystem>