<?xml version="1.0" encoding="UTF-8"?>

<CodeSystem xmlns="http://hl7.org/fhir">
  <id value="EscalaNutricionalAdulto"/>
  <text>
    <status value="generated"/><div xmlns="http://www.w3.org/1999/xhtml"><p>This code system <code>https://www.ssasur.cl/fhir/ig/ASV/CodeSystem/EscalaNutricionalAdulto</code> defines the following codes:</p><table class="codes"><tr><td style="white-space:nowrap"><b>Code</b></td><td><b>Display</b></td></tr><tr><td style="white-space:nowrap">BajoloNormal<a name="EscalaNutricionalAdulto-BajoloNormal"> </a></td><td>Bajo lo Normal</td></tr><tr><td style="white-space:nowrap">Normal<a name="EscalaNutricionalAdulto-Normal"> </a></td><td>Normal</td></tr><tr><td style="white-space:nowrap">Sobrepeso<a name="EscalaNutricionalAdulto-Sobrepeso"> </a></td><td>Sobrepeso</td></tr><tr><td style="white-space:nowrap">ObesidadI<a name="EscalaNutricionalAdulto-ObesidadI"> </a></td><td>Obesidad I</td></tr><tr><td style="white-space:nowrap">ObesidadII<a name="EscalaNutricionalAdulto-ObesidadII"> </a></td><td>Obesidad II</td></tr><tr><td style="white-space:nowrap">ObesidadIII<a name="EscalaNutricionalAdulto-ObesidadIII"> </a></td><td>Obesidad III</td></tr></table></div>
  </text>
  <url value="https://www.ssasur.cl/fhir/ig/ASV/CodeSystem/EscalaNutricionalAdulto"/>
  <version value="0.5.3"/>
  <name value="EscalaNutricionalAdulto"/>
  <title value="Escala Nutricional para Adultos"/>
  <status value="active"/>
  <experimental value="true"/>
  <date value="2022-12-01T14:22:43-03:00"/>
  <publisher value="Servicio de Salud Araucania Sur"/>
  <contact>
    <name value="Servicio de Salud Araucania Sur"/>
    <telecom>
      <system value="url"/>
      <value value="https://www.araucaniasur.cl/"/>
    </telecom>
  </contact>
  <contact>
    <name value="Franco Ulloa"/>
    <telecom>
      <system value="email"/>
      <value value="franco.ulloam@redsalud.gob.cl"/>
      <use value="work"/>
    </telecom>
  </contact>
  <description value="Escala nutricional de un paciente adulto"/>
  <jurisdiction>
    <coding>
      <system value="urn:iso:std:iso:3166"/>
      <code value="CL"/>
      <display value="Chile"/>
    </coding>
  </jurisdiction>
  <caseSensitive value="true"/>
  <content value="complete"/>
  <count value="6"/>
  <concept>
    <code value="BajoloNormal"/>
    <display value="Bajo lo Normal"/>
  </concept>
  <concept>
    <code value="Normal"/>
    <display value="Normal"/>
  </concept>
  <concept>
    <code value="Sobrepeso"/>
    <display value="Sobrepeso"/>
  </concept>
  <concept>
    <code value="ObesidadI"/>
    <display value="Obesidad I"/>
  </concept>
  <concept>
    <code value="ObesidadII"/>
    <display value="Obesidad II"/>
  </concept>
  <concept>
    <code value="ObesidadIII"/>
    <display value="Obesidad III"/>
  </concept>
</CodeSystem>