<?xml version="1.0" encoding="UTF-8"?>

<CodeSystem xmlns="http://hl7.org/fhir">
  <id value="Ocupacion-PatientCS"/>
  <text>
    <status value="generated"/><div xmlns="http://www.w3.org/1999/xhtml"><p>This code system <code>https://www.ssasur.cl/fhir/ig/ASV/CodeSystem/Ocupacion-PatientCS</code> defines the following codes:</p><table class="codes"><tr><td style="white-space:nowrap"><b>Code</b></td><td><b>Display</b></td></tr><tr><td style="white-space:nowrap">001<a name="Ocupacion-PatientCS-001"> </a></td><td>ABOGADO</td></tr><tr><td style="white-space:nowrap">002<a name="Ocupacion-PatientCS-002"> </a></td><td>ADMINISTRADOR PUBLICO</td></tr><tr><td style="white-space:nowrap">003<a name="Ocupacion-PatientCS-003"> </a></td><td>ADMINISTRATIVOS</td></tr><tr><td style="white-space:nowrap">004<a name="Ocupacion-PatientCS-004"> </a></td><td>ANATOMIA PATOLOGICA</td></tr><tr><td style="white-space:nowrap">005<a name="Ocupacion-PatientCS-005"> </a></td><td>ANESTESIA</td></tr><tr><td style="white-space:nowrap">006<a name="Ocupacion-PatientCS-006"> </a></td><td>ANTROPOLOGO</td></tr><tr><td style="white-space:nowrap">007<a name="Ocupacion-PatientCS-007"> </a></td><td>ARQUITECTO</td></tr><tr><td style="white-space:nowrap">008<a name="Ocupacion-PatientCS-008"> </a></td><td>ASISTENTE SOCIAL</td></tr><tr><td style="white-space:nowrap">009<a name="Ocupacion-PatientCS-009"> </a></td><td>AUXILIAR</td></tr><tr><td style="white-space:nowrap">010<a name="Ocupacion-PatientCS-010"> </a></td><td>AUXILIAR PARAMEDICO</td></tr><tr><td style="white-space:nowrap">011<a name="Ocupacion-PatientCS-011"> </a></td><td>BIOQUIMICO</td></tr><tr><td style="white-space:nowrap">012<a name="Ocupacion-PatientCS-012"> </a></td><td>CHOFER</td></tr><tr><td style="white-space:nowrap">013<a name="Ocupacion-PatientCS-013"> </a></td><td>CIRUGIA</td></tr><tr><td style="white-space:nowrap">014<a name="Ocupacion-PatientCS-014"> </a></td><td>CIRUGIA INFANTIL</td></tr><tr><td style="white-space:nowrap">015<a name="Ocupacion-PatientCS-015"> </a></td><td>CONSTRUCTOR CIVIL</td></tr><tr><td style="white-space:nowrap">016<a name="Ocupacion-PatientCS-016"> </a></td><td>CONTADOR</td></tr><tr><td style="white-space:nowrap">017<a name="Ocupacion-PatientCS-017"> </a></td><td>CONTADOR AUDITOR</td></tr><tr><td style="white-space:nowrap">018<a name="Ocupacion-PatientCS-018"> </a></td><td>DENTISTA ATENCION INTEGRAL/DOCENCIA DE SERVICIO</td></tr><tr><td style="white-space:nowrap">019<a name="Ocupacion-PatientCS-019"> </a></td><td>DENTISTA BECARIO DE RETORNO</td></tr><tr><td style="white-space:nowrap">020<a name="Ocupacion-PatientCS-020"> </a></td><td>DENTISTA BECARIO PRIMARIO</td></tr><tr><td style="white-space:nowrap">021<a name="Ocupacion-PatientCS-021"> </a></td><td>DENTISTA GENERAL DE ZONA</td></tr><tr><td style="white-space:nowrap">022<a name="Ocupacion-PatientCS-022"> </a></td><td>DENTISTA PERIODO ASISTENCIAL OBLIGATORIO</td></tr><tr><td style="white-space:nowrap">023<a name="Ocupacion-PatientCS-023"> </a></td><td>DERMATOLOGIA</td></tr><tr><td style="white-space:nowrap">024<a name="Ocupacion-PatientCS-024"> </a></td><td>DISEÑADOR GRAFICO</td></tr><tr><td style="white-space:nowrap">025<a name="Ocupacion-PatientCS-025"> </a></td><td>EDUCADOR SANITARIO</td></tr><tr><td style="white-space:nowrap">026<a name="Ocupacion-PatientCS-026"> </a></td><td>EDUCADORA DE PARVULOS</td></tr><tr><td style="white-space:nowrap">027<a name="Ocupacion-PatientCS-027"> </a></td><td>ENCUESTADOR Y CODIFICADOR DE DATOS</td></tr><tr><td style="white-space:nowrap">028<a name="Ocupacion-PatientCS-028"> </a></td><td>ENFERMERA</td></tr><tr><td style="white-space:nowrap">029<a name="Ocupacion-PatientCS-029"> </a></td><td>ESTADISTICO PROFESIONAL</td></tr><tr><td style="white-space:nowrap">030<a name="Ocupacion-PatientCS-030"> </a></td><td>ESTADISTICO TECNICO</td></tr><tr><td style="white-space:nowrap">031<a name="Ocupacion-PatientCS-031"> </a></td><td>FISIATRIA</td></tr><tr><td style="white-space:nowrap">032<a name="Ocupacion-PatientCS-032"> </a></td><td>FONOAUDIOLOGO</td></tr><tr><td style="white-space:nowrap">033<a name="Ocupacion-PatientCS-033"> </a></td><td>GEOGRAFO</td></tr><tr><td style="white-space:nowrap">034<a name="Ocupacion-PatientCS-034"> </a></td><td>INGENIERO CIVIL</td></tr><tr><td style="white-space:nowrap">035<a name="Ocupacion-PatientCS-035"> </a></td><td>INGENIERO COMERCIAL</td></tr><tr><td style="white-space:nowrap">036<a name="Ocupacion-PatientCS-036"> </a></td><td>INGENIERO DE EJECUCION</td></tr><tr><td style="white-space:nowrap">037<a name="Ocupacion-PatientCS-037"> </a></td><td>INSPECTORES</td></tr><tr><td style="white-space:nowrap">038<a name="Ocupacion-PatientCS-038"> </a></td><td>KINESIOLOGO</td></tr><tr><td style="white-space:nowrap">039<a name="Ocupacion-PatientCS-039"> </a></td><td>LABORATORIO CLINICO</td></tr><tr><td style="white-space:nowrap">040<a name="Ocupacion-PatientCS-040"> </a></td><td>LABORATORISTA DENTAL</td></tr><tr><td style="white-space:nowrap">041<a name="Ocupacion-PatientCS-041"> </a></td><td>MATRONA</td></tr><tr><td style="white-space:nowrap">042<a name="Ocupacion-PatientCS-042"> </a></td><td>MEDICINA FISICA Y REHABILITACION</td></tr><tr><td style="white-space:nowrap">043<a name="Ocupacion-PatientCS-043"> </a></td><td>MEDICINA INTEGRAL</td></tr><tr><td style="white-space:nowrap">044<a name="Ocupacion-PatientCS-044"> </a></td><td>MEDICINA INTERNA</td></tr><tr><td style="white-space:nowrap">045<a name="Ocupacion-PatientCS-045"> </a></td><td>MEDICINA NUCLEAR</td></tr><tr><td style="white-space:nowrap">046<a name="Ocupacion-PatientCS-046"> </a></td><td>MEDICINA SALUD FAMILIAR</td></tr><tr><td style="white-space:nowrap">047<a name="Ocupacion-PatientCS-047"> </a></td><td>MEDICO ATENCION INTEGRAL</td></tr><tr><td style="white-space:nowrap">048<a name="Ocupacion-PatientCS-048"> </a></td><td>MEDICO BECADO DE RETORNO</td></tr><tr><td style="white-space:nowrap">049<a name="Ocupacion-PatientCS-049"> </a></td><td>MEDICO BECADO PRIMARIO</td></tr><tr><td style="white-space:nowrap">050<a name="Ocupacion-PatientCS-050"> </a></td><td>MEDICO PERIODO ASISTENCIAL OBLIGATORIO</td></tr><tr><td style="white-space:nowrap">051<a name="Ocupacion-PatientCS-051"> </a></td><td>MEDICO VETERINARIO</td></tr><tr><td style="white-space:nowrap">052<a name="Ocupacion-PatientCS-052"> </a></td><td>NEUMOTISIOLOGIA</td></tr><tr><td style="white-space:nowrap">053<a name="Ocupacion-PatientCS-053"> </a></td><td>NEUROCIRUGIA</td></tr><tr><td style="white-space:nowrap">054<a name="Ocupacion-PatientCS-054"> </a></td><td>NEUROLOGIA</td></tr><tr><td style="white-space:nowrap">055<a name="Ocupacion-PatientCS-055"> </a></td><td>NEUROPSIQUIATRIA INFANTIL</td></tr><tr><td style="white-space:nowrap">056<a name="Ocupacion-PatientCS-056"> </a></td><td>NUTRICIONISTA</td></tr><tr><td style="white-space:nowrap">057<a name="Ocupacion-PatientCS-057"> </a></td><td>OBSTETRICIA Y GINECOLOGIA</td></tr><tr><td style="white-space:nowrap">058<a name="Ocupacion-PatientCS-058"> </a></td><td>ODONTOLOGO/DENTISTA</td></tr><tr><td style="white-space:nowrap">059<a name="Ocupacion-PatientCS-059"> </a></td><td>OFTALMOLOGIA</td></tr><tr><td style="white-space:nowrap">060<a name="Ocupacion-PatientCS-060"> </a></td><td>ONCOLOGIA</td></tr><tr><td style="white-space:nowrap">061<a name="Ocupacion-PatientCS-061"> </a></td><td>OTORRINOLARINGOLOGIA</td></tr><tr><td style="white-space:nowrap">062<a name="Ocupacion-PatientCS-062"> </a></td><td>OTROS TECNICOS</td></tr><tr><td style="white-space:nowrap">063<a name="Ocupacion-PatientCS-063"> </a></td><td>PEDIATRIA</td></tr><tr><td style="white-space:nowrap">064<a name="Ocupacion-PatientCS-064"> </a></td><td>PERIODISTA</td></tr><tr><td style="white-space:nowrap">065<a name="Ocupacion-PatientCS-065"> </a></td><td>PODOLOGO</td></tr><tr><td style="white-space:nowrap">066<a name="Ocupacion-PatientCS-066"> </a></td><td>PROCESADOR DE DATOS</td></tr><tr><td style="white-space:nowrap">067<a name="Ocupacion-PatientCS-067"> </a></td><td>PROFESOR</td></tr><tr><td style="white-space:nowrap">068<a name="Ocupacion-PatientCS-068"> </a></td><td>PSICOLOGO</td></tr><tr><td style="white-space:nowrap">069<a name="Ocupacion-PatientCS-069"> </a></td><td>PSIQUIATRIA</td></tr><tr><td style="white-space:nowrap">070<a name="Ocupacion-PatientCS-070"> </a></td><td>PSIQUIATRIA INFANTIL</td></tr><tr><td style="white-space:nowrap">071<a name="Ocupacion-PatientCS-071"> </a></td><td>QUIMICO FARMACEUTICO</td></tr><tr><td style="white-space:nowrap">072<a name="Ocupacion-PatientCS-072"> </a></td><td>QUIMICO FARMACEUTICO GENERAL DE ZONA</td></tr><tr><td style="white-space:nowrap">073<a name="Ocupacion-PatientCS-073"> </a></td><td>RADIOLOGIA</td></tr><tr><td style="white-space:nowrap">074<a name="Ocupacion-PatientCS-074"> </a></td><td>RADIOTERAPIA/ ONCOLOGIA</td></tr><tr><td style="white-space:nowrap">075<a name="Ocupacion-PatientCS-075"> </a></td><td>RELACIONADOR PUBLICO</td></tr><tr><td style="white-space:nowrap">076<a name="Ocupacion-PatientCS-076"> </a></td><td>SALUD PUBLICA</td></tr><tr><td style="white-space:nowrap">077<a name="Ocupacion-PatientCS-077"> </a></td><td>SECRETARIO/A</td></tr><tr><td style="white-space:nowrap">078<a name="Ocupacion-PatientCS-078"> </a></td><td>SOCIOLOGO</td></tr><tr><td style="white-space:nowrap">079<a name="Ocupacion-PatientCS-079"> </a></td><td>TECNICO DE NIVEL SUPERIOR (TENS)</td></tr><tr><td style="white-space:nowrap">080<a name="Ocupacion-PatientCS-080"> </a></td><td>TECNICO(A) PARAMEDICO DENTAL</td></tr><tr><td style="white-space:nowrap">081<a name="Ocupacion-PatientCS-081"> </a></td><td>TECNICOS DE NIVEL SUPERIOR ENFERMERIA</td></tr><tr><td style="white-space:nowrap">082<a name="Ocupacion-PatientCS-082"> </a></td><td>TECNOLOGO MEDICO</td></tr><tr><td style="white-space:nowrap">083<a name="Ocupacion-PatientCS-083"> </a></td><td>TERAPEUTA OCUPACIONAL</td></tr><tr><td style="white-space:nowrap">084<a name="Ocupacion-PatientCS-084"> </a></td><td>TRAUMATOLOGIA Y ORTOPEDIA</td></tr><tr><td style="white-space:nowrap">085<a name="Ocupacion-PatientCS-085"> </a></td><td>TRAUMATOLOGIA Y ORTOPEDIA INFANTIL</td></tr><tr><td style="white-space:nowrap">086<a name="Ocupacion-PatientCS-086"> </a></td><td>UROLOGIA</td></tr><tr><td style="white-space:nowrap">088<a name="Ocupacion-PatientCS-088"> </a></td><td>ACOMODADOR DE AUTOS</td></tr><tr><td style="white-space:nowrap">089<a name="Ocupacion-PatientCS-089"> </a></td><td>ACTOR O ACTRIZ</td></tr><tr><td style="white-space:nowrap">090<a name="Ocupacion-PatientCS-090"> </a></td><td>ACUICULTOR</td></tr><tr><td style="white-space:nowrap">091<a name="Ocupacion-PatientCS-091"> </a></td><td>ADMINISTRADOR</td></tr><tr><td style="white-space:nowrap">092<a name="Ocupacion-PatientCS-092"> </a></td><td>AGENTE</td></tr><tr><td style="white-space:nowrap">093<a name="Ocupacion-PatientCS-093"> </a></td><td>AGRICULTOR</td></tr><tr><td style="white-space:nowrap">094<a name="Ocupacion-PatientCS-094"> </a></td><td>AGRONOMO(A)</td></tr><tr><td style="white-space:nowrap">095<a name="Ocupacion-PatientCS-095"> </a></td><td>ALBAÑIL</td></tr><tr><td style="white-space:nowrap">096<a name="Ocupacion-PatientCS-096"> </a></td><td>ALMACENERO</td></tr><tr><td style="white-space:nowrap">097<a name="Ocupacion-PatientCS-097"> </a></td><td>AMASADOR(A)</td></tr><tr><td style="white-space:nowrap">098<a name="Ocupacion-PatientCS-098"> </a></td><td>ANALISTA</td></tr><tr><td style="white-space:nowrap">099<a name="Ocupacion-PatientCS-099"> </a></td><td>APICULTOR(A)</td></tr><tr><td style="white-space:nowrap">100<a name="Ocupacion-PatientCS-100"> </a></td><td>ARSENALERA</td></tr><tr><td style="white-space:nowrap">101<a name="Ocupacion-PatientCS-101"> </a></td><td>ARSENALERA PABELLON</td></tr><tr><td style="white-space:nowrap">102<a name="Ocupacion-PatientCS-102"> </a></td><td>ARTESANA</td></tr><tr><td style="white-space:nowrap">103<a name="Ocupacion-PatientCS-103"> </a></td><td>ARTISTA</td></tr><tr><td style="white-space:nowrap">104<a name="Ocupacion-PatientCS-104"> </a></td><td>ASEO Y ORNATO</td></tr><tr><td style="white-space:nowrap">105<a name="Ocupacion-PatientCS-105"> </a></td><td>ASESOR</td></tr><tr><td style="white-space:nowrap">106<a name="Ocupacion-PatientCS-106"> </a></td><td>ASESORA DEL HOGAR</td></tr><tr><td style="white-space:nowrap">107<a name="Ocupacion-PatientCS-107"> </a></td><td>ASISTENTE</td></tr><tr><td style="white-space:nowrap">108<a name="Ocupacion-PatientCS-108"> </a></td><td>ATENCION DE PUBLICO</td></tr><tr><td style="white-space:nowrap">109<a name="Ocupacion-PatientCS-109"> </a></td><td>AUDIOPROTESISTA</td></tr><tr><td style="white-space:nowrap">110<a name="Ocupacion-PatientCS-110"> </a></td><td>AUDIOVISUALISTAS</td></tr><tr><td style="white-space:nowrap">111<a name="Ocupacion-PatientCS-111"> </a></td><td>AUDITOR</td></tr><tr><td style="white-space:nowrap">112<a name="Ocupacion-PatientCS-112"> </a></td><td>AYUDANTE</td></tr><tr><td style="white-space:nowrap">113<a name="Ocupacion-PatientCS-113"> </a></td><td>BABYSITTER</td></tr><tr><td style="white-space:nowrap">114<a name="Ocupacion-PatientCS-114"> </a></td><td>BAILARINA</td></tr><tr><td style="white-space:nowrap">115<a name="Ocupacion-PatientCS-115"> </a></td><td>BANQUETERO</td></tr><tr><td style="white-space:nowrap">116<a name="Ocupacion-PatientCS-116"> </a></td><td>BARMAN (WOMAN)</td></tr><tr><td style="white-space:nowrap">117<a name="Ocupacion-PatientCS-117"> </a></td><td>BIBLIOTECARIO(A)</td></tr><tr><td style="white-space:nowrap">118<a name="Ocupacion-PatientCS-118"> </a></td><td>BODEGUERO(A)</td></tr><tr><td style="white-space:nowrap">119<a name="Ocupacion-PatientCS-119"> </a></td><td>BOMBERO DE BENCINERA</td></tr><tr><td style="white-space:nowrap">120<a name="Ocupacion-PatientCS-120"> </a></td><td>BOMBERO(A)</td></tr><tr><td style="white-space:nowrap">121<a name="Ocupacion-PatientCS-121"> </a></td><td>BOTERO</td></tr><tr><td style="white-space:nowrap">122<a name="Ocupacion-PatientCS-122"> </a></td><td>BOTONES</td></tr><tr><td style="white-space:nowrap">123<a name="Ocupacion-PatientCS-123"> </a></td><td>BRIGADISTA</td></tr><tr><td style="white-space:nowrap">124<a name="Ocupacion-PatientCS-124"> </a></td><td>BRIGADISTA FORESTAL</td></tr><tr><td style="white-space:nowrap">125<a name="Ocupacion-PatientCS-125"> </a></td><td>BUZO</td></tr><tr><td style="white-space:nowrap">126<a name="Ocupacion-PatientCS-126"> </a></td><td>BUZO MARISCADOR</td></tr><tr><td style="white-space:nowrap">127<a name="Ocupacion-PatientCS-127"> </a></td><td>CARABINERO DE CHILE</td></tr><tr><td style="white-space:nowrap">128<a name="Ocupacion-PatientCS-128"> </a></td><td>CAJERA</td></tr><tr><td style="white-space:nowrap">129<a name="Ocupacion-PatientCS-129"> </a></td><td>CALCULISTA</td></tr><tr><td style="white-space:nowrap">130<a name="Ocupacion-PatientCS-130"> </a></td><td>CALDERERO</td></tr><tr><td style="white-space:nowrap">131<a name="Ocupacion-PatientCS-131"> </a></td><td>CALICHERO</td></tr><tr><td style="white-space:nowrap">132<a name="Ocupacion-PatientCS-132"> </a></td><td>CALIFICADOR</td></tr><tr><td style="white-space:nowrap">133<a name="Ocupacion-PatientCS-133"> </a></td><td>CAMARERA(O)</td></tr><tr><td style="white-space:nowrap">134<a name="Ocupacion-PatientCS-134"> </a></td><td>CAMINERO(A)</td></tr><tr><td style="white-space:nowrap">135<a name="Ocupacion-PatientCS-135"> </a></td><td>CANTANTE</td></tr><tr><td style="white-space:nowrap">136<a name="Ocupacion-PatientCS-136"> </a></td><td>CAPACITADOR CULTURAL</td></tr><tr><td style="white-space:nowrap">137<a name="Ocupacion-PatientCS-137"> </a></td><td>CAPATAZ</td></tr><tr><td style="white-space:nowrap">138<a name="Ocupacion-PatientCS-138"> </a></td><td>CARGADOR</td></tr><tr><td style="white-space:nowrap">139<a name="Ocupacion-PatientCS-139"> </a></td><td>CARNICERO</td></tr><tr><td style="white-space:nowrap">140<a name="Ocupacion-PatientCS-140"> </a></td><td>CARPINTERO</td></tr><tr><td style="white-space:nowrap">141<a name="Ocupacion-PatientCS-141"> </a></td><td>CARTERO</td></tr><tr><td style="white-space:nowrap">142<a name="Ocupacion-PatientCS-142"> </a></td><td>CECINERO</td></tr><tr><td style="white-space:nowrap">143<a name="Ocupacion-PatientCS-143"> </a></td><td>CERRAJERO</td></tr><tr><td style="white-space:nowrap">144<a name="Ocupacion-PatientCS-144"> </a></td><td>CERVEZERO</td></tr><tr><td style="white-space:nowrap">145<a name="Ocupacion-PatientCS-145"> </a></td><td>CESANTE</td></tr><tr><td style="white-space:nowrap">146<a name="Ocupacion-PatientCS-146"> </a></td><td>CHEF</td></tr><tr><td style="white-space:nowrap">147<a name="Ocupacion-PatientCS-147"> </a></td><td>CIENTIFICO NUCLEAR</td></tr><tr><td style="white-space:nowrap">148<a name="Ocupacion-PatientCS-148"> </a></td><td>CIENTISTA POLITICO</td></tr><tr><td style="white-space:nowrap">149<a name="Ocupacion-PatientCS-149"> </a></td><td>CIRCENSE</td></tr><tr><td style="white-space:nowrap">150<a name="Ocupacion-PatientCS-150"> </a></td><td>COBRADOR</td></tr><tr><td style="white-space:nowrap">151<a name="Ocupacion-PatientCS-151"> </a></td><td>COCINERA(O)</td></tr><tr><td style="white-space:nowrap">152<a name="Ocupacion-PatientCS-152"> </a></td><td>COCTELERA(O)</td></tr><tr><td style="white-space:nowrap">153<a name="Ocupacion-PatientCS-153"> </a></td><td>COLECTIVERO</td></tr><tr><td style="white-space:nowrap">154<a name="Ocupacion-PatientCS-154"> </a></td><td>COMERCIANTE</td></tr><tr><td style="white-space:nowrap">155<a name="Ocupacion-PatientCS-155"> </a></td><td>COMERCIANTE AMBULANTE</td></tr><tr><td style="white-space:nowrap">156<a name="Ocupacion-PatientCS-156"> </a></td><td>COMUNICADOR AUDIO VISUAL</td></tr><tr><td style="white-space:nowrap">157<a name="Ocupacion-PatientCS-157"> </a></td><td>CONCEJAL</td></tr><tr><td style="white-space:nowrap">158<a name="Ocupacion-PatientCS-158"> </a></td><td>CONCERJE</td></tr><tr><td style="white-space:nowrap">159<a name="Ocupacion-PatientCS-159"> </a></td><td>CONSTRUCCION</td></tr><tr><td style="white-space:nowrap">160<a name="Ocupacion-PatientCS-160"> </a></td><td>CONSULTOR(A)</td></tr><tr><td style="white-space:nowrap">161<a name="Ocupacion-PatientCS-161"> </a></td><td>CONTRATISTA</td></tr><tr><td style="white-space:nowrap">162<a name="Ocupacion-PatientCS-162"> </a></td><td>CONTROLADOR(A)</td></tr><tr><td style="white-space:nowrap">163<a name="Ocupacion-PatientCS-163"> </a></td><td>COORDINADOR(A)</td></tr><tr><td style="white-space:nowrap">164<a name="Ocupacion-PatientCS-164"> </a></td><td>COPERA(O)</td></tr><tr><td style="white-space:nowrap">165<a name="Ocupacion-PatientCS-165"> </a></td><td>CORRALERO ARREGLADOR DE C.</td></tr><tr><td style="white-space:nowrap">166<a name="Ocupacion-PatientCS-166"> </a></td><td>CORREDOR DE PROPIEDADES</td></tr><tr><td style="white-space:nowrap">167<a name="Ocupacion-PatientCS-167"> </a></td><td>CORREDOR DE SEGURO</td></tr><tr><td style="white-space:nowrap">168<a name="Ocupacion-PatientCS-168"> </a></td><td>CORRETAJE</td></tr><tr><td style="white-space:nowrap">169<a name="Ocupacion-PatientCS-169"> </a></td><td>CORRETAJE DE GANADO</td></tr><tr><td style="white-space:nowrap">170<a name="Ocupacion-PatientCS-170"> </a></td><td>CORTE Y CONFECCION</td></tr><tr><td style="white-space:nowrap">171<a name="Ocupacion-PatientCS-171"> </a></td><td>COSMETOLOGA</td></tr><tr><td style="white-space:nowrap">172<a name="Ocupacion-PatientCS-172"> </a></td><td>COSMETOLOGIA Y ESTETICA</td></tr><tr><td style="white-space:nowrap">173<a name="Ocupacion-PatientCS-173"> </a></td><td>COSTURA</td></tr><tr><td style="white-space:nowrap">174<a name="Ocupacion-PatientCS-174"> </a></td><td>CUARTELERO</td></tr><tr><td style="white-space:nowrap">175<a name="Ocupacion-PatientCS-175"> </a></td><td>CUIDA A ADULTO MAYOR</td></tr><tr><td style="white-space:nowrap">176<a name="Ocupacion-PatientCS-176"> </a></td><td>CUIDA DISCAPACITADO</td></tr><tr><td style="white-space:nowrap">177<a name="Ocupacion-PatientCS-177"> </a></td><td>CUIDA ENFERMOS</td></tr><tr><td style="white-space:nowrap">178<a name="Ocupacion-PatientCS-178"> </a></td><td>CUIDA NIÑOS</td></tr><tr><td style="white-space:nowrap">179<a name="Ocupacion-PatientCS-179"> </a></td><td>CUIDADOR</td></tr><tr><td style="white-space:nowrap">180<a name="Ocupacion-PatientCS-180"> </a></td><td>CUIDA MASCOTAS</td></tr><tr><td style="white-space:nowrap">181<a name="Ocupacion-PatientCS-181"> </a></td><td>DEPILADORA</td></tr><tr><td style="white-space:nowrap">182<a name="Ocupacion-PatientCS-182"> </a></td><td>DEPORTISTA DE ALTO RENDIMIENTO</td></tr><tr><td style="white-space:nowrap">183<a name="Ocupacion-PatientCS-183"> </a></td><td>DESABOLLADOR Y PINTURA</td></tr><tr><td style="white-space:nowrap">184<a name="Ocupacion-PatientCS-184"> </a></td><td>DETENIDO</td></tr><tr><td style="white-space:nowrap">185<a name="Ocupacion-PatientCS-185"> </a></td><td>DIACONO</td></tr><tr><td style="white-space:nowrap">186<a name="Ocupacion-PatientCS-186"> </a></td><td>DIARISTA</td></tr><tr><td style="white-space:nowrap">187<a name="Ocupacion-PatientCS-187"> </a></td><td>DIBUJANTE</td></tr><tr><td style="white-space:nowrap">188<a name="Ocupacion-PatientCS-188"> </a></td><td>DIBUJANTE TECNICO</td></tr><tr><td style="white-space:nowrap">189<a name="Ocupacion-PatientCS-189"> </a></td><td>DIGITADOR(A)</td></tr><tr><td style="white-space:nowrap">190<a name="Ocupacion-PatientCS-190"> </a></td><td>DIRIGENTE SOCIAL</td></tr><tr><td style="white-space:nowrap">191<a name="Ocupacion-PatientCS-191"> </a></td><td>EJECUTIVA</td></tr><tr><td style="white-space:nowrap">192<a name="Ocupacion-PatientCS-192"> </a></td><td>EJERCITO DE CHILE</td></tr><tr><td style="white-space:nowrap">193<a name="Ocupacion-PatientCS-193"> </a></td><td>ELECTRICISTA</td></tr><tr><td style="white-space:nowrap">194<a name="Ocupacion-PatientCS-194"> </a></td><td>ELECTRICO AUTOMOTRIZ</td></tr><tr><td style="white-space:nowrap">195<a name="Ocupacion-PatientCS-195"> </a></td><td>ELECTRICO MECANICO</td></tr><tr><td style="white-space:nowrap">196<a name="Ocupacion-PatientCS-196"> </a></td><td>EMBALADOR</td></tr><tr><td style="white-space:nowrap">197<a name="Ocupacion-PatientCS-197"> </a></td><td>EMBASADOR</td></tr><tr><td style="white-space:nowrap">198<a name="Ocupacion-PatientCS-198"> </a></td><td>EMPALILLADOR</td></tr><tr><td style="white-space:nowrap">199<a name="Ocupacion-PatientCS-199"> </a></td><td>EMPAQUE</td></tr><tr><td style="white-space:nowrap">200<a name="Ocupacion-PatientCS-200"> </a></td><td>EMPLEADO(A)</td></tr><tr><td style="white-space:nowrap">201<a name="Ocupacion-PatientCS-201"> </a></td><td>EMPLEADO PUBLICO</td></tr><tr><td style="white-space:nowrap">202<a name="Ocupacion-PatientCS-202"> </a></td><td>ENFIERRADOR</td></tr><tr><td style="white-space:nowrap">203<a name="Ocupacion-PatientCS-203"> </a></td><td>ENGRASADOR DE VEHICULOS</td></tr><tr><td style="white-space:nowrap">204<a name="Ocupacion-PatientCS-204"> </a></td><td>ENMARCADOR</td></tr><tr><td style="white-space:nowrap">205<a name="Ocupacion-PatientCS-205"> </a></td><td>ENSAMBLADOR</td></tr><tr><td style="white-space:nowrap">206<a name="Ocupacion-PatientCS-206"> </a></td><td>ENTRENADOR DEPORTIVO</td></tr><tr><td style="white-space:nowrap">207<a name="Ocupacion-PatientCS-207"> </a></td><td>ENVASADOR</td></tr><tr><td style="white-space:nowrap">208<a name="Ocupacion-PatientCS-208"> </a></td><td>ENZUNCHADOR</td></tr><tr><td style="white-space:nowrap">209<a name="Ocupacion-PatientCS-209"> </a></td><td>ESCRITOR</td></tr><tr><td style="white-space:nowrap">210<a name="Ocupacion-PatientCS-210"> </a></td><td>ESTAFETA</td></tr><tr><td style="white-space:nowrap">211<a name="Ocupacion-PatientCS-211"> </a></td><td>ESTAQUERO</td></tr><tr><td style="white-space:nowrap">212<a name="Ocupacion-PatientCS-212"> </a></td><td>ESTETICISTA</td></tr><tr><td style="white-space:nowrap">213<a name="Ocupacion-PatientCS-213"> </a></td><td>ESTIBADOR</td></tr><tr><td style="white-space:nowrap">214<a name="Ocupacion-PatientCS-214"> </a></td><td>ESTILISTA</td></tr><tr><td style="white-space:nowrap">215<a name="Ocupacion-PatientCS-215"> </a></td><td>ESTUDIANTE</td></tr><tr><td style="white-space:nowrap">216<a name="Ocupacion-PatientCS-216"> </a></td><td>EVENTOS</td></tr><tr><td style="white-space:nowrap">217<a name="Ocupacion-PatientCS-217"> </a></td><td>FABRICA DE QUESO</td></tr><tr><td style="white-space:nowrap">218<a name="Ocupacion-PatientCS-218"> </a></td><td>FABRICA DE MUEBLES</td></tr><tr><td style="white-space:nowrap">219<a name="Ocupacion-PatientCS-219"> </a></td><td>FABRICA DE VIDRIOS</td></tr><tr><td style="white-space:nowrap">220<a name="Ocupacion-PatientCS-220"> </a></td><td>FABRICA DE ZUECOS</td></tr><tr><td style="white-space:nowrap">221<a name="Ocupacion-PatientCS-221"> </a></td><td>FABRICA HOJALATERIA</td></tr><tr><td style="white-space:nowrap">222<a name="Ocupacion-PatientCS-222"> </a></td><td>FABRICA TEJIDOS</td></tr><tr><td style="white-space:nowrap">223<a name="Ocupacion-PatientCS-223"> </a></td><td>FABRICADOR DE COCINA</td></tr><tr><td style="white-space:nowrap">224<a name="Ocupacion-PatientCS-224"> </a></td><td>FABRICANTE DE VENTANA</td></tr><tr><td style="white-space:nowrap">225<a name="Ocupacion-PatientCS-225"> </a></td><td>FACILITADOR INTERCULTURAL</td></tr><tr><td style="white-space:nowrap">226<a name="Ocupacion-PatientCS-226"> </a></td><td>FAENA</td></tr><tr><td style="white-space:nowrap">227<a name="Ocupacion-PatientCS-227"> </a></td><td>FAENA AGRICOLA FORESTAL</td></tr><tr><td style="white-space:nowrap">228<a name="Ocupacion-PatientCS-228"> </a></td><td>FERIANTE</td></tr><tr><td style="white-space:nowrap">229<a name="Ocupacion-PatientCS-229"> </a></td><td>FERRETERO</td></tr><tr><td style="white-space:nowrap">230<a name="Ocupacion-PatientCS-230"> </a></td><td>FISCALIZADOR(A)</td></tr><tr><td style="white-space:nowrap">231<a name="Ocupacion-PatientCS-231"> </a></td><td>FISICO</td></tr><tr><td style="white-space:nowrap">232<a name="Ocupacion-PatientCS-232"> </a></td><td>FISICA NUCLEAR</td></tr><tr><td style="white-space:nowrap">233<a name="Ocupacion-PatientCS-233"> </a></td><td>FLETES</td></tr><tr><td style="white-space:nowrap">234<a name="Ocupacion-PatientCS-234"> </a></td><td>FLORISTA</td></tr><tr><td style="white-space:nowrap">235<a name="Ocupacion-PatientCS-235"> </a></td><td>FOTOGRAFO(A)</td></tr><tr><td style="white-space:nowrap">236<a name="Ocupacion-PatientCS-236"> </a></td><td>FUNCIONARIO MUNICIPAL.</td></tr><tr><td style="white-space:nowrap">237<a name="Ocupacion-PatientCS-237"> </a></td><td>FUNCIONARIO PUBLICO</td></tr><tr><td style="white-space:nowrap">238<a name="Ocupacion-PatientCS-238"> </a></td><td>FUNDIDOR</td></tr><tr><td style="white-space:nowrap">239<a name="Ocupacion-PatientCS-239"> </a></td><td>FUTBOLISTA</td></tr><tr><td style="white-space:nowrap">240<a name="Ocupacion-PatientCS-240"> </a></td><td>GARZON(A)</td></tr><tr><td style="white-space:nowrap">241<a name="Ocupacion-PatientCS-241"> </a></td><td>GASFITER</td></tr><tr><td style="white-space:nowrap">242<a name="Ocupacion-PatientCS-242"> </a></td><td>GASTRONOMO(A)</td></tr><tr><td style="white-space:nowrap">243<a name="Ocupacion-PatientCS-243"> </a></td><td>GEOGRAFO</td></tr><tr><td style="white-space:nowrap">244<a name="Ocupacion-PatientCS-244"> </a></td><td>GERDARME</td></tr><tr><td style="white-space:nowrap">245<a name="Ocupacion-PatientCS-245"> </a></td><td>GERENTE(A)</td></tr><tr><td style="white-space:nowrap">246<a name="Ocupacion-PatientCS-246"> </a></td><td>GINETE</td></tr><tr><td style="white-space:nowrap">247<a name="Ocupacion-PatientCS-247"> </a></td><td>GROUPIER</td></tr><tr><td style="white-space:nowrap">248<a name="Ocupacion-PatientCS-248"> </a></td><td>GUARDA BOSQUE</td></tr><tr><td style="white-space:nowrap">249<a name="Ocupacion-PatientCS-249"> </a></td><td>GUARDA PARQUE</td></tr><tr><td style="white-space:nowrap">250<a name="Ocupacion-PatientCS-250"> </a></td><td>GUARDADORA</td></tr><tr><td style="white-space:nowrap">251<a name="Ocupacion-PatientCS-251"> </a></td><td>GUARDIA</td></tr><tr><td style="white-space:nowrap">252<a name="Ocupacion-PatientCS-252"> </a></td><td>GUIA</td></tr><tr><td style="white-space:nowrap">253<a name="Ocupacion-PatientCS-253"> </a></td><td>GUIA DE MONTAñA</td></tr><tr><td style="white-space:nowrap">254<a name="Ocupacion-PatientCS-254"> </a></td><td>GUIA INTERCULTURAL.</td></tr><tr><td style="white-space:nowrap">255<a name="Ocupacion-PatientCS-255"> </a></td><td>GUIA TURISTICO</td></tr><tr><td style="white-space:nowrap">256<a name="Ocupacion-PatientCS-256"> </a></td><td>HERRERO</td></tr><tr><td style="white-space:nowrap">257<a name="Ocupacion-PatientCS-257"> </a></td><td>HIGENISTA DENTAL</td></tr><tr><td style="white-space:nowrap">258<a name="Ocupacion-PatientCS-258"> </a></td><td>HOJALATERO</td></tr><tr><td style="white-space:nowrap">259<a name="Ocupacion-PatientCS-259"> </a></td><td>HORTELANA</td></tr><tr><td style="white-space:nowrap">260<a name="Ocupacion-PatientCS-260"> </a></td><td>INDEPENDIENTE</td></tr><tr><td style="white-space:nowrap">261<a name="Ocupacion-PatientCS-261"> </a></td><td>IMPREGNADOR</td></tr><tr><td style="white-space:nowrap">262<a name="Ocupacion-PatientCS-262"> </a></td><td>INSTALADOR(A)</td></tr><tr><td style="white-space:nowrap">263<a name="Ocupacion-PatientCS-263"> </a></td><td>INSTRUCTOR(A)</td></tr><tr><td style="white-space:nowrap">264<a name="Ocupacion-PatientCS-264"> </a></td><td>INSTRUCTOR KARETE</td></tr><tr><td style="white-space:nowrap">265<a name="Ocupacion-PatientCS-265"> </a></td><td>INSTRUCTORA DE ZUMBA</td></tr><tr><td style="white-space:nowrap">266<a name="Ocupacion-PatientCS-266"> </a></td><td>INTENDENTE</td></tr><tr><td style="white-space:nowrap">267<a name="Ocupacion-PatientCS-267"> </a></td><td>INTERNADO DE ESTUDIOS SUPERIORES</td></tr><tr><td style="white-space:nowrap">268<a name="Ocupacion-PatientCS-268"> </a></td><td>INTERNO(A) CARCEL</td></tr><tr><td style="white-space:nowrap">269<a name="Ocupacion-PatientCS-269"> </a></td><td>INTERPRETE LEGUAS</td></tr><tr><td style="white-space:nowrap">270<a name="Ocupacion-PatientCS-270"> </a></td><td>INVALIDEZ</td></tr><tr><td style="white-space:nowrap">271<a name="Ocupacion-PatientCS-271"> </a></td><td>JARDINERO(A)</td></tr><tr><td style="white-space:nowrap">272<a name="Ocupacion-PatientCS-272"> </a></td><td>JEFE(A)</td></tr><tr><td style="white-space:nowrap">273<a name="Ocupacion-PatientCS-273"> </a></td><td>JORNALERO</td></tr><tr><td style="white-space:nowrap">274<a name="Ocupacion-PatientCS-274"> </a></td><td>JOYERO(A)</td></tr><tr><td style="white-space:nowrap">275<a name="Ocupacion-PatientCS-275"> </a></td><td>JUBILADO</td></tr><tr><td style="white-space:nowrap">276<a name="Ocupacion-PatientCS-276"> </a></td><td>JUNIOR</td></tr><tr><td style="white-space:nowrap">277<a name="Ocupacion-PatientCS-277"> </a></td><td>LABORATORISTA</td></tr><tr><td style="white-space:nowrap">278<a name="Ocupacion-PatientCS-278"> </a></td><td>LACTANTE</td></tr><tr><td style="white-space:nowrap">279<a name="Ocupacion-PatientCS-279"> </a></td><td>LECHERO</td></tr><tr><td style="white-space:nowrap">280<a name="Ocupacion-PatientCS-280"> </a></td><td>LECTOR</td></tr><tr><td style="white-space:nowrap">281<a name="Ocupacion-PatientCS-281"> </a></td><td>LECTOR DE LUZ</td></tr><tr><td style="white-space:nowrap">282<a name="Ocupacion-PatientCS-282"> </a></td><td>LEÑADOR</td></tr><tr><td style="white-space:nowrap">283<a name="Ocupacion-PatientCS-283"> </a></td><td>LOCUTOR(A)</td></tr><tr><td style="white-space:nowrap">284<a name="Ocupacion-PatientCS-284"> </a></td><td>LUSTRA BOTAS</td></tr><tr><td style="white-space:nowrap">285<a name="Ocupacion-PatientCS-285"> </a></td><td>MACHI</td></tr><tr><td style="white-space:nowrap">286<a name="Ocupacion-PatientCS-286"> </a></td><td>MADERERO</td></tr><tr><td style="white-space:nowrap">287<a name="Ocupacion-PatientCS-287"> </a></td><td>MAESTRO(A) DE COCINA</td></tr><tr><td style="white-space:nowrap">288<a name="Ocupacion-PatientCS-288"> </a></td><td>MAESTRO(A) PASTELERO(A)</td></tr><tr><td style="white-space:nowrap">289<a name="Ocupacion-PatientCS-289"> </a></td><td>MAESTRO</td></tr><tr><td style="white-space:nowrap">290<a name="Ocupacion-PatientCS-290"> </a></td><td>MALABARISTA</td></tr><tr><td style="white-space:nowrap">291<a name="Ocupacion-PatientCS-291"> </a></td><td>MANEJA MAQUINA PESADA</td></tr><tr><td style="white-space:nowrap">292<a name="Ocupacion-PatientCS-292"> </a></td><td>MANICURISTA</td></tr><tr><td style="white-space:nowrap">293<a name="Ocupacion-PatientCS-293"> </a></td><td>MANIPULADOR(A) DE ALIMENTOS</td></tr><tr><td style="white-space:nowrap">294<a name="Ocupacion-PatientCS-294"> </a></td><td>MANIPULADORA</td></tr><tr><td style="white-space:nowrap">295<a name="Ocupacion-PatientCS-295"> </a></td><td>MARINO MERCANTE</td></tr><tr><td style="white-space:nowrap">296<a name="Ocupacion-PatientCS-296"> </a></td><td>MARISCADOR</td></tr><tr><td style="white-space:nowrap">297<a name="Ocupacion-PatientCS-297"> </a></td><td>MASAJISTA</td></tr><tr><td style="white-space:nowrap">298<a name="Ocupacion-PatientCS-298"> </a></td><td>MASOTERAPEUTA</td></tr><tr><td style="white-space:nowrap">299<a name="Ocupacion-PatientCS-299"> </a></td><td>MAYORDOMO</td></tr><tr><td style="white-space:nowrap">300<a name="Ocupacion-PatientCS-300"> </a></td><td>MECANICO</td></tr><tr><td style="white-space:nowrap">301<a name="Ocupacion-PatientCS-301"> </a></td><td>MECANICO AUTOMOTRIZ</td></tr><tr><td style="white-space:nowrap">302<a name="Ocupacion-PatientCS-302"> </a></td><td>MECANICO INDUSTRIAL</td></tr><tr><td style="white-space:nowrap">303<a name="Ocupacion-PatientCS-303"> </a></td><td>MEDIADORA FAMILIAR</td></tr><tr><td style="white-space:nowrap">304<a name="Ocupacion-PatientCS-304"> </a></td><td>MESERA(O)</td></tr><tr><td style="white-space:nowrap">305<a name="Ocupacion-PatientCS-305"> </a></td><td>MICROEMPRESARIO(A)</td></tr><tr><td style="white-space:nowrap">306<a name="Ocupacion-PatientCS-306"> </a></td><td>MINERO</td></tr><tr><td style="white-space:nowrap">307<a name="Ocupacion-PatientCS-307"> </a></td><td>MISIONERO(A)</td></tr><tr><td style="white-space:nowrap">308<a name="Ocupacion-PatientCS-308"> </a></td><td>MODISTA</td></tr><tr><td style="white-space:nowrap">309<a name="Ocupacion-PatientCS-309"> </a></td><td>MOLINERO</td></tr><tr><td style="white-space:nowrap">310<a name="Ocupacion-PatientCS-310"> </a></td><td>MONITOR(A)</td></tr><tr><td style="white-space:nowrap">311<a name="Ocupacion-PatientCS-311"> </a></td><td>MONJA</td></tr><tr><td style="white-space:nowrap">312<a name="Ocupacion-PatientCS-312"> </a></td><td>MONTAJE EQUIPOS</td></tr><tr><td style="white-space:nowrap">313<a name="Ocupacion-PatientCS-313"> </a></td><td>MONTAJE</td></tr><tr><td style="white-space:nowrap">314<a name="Ocupacion-PatientCS-314"> </a></td><td>MOTOSIERRISTA</td></tr><tr><td style="white-space:nowrap">315<a name="Ocupacion-PatientCS-315"> </a></td><td>MOZO</td></tr><tr><td style="white-space:nowrap">316<a name="Ocupacion-PatientCS-316"> </a></td><td>MR</td></tr><tr><td style="white-space:nowrap">317<a name="Ocupacion-PatientCS-317"> </a></td><td>MUCAMA</td></tr><tr><td style="white-space:nowrap">318<a name="Ocupacion-PatientCS-318"> </a></td><td>MUEBLISTA</td></tr><tr><td style="white-space:nowrap">319<a name="Ocupacion-PatientCS-319"> </a></td><td>MUSICO</td></tr><tr><td style="white-space:nowrap">320<a name="Ocupacion-PatientCS-320"> </a></td><td>NO APLICA</td></tr><tr><td style="white-space:nowrap">321<a name="Ocupacion-PatientCS-321"> </a></td><td>NO INFORMADO</td></tr><tr><td style="white-space:nowrap">322<a name="Ocupacion-PatientCS-322"> </a></td><td>NOCHERO</td></tr><tr><td style="white-space:nowrap">323<a name="Ocupacion-PatientCS-323"> </a></td><td>OBRERO(A)</td></tr><tr><td style="white-space:nowrap">324<a name="Ocupacion-PatientCS-324"> </a></td><td>OBRERO AGRICOLA</td></tr><tr><td style="white-space:nowrap">325<a name="Ocupacion-PatientCS-325"> </a></td><td>OBRERO CONSTRUCCION</td></tr><tr><td style="white-space:nowrap">326<a name="Ocupacion-PatientCS-326"> </a></td><td>OBRERO FORESTAL</td></tr><tr><td style="white-space:nowrap">327<a name="Ocupacion-PatientCS-327"> </a></td><td>OPERADOR(A)</td></tr><tr><td style="white-space:nowrap">328<a name="Ocupacion-PatientCS-328"> </a></td><td>ORFEBRE</td></tr><tr><td style="white-space:nowrap">329<a name="Ocupacion-PatientCS-329"> </a></td><td>ORGANILLERA</td></tr><tr><td style="white-space:nowrap">330<a name="Ocupacion-PatientCS-330"> </a></td><td>ORGANIZADOR DE EVENTOS</td></tr><tr><td style="white-space:nowrap">331<a name="Ocupacion-PatientCS-331"> </a></td><td>ORIENTADORA</td></tr><tr><td style="white-space:nowrap">332<a name="Ocupacion-PatientCS-332"> </a></td><td>ORQUILLERO</td></tr><tr><td style="white-space:nowrap">333<a name="Ocupacion-PatientCS-333"> </a></td><td>PAISAJISTA</td></tr><tr><td style="white-space:nowrap">334<a name="Ocupacion-PatientCS-334"> </a></td><td>PANADERO</td></tr><tr><td style="white-space:nowrap">335<a name="Ocupacion-PatientCS-335"> </a></td><td>PLANIFICADOR</td></tr><tr><td style="white-space:nowrap">336<a name="Ocupacion-PatientCS-336"> </a></td><td>PARQUIMETRO</td></tr><tr><td style="white-space:nowrap">337<a name="Ocupacion-PatientCS-337"> </a></td><td>PASTELERA(O)</td></tr><tr><td style="white-space:nowrap">338<a name="Ocupacion-PatientCS-338"> </a></td><td>PASTOR</td></tr><tr><td style="white-space:nowrap">339<a name="Ocupacion-PatientCS-339"> </a></td><td>PELUQUERO(A)</td></tr><tr><td style="white-space:nowrap">340<a name="Ocupacion-PatientCS-340"> </a></td><td>PENSIONADO(A)</td></tr><tr><td style="white-space:nowrap">341<a name="Ocupacion-PatientCS-341"> </a></td><td>PERSONAL DE ASEO</td></tr><tr><td style="white-space:nowrap">342<a name="Ocupacion-PatientCS-342"> </a></td><td>PESCADOR ARTESANAL</td></tr><tr><td style="white-space:nowrap">343<a name="Ocupacion-PatientCS-343"> </a></td><td>PETICERO</td></tr><tr><td style="white-space:nowrap">344<a name="Ocupacion-PatientCS-344"> </a></td><td>PICADOR DE LEñA</td></tr><tr><td style="white-space:nowrap">345<a name="Ocupacion-PatientCS-345"> </a></td><td>PINTOR</td></tr><tr><td style="white-space:nowrap">346<a name="Ocupacion-PatientCS-346"> </a></td><td>PINTOR AUTOMOTRIZ</td></tr><tr><td style="white-space:nowrap">347<a name="Ocupacion-PatientCS-347"> </a></td><td>PIONETA</td></tr><tr><td style="white-space:nowrap">348<a name="Ocupacion-PatientCS-348"> </a></td><td>PLATERO</td></tr><tr><td style="white-space:nowrap">349<a name="Ocupacion-PatientCS-349"> </a></td><td>PODADOR</td></tr><tr><td style="white-space:nowrap">350<a name="Ocupacion-PatientCS-350"> </a></td><td>PORTERO</td></tr><tr><td style="white-space:nowrap">351<a name="Ocupacion-PatientCS-351"> </a></td><td>PRENSISTA</td></tr><tr><td style="white-space:nowrap">352<a name="Ocupacion-PatientCS-352"> </a></td><td>PREPARADOR</td></tr><tr><td style="white-space:nowrap">353<a name="Ocupacion-PatientCS-353"> </a></td><td>PREPARADOR  FISICO</td></tr><tr><td style="white-space:nowrap">354<a name="Ocupacion-PatientCS-354"> </a></td><td>PREPARADOR DE CABALLOS</td></tr><tr><td style="white-space:nowrap">355<a name="Ocupacion-PatientCS-355"> </a></td><td>PRESTADOR DE SERVICIOS</td></tr><tr><td style="white-space:nowrap">356<a name="Ocupacion-PatientCS-356"> </a></td><td>PREVENCIONISTA DE RIESGO</td></tr><tr><td style="white-space:nowrap">357<a name="Ocupacion-PatientCS-357"> </a></td><td>PROCURADOR</td></tr><tr><td style="white-space:nowrap">358<a name="Ocupacion-PatientCS-358"> </a></td><td>PROMOTOR(A)</td></tr><tr><td style="white-space:nowrap">359<a name="Ocupacion-PatientCS-359"> </a></td><td>PSICOPEDAGOGA</td></tr><tr><td style="white-space:nowrap">360<a name="Ocupacion-PatientCS-360"> </a></td><td>PUBLICISTA</td></tr><tr><td style="white-space:nowrap">361<a name="Ocupacion-PatientCS-361"> </a></td><td>RADIO OPERADOR</td></tr><tr><td style="white-space:nowrap">362<a name="Ocupacion-PatientCS-362"> </a></td><td>RECAUDADOR(A)</td></tr><tr><td style="white-space:nowrap">363<a name="Ocupacion-PatientCS-363"> </a></td><td>RECEPCIONISTA</td></tr><tr><td style="white-space:nowrap">364<a name="Ocupacion-PatientCS-364"> </a></td><td>RECLUSO</td></tr><tr><td style="white-space:nowrap">365<a name="Ocupacion-PatientCS-365"> </a></td><td>RECOLECTOR</td></tr><tr><td style="white-space:nowrap">366<a name="Ocupacion-PatientCS-366"> </a></td><td>RELIGIOSA</td></tr><tr><td style="white-space:nowrap">367<a name="Ocupacion-PatientCS-367"> </a></td><td>REPARADOR BICICLETAS</td></tr><tr><td style="white-space:nowrap">368<a name="Ocupacion-PatientCS-368"> </a></td><td>REPARADOR DE CALZADO</td></tr><tr><td style="white-space:nowrap">369<a name="Ocupacion-PatientCS-369"> </a></td><td>REPARTIDOR</td></tr><tr><td style="white-space:nowrap">370<a name="Ocupacion-PatientCS-370"> </a></td><td>REPONEDOR(A)</td></tr><tr><td style="white-space:nowrap">371<a name="Ocupacion-PatientCS-371"> </a></td><td>REPOSTERA</td></tr><tr><td style="white-space:nowrap">372<a name="Ocupacion-PatientCS-372"> </a></td><td>RONDIN</td></tr><tr><td style="white-space:nowrap">373<a name="Ocupacion-PatientCS-373"> </a></td><td>SACERDOTE</td></tr><tr><td style="white-space:nowrap">374<a name="Ocupacion-PatientCS-374"> </a></td><td>SALVAVIDAS</td></tr><tr><td style="white-space:nowrap">375<a name="Ocupacion-PatientCS-375"> </a></td><td>SERVICIO DOMESTICO</td></tr><tr><td style="white-space:nowrap">376<a name="Ocupacion-PatientCS-376"> </a></td><td>SERVICIO SEXUAL</td></tr><tr><td style="white-space:nowrap">377<a name="Ocupacion-PatientCS-377"> </a></td><td>SIN OCUPACION</td></tr><tr><td style="white-space:nowrap">378<a name="Ocupacion-PatientCS-378"> </a></td><td>SOLDADOR</td></tr><tr><td style="white-space:nowrap">379<a name="Ocupacion-PatientCS-379"> </a></td><td>SONIDISTA</td></tr><tr><td style="white-space:nowrap">380<a name="Ocupacion-PatientCS-380"> </a></td><td>SOSTENEDOR</td></tr><tr><td style="white-space:nowrap">381<a name="Ocupacion-PatientCS-381"> </a></td><td>SUBCOMISARIO DE INVESTIGACIONES</td></tr><tr><td style="white-space:nowrap">382<a name="Ocupacion-PatientCS-382"> </a></td><td>SUBDIRECTOR ADMINISTRATIVO</td></tr><tr><td style="white-space:nowrap">383<a name="Ocupacion-PatientCS-383"> </a></td><td>SUPERVISOR(A)</td></tr><tr><td style="white-space:nowrap">384<a name="Ocupacion-PatientCS-384"> </a></td><td>SUPLEMENTERO(A)</td></tr><tr><td style="white-space:nowrap">385<a name="Ocupacion-PatientCS-385"> </a></td><td>TAPICERO</td></tr><tr><td style="white-space:nowrap">386<a name="Ocupacion-PatientCS-386"> </a></td><td>TATUADOR(A)</td></tr><tr><td style="white-space:nowrap">387<a name="Ocupacion-PatientCS-387"> </a></td><td>TAXISTA</td></tr><tr><td style="white-space:nowrap">388<a name="Ocupacion-PatientCS-388"> </a></td><td>TECNICO</td></tr><tr><td style="white-space:nowrap">389<a name="Ocupacion-PatientCS-389"> </a></td><td>TEMPORERA</td></tr><tr><td style="white-space:nowrap">390<a name="Ocupacion-PatientCS-390"> </a></td><td>TOPOGRAFO</td></tr><tr><td style="white-space:nowrap">391<a name="Ocupacion-PatientCS-391"> </a></td><td>TORNERO</td></tr><tr><td style="white-space:nowrap">392<a name="Ocupacion-PatientCS-392"> </a></td><td>TRABAJOS ESPORADICOS</td></tr><tr><td style="white-space:nowrap">393<a name="Ocupacion-PatientCS-393"> </a></td><td>TRACTORISTA</td></tr><tr><td style="white-space:nowrap">394<a name="Ocupacion-PatientCS-394"> </a></td><td>TRADUCTOR(A)</td></tr><tr><td style="white-space:nowrap">395<a name="Ocupacion-PatientCS-395"> </a></td><td>TRAMITES DE PENSION</td></tr><tr><td style="white-space:nowrap">396<a name="Ocupacion-PatientCS-396"> </a></td><td>TRANSPORTE</td></tr><tr><td style="white-space:nowrap">397<a name="Ocupacion-PatientCS-397"> </a></td><td>TRANSPORTE ESCOLAR</td></tr><tr><td style="white-space:nowrap">398<a name="Ocupacion-PatientCS-398"> </a></td><td>TRANSPORTISTA</td></tr><tr><td style="white-space:nowrap">399<a name="Ocupacion-PatientCS-399"> </a></td><td>TRASADOR</td></tr><tr><td style="white-space:nowrap">400<a name="Ocupacion-PatientCS-400"> </a></td><td>TRASPORTE DE PASAJEROS</td></tr><tr><td style="white-space:nowrap">401<a name="Ocupacion-PatientCS-401"> </a></td><td>TRATERO</td></tr><tr><td style="white-space:nowrap">402<a name="Ocupacion-PatientCS-402"> </a></td><td>TURISMO</td></tr><tr><td style="white-space:nowrap">403<a name="Ocupacion-PatientCS-403"> </a></td><td>TUTORA DE SENAME</td></tr><tr><td style="white-space:nowrap">404<a name="Ocupacion-PatientCS-404"> </a></td><td>URBANIZADOR</td></tr><tr><td style="white-space:nowrap">405<a name="Ocupacion-PatientCS-405"> </a></td><td>VAJILLERA</td></tr><tr><td style="white-space:nowrap">406<a name="Ocupacion-PatientCS-406"> </a></td><td>VENDEDOR(A)</td></tr><tr><td style="white-space:nowrap">407<a name="Ocupacion-PatientCS-407"> </a></td><td>VIDRIERO</td></tr><tr><td style="white-space:nowrap">408<a name="Ocupacion-PatientCS-408"> </a></td><td>VIGILANTE</td></tr><tr><td style="white-space:nowrap">409<a name="Ocupacion-PatientCS-409"> </a></td><td>VISITADOR MEDICO</td></tr><tr><td style="white-space:nowrap">410<a name="Ocupacion-PatientCS-410"> </a></td><td>VITRINISTA</td></tr><tr><td style="white-space:nowrap">411<a name="Ocupacion-PatientCS-411"> </a></td><td>VULCANIZADOR</td></tr><tr><td style="white-space:nowrap">412<a name="Ocupacion-PatientCS-412"> </a></td><td>YERBATERA</td></tr><tr><td style="white-space:nowrap">413<a name="Ocupacion-PatientCS-413"> </a></td><td>ZAPATERO</td></tr><tr><td style="white-space:nowrap">414<a name="Ocupacion-PatientCS-414"> </a></td><td>DUEÑA DE CASA</td></tr><tr><td style="white-space:nowrap">000<a name="Ocupacion-PatientCS-000"> </a></td><td>SIN INFORMACION</td></tr><tr><td style="white-space:nowrap">416<a name="Ocupacion-PatientCS-416"> </a></td><td>INCAPACITADO(A) PERMANENTE PARA TRABAJAR</td></tr><tr><td style="white-space:nowrap">417<a name="Ocupacion-PatientCS-417"> </a></td><td>REMUNERADOR INDEPENDIENTE</td></tr><tr><td style="white-space:nowrap">418<a name="Ocupacion-PatientCS-418"> </a></td><td>REMUNERADOR DEPENDIENTE</td></tr><tr><td style="white-space:nowrap">419<a name="Ocupacion-PatientCS-419"> </a></td><td>RENTISTA</td></tr></table></div>
  </text>
  <url value="https://www.ssasur.cl/fhir/ig/ASV/CodeSystem/Ocupacion-PatientCS"/>
  <version value="0.5.3"/>
  <name value="OcupacionCS"/>
  <title value="Ocupación"/>
  <status value="active"/>
  <experimental value="true"/>
  <date value="2022-12-01T14:22:43-03:00"/>
  <publisher value="Servicio de Salud Araucania Sur"/>
  <contact>
    <name value="Servicio de Salud Araucania Sur"/>
    <telecom>
      <system value="url"/>
      <value value="https://www.araucaniasur.cl/"/>
    </telecom>
  </contact>
  <contact>
    <name value="Franco Ulloa"/>
    <telecom>
      <system value="email"/>
      <value value="franco.ulloam@redsalud.gob.cl"/>
      <use value="work"/>
    </telecom>
  </contact>
  <description value="Codificación de la ocupación que puede tener el paciente, dado la terminología"/>
  <jurisdiction>
    <coding>
      <system value="urn:iso:std:iso:3166"/>
      <code value="CL"/>
      <display value="Chile"/>
    </coding>
  </jurisdiction>
  <caseSensitive value="true"/>
  <content value="complete"/>
  <count value="418"/>
  <concept>
    <code value="001"/>
    <display value="ABOGADO"/>
  </concept>
  <concept>
    <code value="002"/>
    <display value="ADMINISTRADOR PUBLICO"/>
  </concept>
  <concept>
    <code value="003"/>
    <display value="ADMINISTRATIVOS"/>
  </concept>
  <concept>
    <code value="004"/>
    <display value="ANATOMIA PATOLOGICA"/>
  </concept>
  <concept>
    <code value="005"/>
    <display value="ANESTESIA"/>
  </concept>
  <concept>
    <code value="006"/>
    <display value="ANTROPOLOGO"/>
  </concept>
  <concept>
    <code value="007"/>
    <display value="ARQUITECTO"/>
  </concept>
  <concept>
    <code value="008"/>
    <display value="ASISTENTE SOCIAL"/>
  </concept>
  <concept>
    <code value="009"/>
    <display value="AUXILIAR"/>
  </concept>
  <concept>
    <code value="010"/>
    <display value="AUXILIAR PARAMEDICO"/>
  </concept>
  <concept>
    <code value="011"/>
    <display value="BIOQUIMICO"/>
  </concept>
  <concept>
    <code value="012"/>
    <display value="CHOFER"/>
  </concept>
  <concept>
    <code value="013"/>
    <display value="CIRUGIA"/>
  </concept>
  <concept>
    <code value="014"/>
    <display value="CIRUGIA INFANTIL"/>
  </concept>
  <concept>
    <code value="015"/>
    <display value="CONSTRUCTOR CIVIL"/>
  </concept>
  <concept>
    <code value="016"/>
    <display value="CONTADOR"/>
  </concept>
  <concept>
    <code value="017"/>
    <display value="CONTADOR AUDITOR"/>
  </concept>
  <concept>
    <code value="018"/>
    <display value="DENTISTA ATENCION INTEGRAL/DOCENCIA DE SERVICIO"/>
  </concept>
  <concept>
    <code value="019"/>
    <display value="DENTISTA BECARIO DE RETORNO"/>
  </concept>
  <concept>
    <code value="020"/>
    <display value="DENTISTA BECARIO PRIMARIO"/>
  </concept>
  <concept>
    <code value="021"/>
    <display value="DENTISTA GENERAL DE ZONA"/>
  </concept>
  <concept>
    <code value="022"/>
    <display value="DENTISTA PERIODO ASISTENCIAL OBLIGATORIO"/>
  </concept>
  <concept>
    <code value="023"/>
    <display value="DERMATOLOGIA"/>
  </concept>
  <concept>
    <code value="024"/>
    <display value="DISEÑADOR GRAFICO"/>
  </concept>
  <concept>
    <code value="025"/>
    <display value="EDUCADOR SANITARIO"/>
  </concept>
  <concept>
    <code value="026"/>
    <display value="EDUCADORA DE PARVULOS"/>
  </concept>
  <concept>
    <code value="027"/>
    <display value="ENCUESTADOR Y CODIFICADOR DE DATOS"/>
  </concept>
  <concept>
    <code value="028"/>
    <display value="ENFERMERA"/>
  </concept>
  <concept>
    <code value="029"/>
    <display value="ESTADISTICO PROFESIONAL"/>
  </concept>
  <concept>
    <code value="030"/>
    <display value="ESTADISTICO TECNICO"/>
  </concept>
  <concept>
    <code value="031"/>
    <display value="FISIATRIA"/>
  </concept>
  <concept>
    <code value="032"/>
    <display value="FONOAUDIOLOGO"/>
  </concept>
  <concept>
    <code value="033"/>
    <display value="GEOGRAFO"/>
  </concept>
  <concept>
    <code value="034"/>
    <display value="INGENIERO CIVIL"/>
  </concept>
  <concept>
    <code value="035"/>
    <display value="INGENIERO COMERCIAL"/>
  </concept>
  <concept>
    <code value="036"/>
    <display value="INGENIERO DE EJECUCION"/>
  </concept>
  <concept>
    <code value="037"/>
    <display value="INSPECTORES"/>
  </concept>
  <concept>
    <code value="038"/>
    <display value="KINESIOLOGO"/>
  </concept>
  <concept>
    <code value="039"/>
    <display value="LABORATORIO CLINICO"/>
  </concept>
  <concept>
    <code value="040"/>
    <display value="LABORATORISTA DENTAL"/>
  </concept>
  <concept>
    <code value="041"/>
    <display value="MATRONA"/>
  </concept>
  <concept>
    <code value="042"/>
    <display value="MEDICINA FISICA Y REHABILITACION"/>
  </concept>
  <concept>
    <code value="043"/>
    <display value="MEDICINA INTEGRAL"/>
  </concept>
  <concept>
    <code value="044"/>
    <display value="MEDICINA INTERNA"/>
  </concept>
  <concept>
    <code value="045"/>
    <display value="MEDICINA NUCLEAR"/>
  </concept>
  <concept>
    <code value="046"/>
    <display value="MEDICINA SALUD FAMILIAR"/>
  </concept>
  <concept>
    <code value="047"/>
    <display value="MEDICO ATENCION INTEGRAL"/>
  </concept>
  <concept>
    <code value="048"/>
    <display value="MEDICO BECADO DE RETORNO"/>
  </concept>
  <concept>
    <code value="049"/>
    <display value="MEDICO BECADO PRIMARIO"/>
  </concept>
  <concept>
    <code value="050"/>
    <display value="MEDICO PERIODO ASISTENCIAL OBLIGATORIO"/>
  </concept>
  <concept>
    <code value="051"/>
    <display value="MEDICO VETERINARIO"/>
  </concept>
  <concept>
    <code value="052"/>
    <display value="NEUMOTISIOLOGIA"/>
  </concept>
  <concept>
    <code value="053"/>
    <display value="NEUROCIRUGIA"/>
  </concept>
  <concept>
    <code value="054"/>
    <display value="NEUROLOGIA"/>
  </concept>
  <concept>
    <code value="055"/>
    <display value="NEUROPSIQUIATRIA INFANTIL"/>
  </concept>
  <concept>
    <code value="056"/>
    <display value="NUTRICIONISTA"/>
  </concept>
  <concept>
    <code value="057"/>
    <display value="OBSTETRICIA Y GINECOLOGIA"/>
  </concept>
  <concept>
    <code value="058"/>
    <display value="ODONTOLOGO/DENTISTA"/>
  </concept>
  <concept>
    <code value="059"/>
    <display value="OFTALMOLOGIA"/>
  </concept>
  <concept>
    <code value="060"/>
    <display value="ONCOLOGIA"/>
  </concept>
  <concept>
    <code value="061"/>
    <display value="OTORRINOLARINGOLOGIA"/>
  </concept>
  <concept>
    <code value="062"/>
    <display value="OTROS TECNICOS"/>
  </concept>
  <concept>
    <code value="063"/>
    <display value="PEDIATRIA"/>
  </concept>
  <concept>
    <code value="064"/>
    <display value="PERIODISTA"/>
  </concept>
  <concept>
    <code value="065"/>
    <display value="PODOLOGO"/>
  </concept>
  <concept>
    <code value="066"/>
    <display value="PROCESADOR DE DATOS"/>
  </concept>
  <concept>
    <code value="067"/>
    <display value="PROFESOR"/>
  </concept>
  <concept>
    <code value="068"/>
    <display value="PSICOLOGO"/>
  </concept>
  <concept>
    <code value="069"/>
    <display value="PSIQUIATRIA"/>
  </concept>
  <concept>
    <code value="070"/>
    <display value="PSIQUIATRIA INFANTIL"/>
  </concept>
  <concept>
    <code value="071"/>
    <display value="QUIMICO FARMACEUTICO"/>
  </concept>
  <concept>
    <code value="072"/>
    <display value="QUIMICO FARMACEUTICO GENERAL DE ZONA"/>
  </concept>
  <concept>
    <code value="073"/>
    <display value="RADIOLOGIA"/>
  </concept>
  <concept>
    <code value="074"/>
    <display value="RADIOTERAPIA/ ONCOLOGIA"/>
  </concept>
  <concept>
    <code value="075"/>
    <display value="RELACIONADOR PUBLICO"/>
  </concept>
  <concept>
    <code value="076"/>
    <display value="SALUD PUBLICA"/>
  </concept>
  <concept>
    <code value="077"/>
    <display value="SECRETARIO/A"/>
  </concept>
  <concept>
    <code value="078"/>
    <display value="SOCIOLOGO"/>
  </concept>
  <concept>
    <code value="079"/>
    <display value="TECNICO DE NIVEL SUPERIOR (TENS)"/>
  </concept>
  <concept>
    <code value="080"/>
    <display value="TECNICO(A) PARAMEDICO DENTAL"/>
  </concept>
  <concept>
    <code value="081"/>
    <display value="TECNICOS DE NIVEL SUPERIOR ENFERMERIA"/>
  </concept>
  <concept>
    <code value="082"/>
    <display value="TECNOLOGO MEDICO"/>
  </concept>
  <concept>
    <code value="083"/>
    <display value="TERAPEUTA OCUPACIONAL"/>
  </concept>
  <concept>
    <code value="084"/>
    <display value="TRAUMATOLOGIA Y ORTOPEDIA"/>
  </concept>
  <concept>
    <code value="085"/>
    <display value="TRAUMATOLOGIA Y ORTOPEDIA INFANTIL"/>
  </concept>
  <concept>
    <code value="086"/>
    <display value="UROLOGIA"/>
  </concept>
  <concept>
    <code value="088"/>
    <display value="ACOMODADOR DE AUTOS"/>
  </concept>
  <concept>
    <code value="089"/>
    <display value="ACTOR O ACTRIZ"/>
  </concept>
  <concept>
    <code value="090"/>
    <display value="ACUICULTOR"/>
  </concept>
  <concept>
    <code value="091"/>
    <display value="ADMINISTRADOR"/>
  </concept>
  <concept>
    <code value="092"/>
    <display value="AGENTE"/>
  </concept>
  <concept>
    <code value="093"/>
    <display value="AGRICULTOR"/>
  </concept>
  <concept>
    <code value="094"/>
    <display value="AGRONOMO(A)"/>
  </concept>
  <concept>
    <code value="095"/>
    <display value="ALBAÑIL"/>
  </concept>
  <concept>
    <code value="096"/>
    <display value="ALMACENERO"/>
  </concept>
  <concept>
    <code value="097"/>
    <display value="AMASADOR(A)"/>
  </concept>
  <concept>
    <code value="098"/>
    <display value="ANALISTA"/>
  </concept>
  <concept>
    <code value="099"/>
    <display value="APICULTOR(A)"/>
  </concept>
  <concept>
    <code value="100"/>
    <display value="ARSENALERA"/>
  </concept>
  <concept>
    <code value="101"/>
    <display value="ARSENALERA PABELLON"/>
  </concept>
  <concept>
    <code value="102"/>
    <display value="ARTESANA"/>
  </concept>
  <concept>
    <code value="103"/>
    <display value="ARTISTA"/>
  </concept>
  <concept>
    <code value="104"/>
    <display value="ASEO Y ORNATO"/>
  </concept>
  <concept>
    <code value="105"/>
    <display value="ASESOR"/>
  </concept>
  <concept>
    <code value="106"/>
    <display value="ASESORA DEL HOGAR"/>
  </concept>
  <concept>
    <code value="107"/>
    <display value="ASISTENTE"/>
  </concept>
  <concept>
    <code value="108"/>
    <display value="ATENCION DE PUBLICO"/>
  </concept>
  <concept>
    <code value="109"/>
    <display value="AUDIOPROTESISTA"/>
  </concept>
  <concept>
    <code value="110"/>
    <display value="AUDIOVISUALISTAS"/>
  </concept>
  <concept>
    <code value="111"/>
    <display value="AUDITOR"/>
  </concept>
  <concept>
    <code value="112"/>
    <display value="AYUDANTE"/>
  </concept>
  <concept>
    <code value="113"/>
    <display value="BABYSITTER"/>
  </concept>
  <concept>
    <code value="114"/>
    <display value="BAILARINA"/>
  </concept>
  <concept>
    <code value="115"/>
    <display value="BANQUETERO"/>
  </concept>
  <concept>
    <code value="116"/>
    <display value="BARMAN (WOMAN)"/>
  </concept>
  <concept>
    <code value="117"/>
    <display value="BIBLIOTECARIO(A)"/>
  </concept>
  <concept>
    <code value="118"/>
    <display value="BODEGUERO(A)"/>
  </concept>
  <concept>
    <code value="119"/>
    <display value="BOMBERO DE BENCINERA"/>
  </concept>
  <concept>
    <code value="120"/>
    <display value="BOMBERO(A)"/>
  </concept>
  <concept>
    <code value="121"/>
    <display value="BOTERO"/>
  </concept>
  <concept>
    <code value="122"/>
    <display value="BOTONES"/>
  </concept>
  <concept>
    <code value="123"/>
    <display value="BRIGADISTA"/>
  </concept>
  <concept>
    <code value="124"/>
    <display value="BRIGADISTA FORESTAL"/>
  </concept>
  <concept>
    <code value="125"/>
    <display value="BUZO"/>
  </concept>
  <concept>
    <code value="126"/>
    <display value="BUZO MARISCADOR"/>
  </concept>
  <concept>
    <code value="127"/>
    <display value="CARABINERO DE CHILE"/>
  </concept>
  <concept>
    <code value="128"/>
    <display value="CAJERA"/>
  </concept>
  <concept>
    <code value="129"/>
    <display value="CALCULISTA"/>
  </concept>
  <concept>
    <code value="130"/>
    <display value="CALDERERO"/>
  </concept>
  <concept>
    <code value="131"/>
    <display value="CALICHERO"/>
  </concept>
  <concept>
    <code value="132"/>
    <display value="CALIFICADOR"/>
  </concept>
  <concept>
    <code value="133"/>
    <display value="CAMARERA(O)"/>
  </concept>
  <concept>
    <code value="134"/>
    <display value="CAMINERO(A)"/>
  </concept>
  <concept>
    <code value="135"/>
    <display value="CANTANTE"/>
  </concept>
  <concept>
    <code value="136"/>
    <display value="CAPACITADOR CULTURAL"/>
  </concept>
  <concept>
    <code value="137"/>
    <display value="CAPATAZ"/>
  </concept>
  <concept>
    <code value="138"/>
    <display value="CARGADOR"/>
  </concept>
  <concept>
    <code value="139"/>
    <display value="CARNICERO"/>
  </concept>
  <concept>
    <code value="140"/>
    <display value="CARPINTERO"/>
  </concept>
  <concept>
    <code value="141"/>
    <display value="CARTERO"/>
  </concept>
  <concept>
    <code value="142"/>
    <display value="CECINERO"/>
  </concept>
  <concept>
    <code value="143"/>
    <display value="CERRAJERO"/>
  </concept>
  <concept>
    <code value="144"/>
    <display value="CERVEZERO"/>
  </concept>
  <concept>
    <code value="145"/>
    <display value="CESANTE"/>
  </concept>
  <concept>
    <code value="146"/>
    <display value="CHEF"/>
  </concept>
  <concept>
    <code value="147"/>
    <display value="CIENTIFICO NUCLEAR"/>
  </concept>
  <concept>
    <code value="148"/>
    <display value="CIENTISTA POLITICO"/>
  </concept>
  <concept>
    <code value="149"/>
    <display value="CIRCENSE"/>
  </concept>
  <concept>
    <code value="150"/>
    <display value="COBRADOR"/>
  </concept>
  <concept>
    <code value="151"/>
    <display value="COCINERA(O)"/>
  </concept>
  <concept>
    <code value="152"/>
    <display value="COCTELERA(O)"/>
  </concept>
  <concept>
    <code value="153"/>
    <display value="COLECTIVERO"/>
  </concept>
  <concept>
    <code value="154"/>
    <display value="COMERCIANTE"/>
  </concept>
  <concept>
    <code value="155"/>
    <display value="COMERCIANTE AMBULANTE"/>
  </concept>
  <concept>
    <code value="156"/>
    <display value="COMUNICADOR AUDIO VISUAL"/>
  </concept>
  <concept>
    <code value="157"/>
    <display value="CONCEJAL"/>
  </concept>
  <concept>
    <code value="158"/>
    <display value="CONCERJE"/>
  </concept>
  <concept>
    <code value="159"/>
    <display value="CONSTRUCCION"/>
  </concept>
  <concept>
    <code value="160"/>
    <display value="CONSULTOR(A)"/>
  </concept>
  <concept>
    <code value="161"/>
    <display value="CONTRATISTA"/>
  </concept>
  <concept>
    <code value="162"/>
    <display value="CONTROLADOR(A)"/>
  </concept>
  <concept>
    <code value="163"/>
    <display value="COORDINADOR(A)"/>
  </concept>
  <concept>
    <code value="164"/>
    <display value="COPERA(O)"/>
  </concept>
  <concept>
    <code value="165"/>
    <display value="CORRALERO ARREGLADOR DE C."/>
  </concept>
  <concept>
    <code value="166"/>
    <display value="CORREDOR DE PROPIEDADES"/>
  </concept>
  <concept>
    <code value="167"/>
    <display value="CORREDOR DE SEGURO"/>
  </concept>
  <concept>
    <code value="168"/>
    <display value="CORRETAJE"/>
  </concept>
  <concept>
    <code value="169"/>
    <display value="CORRETAJE DE GANADO"/>
  </concept>
  <concept>
    <code value="170"/>
    <display value="CORTE Y CONFECCION"/>
  </concept>
  <concept>
    <code value="171"/>
    <display value="COSMETOLOGA"/>
  </concept>
  <concept>
    <code value="172"/>
    <display value="COSMETOLOGIA Y ESTETICA"/>
  </concept>
  <concept>
    <code value="173"/>
    <display value="COSTURA"/>
  </concept>
  <concept>
    <code value="174"/>
    <display value="CUARTELERO"/>
  </concept>
  <concept>
    <code value="175"/>
    <display value="CUIDA A ADULTO MAYOR"/>
  </concept>
  <concept>
    <code value="176"/>
    <display value="CUIDA DISCAPACITADO"/>
  </concept>
  <concept>
    <code value="177"/>
    <display value="CUIDA ENFERMOS"/>
  </concept>
  <concept>
    <code value="178"/>
    <display value="CUIDA NIÑOS"/>
  </concept>
  <concept>
    <code value="179"/>
    <display value="CUIDADOR"/>
  </concept>
  <concept>
    <code value="180"/>
    <display value="CUIDA MASCOTAS"/>
  </concept>
  <concept>
    <code value="181"/>
    <display value="DEPILADORA"/>
  </concept>
  <concept>
    <code value="182"/>
    <display value="DEPORTISTA DE ALTO RENDIMIENTO"/>
  </concept>
  <concept>
    <code value="183"/>
    <display value="DESABOLLADOR Y PINTURA"/>
  </concept>
  <concept>
    <code value="184"/>
    <display value="DETENIDO"/>
  </concept>
  <concept>
    <code value="185"/>
    <display value="DIACONO"/>
  </concept>
  <concept>
    <code value="186"/>
    <display value="DIARISTA"/>
  </concept>
  <concept>
    <code value="187"/>
    <display value="DIBUJANTE"/>
  </concept>
  <concept>
    <code value="188"/>
    <display value="DIBUJANTE TECNICO"/>
  </concept>
  <concept>
    <code value="189"/>
    <display value="DIGITADOR(A)"/>
  </concept>
  <concept>
    <code value="190"/>
    <display value="DIRIGENTE SOCIAL"/>
  </concept>
  <concept>
    <code value="191"/>
    <display value="EJECUTIVA"/>
  </concept>
  <concept>
    <code value="192"/>
    <display value="EJERCITO DE CHILE"/>
  </concept>
  <concept>
    <code value="193"/>
    <display value="ELECTRICISTA"/>
  </concept>
  <concept>
    <code value="194"/>
    <display value="ELECTRICO AUTOMOTRIZ"/>
  </concept>
  <concept>
    <code value="195"/>
    <display value="ELECTRICO MECANICO"/>
  </concept>
  <concept>
    <code value="196"/>
    <display value="EMBALADOR"/>
  </concept>
  <concept>
    <code value="197"/>
    <display value="EMBASADOR"/>
  </concept>
  <concept>
    <code value="198"/>
    <display value="EMPALILLADOR"/>
  </concept>
  <concept>
    <code value="199"/>
    <display value="EMPAQUE"/>
  </concept>
  <concept>
    <code value="200"/>
    <display value="EMPLEADO(A)"/>
  </concept>
  <concept>
    <code value="201"/>
    <display value="EMPLEADO PUBLICO"/>
  </concept>
  <concept>
    <code value="202"/>
    <display value="ENFIERRADOR"/>
  </concept>
  <concept>
    <code value="203"/>
    <display value="ENGRASADOR DE VEHICULOS"/>
  </concept>
  <concept>
    <code value="204"/>
    <display value="ENMARCADOR"/>
  </concept>
  <concept>
    <code value="205"/>
    <display value="ENSAMBLADOR"/>
  </concept>
  <concept>
    <code value="206"/>
    <display value="ENTRENADOR DEPORTIVO"/>
  </concept>
  <concept>
    <code value="207"/>
    <display value="ENVASADOR"/>
  </concept>
  <concept>
    <code value="208"/>
    <display value="ENZUNCHADOR"/>
  </concept>
  <concept>
    <code value="209"/>
    <display value="ESCRITOR"/>
  </concept>
  <concept>
    <code value="210"/>
    <display value="ESTAFETA"/>
  </concept>
  <concept>
    <code value="211"/>
    <display value="ESTAQUERO"/>
  </concept>
  <concept>
    <code value="212"/>
    <display value="ESTETICISTA"/>
  </concept>
  <concept>
    <code value="213"/>
    <display value="ESTIBADOR"/>
  </concept>
  <concept>
    <code value="214"/>
    <display value="ESTILISTA"/>
  </concept>
  <concept>
    <code value="215"/>
    <display value="ESTUDIANTE"/>
  </concept>
  <concept>
    <code value="216"/>
    <display value="EVENTOS"/>
  </concept>
  <concept>
    <code value="217"/>
    <display value="FABRICA DE QUESO"/>
  </concept>
  <concept>
    <code value="218"/>
    <display value="FABRICA DE MUEBLES"/>
  </concept>
  <concept>
    <code value="219"/>
    <display value="FABRICA DE VIDRIOS"/>
  </concept>
  <concept>
    <code value="220"/>
    <display value="FABRICA DE ZUECOS"/>
  </concept>
  <concept>
    <code value="221"/>
    <display value="FABRICA HOJALATERIA"/>
  </concept>
  <concept>
    <code value="222"/>
    <display value="FABRICA TEJIDOS"/>
  </concept>
  <concept>
    <code value="223"/>
    <display value="FABRICADOR DE COCINA"/>
  </concept>
  <concept>
    <code value="224"/>
    <display value="FABRICANTE DE VENTANA"/>
  </concept>
  <concept>
    <code value="225"/>
    <display value="FACILITADOR INTERCULTURAL"/>
  </concept>
  <concept>
    <code value="226"/>
    <display value="FAENA"/>
  </concept>
  <concept>
    <code value="227"/>
    <display value="FAENA AGRICOLA FORESTAL"/>
  </concept>
  <concept>
    <code value="228"/>
    <display value="FERIANTE"/>
  </concept>
  <concept>
    <code value="229"/>
    <display value="FERRETERO"/>
  </concept>
  <concept>
    <code value="230"/>
    <display value="FISCALIZADOR(A)"/>
  </concept>
  <concept>
    <code value="231"/>
    <display value="FISICO"/>
  </concept>
  <concept>
    <code value="232"/>
    <display value="FISICA NUCLEAR"/>
  </concept>
  <concept>
    <code value="233"/>
    <display value="FLETES"/>
  </concept>
  <concept>
    <code value="234"/>
    <display value="FLORISTA"/>
  </concept>
  <concept>
    <code value="235"/>
    <display value="FOTOGRAFO(A)"/>
  </concept>
  <concept>
    <code value="236"/>
    <display value="FUNCIONARIO MUNICIPAL."/>
  </concept>
  <concept>
    <code value="237"/>
    <display value="FUNCIONARIO PUBLICO"/>
  </concept>
  <concept>
    <code value="238"/>
    <display value="FUNDIDOR"/>
  </concept>
  <concept>
    <code value="239"/>
    <display value="FUTBOLISTA"/>
  </concept>
  <concept>
    <code value="240"/>
    <display value="GARZON(A)"/>
  </concept>
  <concept>
    <code value="241"/>
    <display value="GASFITER"/>
  </concept>
  <concept>
    <code value="242"/>
    <display value="GASTRONOMO(A)"/>
  </concept>
  <concept>
    <code value="243"/>
    <display value="GEOGRAFO"/>
  </concept>
  <concept>
    <code value="244"/>
    <display value="GERDARME"/>
  </concept>
  <concept>
    <code value="245"/>
    <display value="GERENTE(A)"/>
  </concept>
  <concept>
    <code value="246"/>
    <display value="GINETE"/>
  </concept>
  <concept>
    <code value="247"/>
    <display value="GROUPIER"/>
  </concept>
  <concept>
    <code value="248"/>
    <display value="GUARDA BOSQUE"/>
  </concept>
  <concept>
    <code value="249"/>
    <display value="GUARDA PARQUE"/>
  </concept>
  <concept>
    <code value="250"/>
    <display value="GUARDADORA"/>
  </concept>
  <concept>
    <code value="251"/>
    <display value="GUARDIA"/>
  </concept>
  <concept>
    <code value="252"/>
    <display value="GUIA"/>
  </concept>
  <concept>
    <code value="253"/>
    <display value="GUIA DE MONTAñA"/>
  </concept>
  <concept>
    <code value="254"/>
    <display value="GUIA INTERCULTURAL."/>
  </concept>
  <concept>
    <code value="255"/>
    <display value="GUIA TURISTICO"/>
  </concept>
  <concept>
    <code value="256"/>
    <display value="HERRERO"/>
  </concept>
  <concept>
    <code value="257"/>
    <display value="HIGENISTA DENTAL"/>
  </concept>
  <concept>
    <code value="258"/>
    <display value="HOJALATERO"/>
  </concept>
  <concept>
    <code value="259"/>
    <display value="HORTELANA"/>
  </concept>
  <concept>
    <code value="260"/>
    <display value="INDEPENDIENTE"/>
  </concept>
  <concept>
    <code value="261"/>
    <display value="IMPREGNADOR"/>
  </concept>
  <concept>
    <code value="262"/>
    <display value="INSTALADOR(A)"/>
  </concept>
  <concept>
    <code value="263"/>
    <display value="INSTRUCTOR(A)"/>
  </concept>
  <concept>
    <code value="264"/>
    <display value="INSTRUCTOR KARETE"/>
  </concept>
  <concept>
    <code value="265"/>
    <display value="INSTRUCTORA DE ZUMBA"/>
  </concept>
  <concept>
    <code value="266"/>
    <display value="INTENDENTE"/>
  </concept>
  <concept>
    <code value="267"/>
    <display value="INTERNADO DE ESTUDIOS SUPERIORES"/>
  </concept>
  <concept>
    <code value="268"/>
    <display value="INTERNO(A) CARCEL"/>
  </concept>
  <concept>
    <code value="269"/>
    <display value="INTERPRETE LEGUAS"/>
  </concept>
  <concept>
    <code value="270"/>
    <display value="INVALIDEZ"/>
  </concept>
  <concept>
    <code value="271"/>
    <display value="JARDINERO(A)"/>
  </concept>
  <concept>
    <code value="272"/>
    <display value="JEFE(A)"/>
  </concept>
  <concept>
    <code value="273"/>
    <display value="JORNALERO"/>
  </concept>
  <concept>
    <code value="274"/>
    <display value="JOYERO(A)"/>
  </concept>
  <concept>
    <code value="275"/>
    <display value="JUBILADO"/>
  </concept>
  <concept>
    <code value="276"/>
    <display value="JUNIOR"/>
  </concept>
  <concept>
    <code value="277"/>
    <display value="LABORATORISTA"/>
  </concept>
  <concept>
    <code value="278"/>
    <display value="LACTANTE"/>
  </concept>
  <concept>
    <code value="279"/>
    <display value="LECHERO"/>
  </concept>
  <concept>
    <code value="280"/>
    <display value="LECTOR"/>
  </concept>
  <concept>
    <code value="281"/>
    <display value="LECTOR DE LUZ"/>
  </concept>
  <concept>
    <code value="282"/>
    <display value="LEÑADOR"/>
  </concept>
  <concept>
    <code value="283"/>
    <display value="LOCUTOR(A)"/>
  </concept>
  <concept>
    <code value="284"/>
    <display value="LUSTRA BOTAS"/>
  </concept>
  <concept>
    <code value="285"/>
    <display value="MACHI"/>
  </concept>
  <concept>
    <code value="286"/>
    <display value="MADERERO"/>
  </concept>
  <concept>
    <code value="287"/>
    <display value="MAESTRO(A) DE COCINA"/>
  </concept>
  <concept>
    <code value="288"/>
    <display value="MAESTRO(A) PASTELERO(A)"/>
  </concept>
  <concept>
    <code value="289"/>
    <display value="MAESTRO"/>
  </concept>
  <concept>
    <code value="290"/>
    <display value="MALABARISTA"/>
  </concept>
  <concept>
    <code value="291"/>
    <display value="MANEJA MAQUINA PESADA"/>
  </concept>
  <concept>
    <code value="292"/>
    <display value="MANICURISTA"/>
  </concept>
  <concept>
    <code value="293"/>
    <display value="MANIPULADOR(A) DE ALIMENTOS"/>
  </concept>
  <concept>
    <code value="294"/>
    <display value="MANIPULADORA"/>
  </concept>
  <concept>
    <code value="295"/>
    <display value="MARINO MERCANTE"/>
  </concept>
  <concept>
    <code value="296"/>
    <display value="MARISCADOR"/>
  </concept>
  <concept>
    <code value="297"/>
    <display value="MASAJISTA"/>
  </concept>
  <concept>
    <code value="298"/>
    <display value="MASOTERAPEUTA"/>
  </concept>
  <concept>
    <code value="299"/>
    <display value="MAYORDOMO"/>
  </concept>
  <concept>
    <code value="300"/>
    <display value="MECANICO"/>
  </concept>
  <concept>
    <code value="301"/>
    <display value="MECANICO AUTOMOTRIZ"/>
  </concept>
  <concept>
    <code value="302"/>
    <display value="MECANICO INDUSTRIAL"/>
  </concept>
  <concept>
    <code value="303"/>
    <display value="MEDIADORA FAMILIAR"/>
  </concept>
  <concept>
    <code value="304"/>
    <display value="MESERA(O)"/>
  </concept>
  <concept>
    <code value="305"/>
    <display value="MICROEMPRESARIO(A)"/>
  </concept>
  <concept>
    <code value="306"/>
    <display value="MINERO"/>
  </concept>
  <concept>
    <code value="307"/>
    <display value="MISIONERO(A)"/>
  </concept>
  <concept>
    <code value="308"/>
    <display value="MODISTA"/>
  </concept>
  <concept>
    <code value="309"/>
    <display value="MOLINERO"/>
  </concept>
  <concept>
    <code value="310"/>
    <display value="MONITOR(A)"/>
  </concept>
  <concept>
    <code value="311"/>
    <display value="MONJA"/>
  </concept>
  <concept>
    <code value="312"/>
    <display value="MONTAJE EQUIPOS"/>
  </concept>
  <concept>
    <code value="313"/>
    <display value="MONTAJE"/>
  </concept>
  <concept>
    <code value="314"/>
    <display value="MOTOSIERRISTA"/>
  </concept>
  <concept>
    <code value="315"/>
    <display value="MOZO"/>
  </concept>
  <concept>
    <code value="316"/>
    <display value="MR"/>
  </concept>
  <concept>
    <code value="317"/>
    <display value="MUCAMA"/>
  </concept>
  <concept>
    <code value="318"/>
    <display value="MUEBLISTA"/>
  </concept>
  <concept>
    <code value="319"/>
    <display value="MUSICO"/>
  </concept>
  <concept>
    <code value="320"/>
    <display value="NO APLICA"/>
  </concept>
  <concept>
    <code value="321"/>
    <display value="NO INFORMADO"/>
  </concept>
  <concept>
    <code value="322"/>
    <display value="NOCHERO"/>
  </concept>
  <concept>
    <code value="323"/>
    <display value="OBRERO(A)"/>
  </concept>
  <concept>
    <code value="324"/>
    <display value="OBRERO AGRICOLA"/>
  </concept>
  <concept>
    <code value="325"/>
    <display value="OBRERO CONSTRUCCION"/>
  </concept>
  <concept>
    <code value="326"/>
    <display value="OBRERO FORESTAL"/>
  </concept>
  <concept>
    <code value="327"/>
    <display value="OPERADOR(A)"/>
  </concept>
  <concept>
    <code value="328"/>
    <display value="ORFEBRE"/>
  </concept>
  <concept>
    <code value="329"/>
    <display value="ORGANILLERA"/>
  </concept>
  <concept>
    <code value="330"/>
    <display value="ORGANIZADOR DE EVENTOS"/>
  </concept>
  <concept>
    <code value="331"/>
    <display value="ORIENTADORA"/>
  </concept>
  <concept>
    <code value="332"/>
    <display value="ORQUILLERO"/>
  </concept>
  <concept>
    <code value="333"/>
    <display value="PAISAJISTA"/>
  </concept>
  <concept>
    <code value="334"/>
    <display value="PANADERO"/>
  </concept>
  <concept>
    <code value="335"/>
    <display value="PLANIFICADOR"/>
  </concept>
  <concept>
    <code value="336"/>
    <display value="PARQUIMETRO"/>
  </concept>
  <concept>
    <code value="337"/>
    <display value="PASTELERA(O)"/>
  </concept>
  <concept>
    <code value="338"/>
    <display value="PASTOR"/>
  </concept>
  <concept>
    <code value="339"/>
    <display value="PELUQUERO(A)"/>
  </concept>
  <concept>
    <code value="340"/>
    <display value="PENSIONADO(A)"/>
  </concept>
  <concept>
    <code value="341"/>
    <display value="PERSONAL DE ASEO"/>
  </concept>
  <concept>
    <code value="342"/>
    <display value="PESCADOR ARTESANAL"/>
  </concept>
  <concept>
    <code value="343"/>
    <display value="PETICERO"/>
  </concept>
  <concept>
    <code value="344"/>
    <display value="PICADOR DE LEñA"/>
  </concept>
  <concept>
    <code value="345"/>
    <display value="PINTOR"/>
  </concept>
  <concept>
    <code value="346"/>
    <display value="PINTOR AUTOMOTRIZ"/>
  </concept>
  <concept>
    <code value="347"/>
    <display value="PIONETA"/>
  </concept>
  <concept>
    <code value="348"/>
    <display value="PLATERO"/>
  </concept>
  <concept>
    <code value="349"/>
    <display value="PODADOR"/>
  </concept>
  <concept>
    <code value="350"/>
    <display value="PORTERO"/>
  </concept>
  <concept>
    <code value="351"/>
    <display value="PRENSISTA"/>
  </concept>
  <concept>
    <code value="352"/>
    <display value="PREPARADOR"/>
  </concept>
  <concept>
    <code value="353"/>
    <display value="PREPARADOR  FISICO"/>
  </concept>
  <concept>
    <code value="354"/>
    <display value="PREPARADOR DE CABALLOS"/>
  </concept>
  <concept>
    <code value="355"/>
    <display value="PRESTADOR DE SERVICIOS"/>
  </concept>
  <concept>
    <code value="356"/>
    <display value="PREVENCIONISTA DE RIESGO"/>
  </concept>
  <concept>
    <code value="357"/>
    <display value="PROCURADOR"/>
  </concept>
  <concept>
    <code value="358"/>
    <display value="PROMOTOR(A)"/>
  </concept>
  <concept>
    <code value="359"/>
    <display value="PSICOPEDAGOGA"/>
  </concept>
  <concept>
    <code value="360"/>
    <display value="PUBLICISTA"/>
  </concept>
  <concept>
    <code value="361"/>
    <display value="RADIO OPERADOR"/>
  </concept>
  <concept>
    <code value="362"/>
    <display value="RECAUDADOR(A)"/>
  </concept>
  <concept>
    <code value="363"/>
    <display value="RECEPCIONISTA"/>
  </concept>
  <concept>
    <code value="364"/>
    <display value="RECLUSO"/>
  </concept>
  <concept>
    <code value="365"/>
    <display value="RECOLECTOR"/>
  </concept>
  <concept>
    <code value="366"/>
    <display value="RELIGIOSA"/>
  </concept>
  <concept>
    <code value="367"/>
    <display value="REPARADOR BICICLETAS"/>
  </concept>
  <concept>
    <code value="368"/>
    <display value="REPARADOR DE CALZADO"/>
  </concept>
  <concept>
    <code value="369"/>
    <display value="REPARTIDOR"/>
  </concept>
  <concept>
    <code value="370"/>
    <display value="REPONEDOR(A)"/>
  </concept>
  <concept>
    <code value="371"/>
    <display value="REPOSTERA"/>
  </concept>
  <concept>
    <code value="372"/>
    <display value="RONDIN"/>
  </concept>
  <concept>
    <code value="373"/>
    <display value="SACERDOTE"/>
  </concept>
  <concept>
    <code value="374"/>
    <display value="SALVAVIDAS"/>
  </concept>
  <concept>
    <code value="375"/>
    <display value="SERVICIO DOMESTICO"/>
  </concept>
  <concept>
    <code value="376"/>
    <display value="SERVICIO SEXUAL"/>
  </concept>
  <concept>
    <code value="377"/>
    <display value="SIN OCUPACION"/>
  </concept>
  <concept>
    <code value="378"/>
    <display value="SOLDADOR"/>
  </concept>
  <concept>
    <code value="379"/>
    <display value="SONIDISTA"/>
  </concept>
  <concept>
    <code value="380"/>
    <display value="SOSTENEDOR"/>
  </concept>
  <concept>
    <code value="381"/>
    <display value="SUBCOMISARIO DE INVESTIGACIONES"/>
  </concept>
  <concept>
    <code value="382"/>
    <display value="SUBDIRECTOR ADMINISTRATIVO"/>
  </concept>
  <concept>
    <code value="383"/>
    <display value="SUPERVISOR(A)"/>
  </concept>
  <concept>
    <code value="384"/>
    <display value="SUPLEMENTERO(A)"/>
  </concept>
  <concept>
    <code value="385"/>
    <display value="TAPICERO"/>
  </concept>
  <concept>
    <code value="386"/>
    <display value="TATUADOR(A)"/>
  </concept>
  <concept>
    <code value="387"/>
    <display value="TAXISTA"/>
  </concept>
  <concept>
    <code value="388"/>
    <display value="TECNICO"/>
  </concept>
  <concept>
    <code value="389"/>
    <display value="TEMPORERA"/>
  </concept>
  <concept>
    <code value="390"/>
    <display value="TOPOGRAFO"/>
  </concept>
  <concept>
    <code value="391"/>
    <display value="TORNERO"/>
  </concept>
  <concept>
    <code value="392"/>
    <display value="TRABAJOS ESPORADICOS"/>
  </concept>
  <concept>
    <code value="393"/>
    <display value="TRACTORISTA"/>
  </concept>
  <concept>
    <code value="394"/>
    <display value="TRADUCTOR(A)"/>
  </concept>
  <concept>
    <code value="395"/>
    <display value="TRAMITES DE PENSION"/>
  </concept>
  <concept>
    <code value="396"/>
    <display value="TRANSPORTE"/>
  </concept>
  <concept>
    <code value="397"/>
    <display value="TRANSPORTE ESCOLAR"/>
  </concept>
  <concept>
    <code value="398"/>
    <display value="TRANSPORTISTA"/>
  </concept>
  <concept>
    <code value="399"/>
    <display value="TRASADOR"/>
  </concept>
  <concept>
    <code value="400"/>
    <display value="TRASPORTE DE PASAJEROS"/>
  </concept>
  <concept>
    <code value="401"/>
    <display value="TRATERO"/>
  </concept>
  <concept>
    <code value="402"/>
    <display value="TURISMO"/>
  </concept>
  <concept>
    <code value="403"/>
    <display value="TUTORA DE SENAME"/>
  </concept>
  <concept>
    <code value="404"/>
    <display value="URBANIZADOR"/>
  </concept>
  <concept>
    <code value="405"/>
    <display value="VAJILLERA"/>
  </concept>
  <concept>
    <code value="406"/>
    <display value="VENDEDOR(A)"/>
  </concept>
  <concept>
    <code value="407"/>
    <display value="VIDRIERO"/>
  </concept>
  <concept>
    <code value="408"/>
    <display value="VIGILANTE"/>
  </concept>
  <concept>
    <code value="409"/>
    <display value="VISITADOR MEDICO"/>
  </concept>
  <concept>
    <code value="410"/>
    <display value="VITRINISTA"/>
  </concept>
  <concept>
    <code value="411"/>
    <display value="VULCANIZADOR"/>
  </concept>
  <concept>
    <code value="412"/>
    <display value="YERBATERA"/>
  </concept>
  <concept>
    <code value="413"/>
    <display value="ZAPATERO"/>
  </concept>
  <concept>
    <code value="414"/>
    <display value="DUEÑA DE CASA"/>
  </concept>
  <concept>
    <code value="000"/>
    <display value="SIN INFORMACION"/>
  </concept>
  <concept>
    <code value="416"/>
    <display value="INCAPACITADO(A) PERMANENTE PARA TRABAJAR"/>
  </concept>
  <concept>
    <code value="417"/>
    <display value="REMUNERADOR INDEPENDIENTE"/>
  </concept>
  <concept>
    <code value="418"/>
    <display value="REMUNERADOR DEPENDIENTE"/>
  </concept>
  <concept>
    <code value="419"/>
    <display value="RENTISTA"/>
  </concept>
</CodeSystem>