<?xml version="1.0" encoding="UTF-8"?>

<ImplementationGuide xmlns="http://hl7.org/fhir">
  <id value="hl7.fhir.cl.corecl.ssasur.asv"/>
  <text>
    <status value="extensions"/><div xmlns="http://www.w3.org/1999/xhtml"><h2>AlmacenamientoSignosVitales</h2><p>The official URL for this implementation guide is: </p><pre>https://www.ssasur.cl/fhir/ig/ASV/ImplementationGuide/hl7.fhir.cl.corecl.ssasur.asv</pre><div><p>Guía de implementación para describir los recursos utilizados de los signos vitales para un registro clínico de los pacientes.</p>
</div></div>
  </text>
  <url value="https://www.ssasur.cl/fhir/ig/ASV/ImplementationGuide/hl7.fhir.cl.corecl.ssasur.asv"/>
  <version value="0.5.3"/>
  <name value="AlmacenamientoSignosVitales"/>
  <title value="Almacenamiento de Signos Vitales"/>
  <status value="draft"/>
  <date value="2022-12-01T14:22:43-03:00"/>
  <publisher value="Servicio de Salud Araucania Sur"/>
  <contact>
    <name value="Servicio de Salud Araucania Sur"/>
    <telecom>
      <system value="url"/>
      <value value="https://www.araucaniasur.cl/"/>
    </telecom>
  </contact>
  <contact>
    <name value="Franco Ulloa"/>
    <telecom>
      <system value="email"/>
      <value value="franco.ulloam@redsalud.gob.cl"/>
      <use value="work"/>
    </telecom>
  </contact>
  <description value="Guía de implementación para describir los recursos utilizados de los signos vitales para un registro clínico de los pacientes."/>
  <jurisdiction>
    <coding>
      <system value="urn:iso:std:iso:3166"/>
      <code value="CL"/>
      <display value="Chile"/>
    </coding>
  </jurisdiction>
  <packageId value="hl7.fhir.cl.corecl.ssasur.asv"/>
  <license value="CC0-1.0"/>
  <fhirVersion value="4.0.1"/>
  <dependsOn id="hl7tx">
    <extension url="http://hl7.org/fhir/tools/StructureDefinition/implementationguide-dependency-comment">
      <valueMarkdown value="Automatically added as a dependency - all IGs depend on HL7 Terminology"/>
    </extension>
    <uri value="http://terminology.hl7.org/ImplementationGuide/hl7.terminology"/>
    <packageId value="hl7.terminology.r4"/>
    <version value="5.0.0"/>
  </dependsOn>
  <dependsOn id="CoreCLDEV">
    <uri value="https://build.fhir.org/ig/HL7Chile/CL-Core/"/>
    <packageId value="hl7.fhir.cl.corecl"/>
    <version value="dev"/>
  </dependsOn>
  <definition>
    <extension url="http://hl7.org/fhir/tools/StructureDefinition/ig-parameter">
      <extension url="code">
        <valueString value="copyrightyear"/>
      </extension>
      <extension url="value">
        <valueString value="2022+"/>
      </extension>
    </extension>
    <extension url="http://hl7.org/fhir/tools/StructureDefinition/ig-parameter">
      <extension url="code">
        <valueString value="releaselabel"/>
      </extension>
      <extension url="value">
        <valueString value="ci-build"/>
      </extension>
    </extension>
    <extension url="http://hl7.org/fhir/tools/StructureDefinition/ig-parameter">
      <extension url="code">
        <valueString value="autoload-resources"/>
      </extension>
      <extension url="value">
        <valueString value="true"/>
      </extension>
    </extension>
    <extension url="http://hl7.org/fhir/tools/StructureDefinition/ig-parameter">
      <extension url="code">
        <valueString value="path-liquid"/>
      </extension>
      <extension url="value">
        <valueString value="template/liquid"/>
      </extension>
    </extension>
    <extension url="http://hl7.org/fhir/tools/StructureDefinition/ig-parameter">
      <extension url="code">
        <valueString value="path-liquid"/>
      </extension>
      <extension url="value">
        <valueString value="input/liquid"/>
      </extension>
    </extension>
    <extension url="http://hl7.org/fhir/tools/StructureDefinition/ig-parameter">
      <extension url="code">
        <valueString value="path-qa"/>
      </extension>
      <extension url="value">
        <valueString value="temp/qa"/>
      </extension>
    </extension>
    <extension url="http://hl7.org/fhir/tools/StructureDefinition/ig-parameter">
      <extension url="code">
        <valueString value="path-temp"/>
      </extension>
      <extension url="value">
        <valueString value="temp/pages"/>
      </extension>
    </extension>
    <extension url="http://hl7.org/fhir/tools/StructureDefinition/ig-parameter">
      <extension url="code">
        <valueString value="path-output"/>
      </extension>
      <extension url="value">
        <valueString value="output"/>
      </extension>
    </extension>
    <extension url="http://hl7.org/fhir/tools/StructureDefinition/ig-parameter">
      <extension url="code">
        <valueString value="path-suppressed-warnings"/>
      </extension>
      <extension url="value">
        <valueString value="input/ignoreWarnings.txt"/>
      </extension>
    </extension>
    <extension url="http://hl7.org/fhir/tools/StructureDefinition/ig-parameter">
      <extension url="code">
        <valueString value="path-history"/>
      </extension>
      <extension url="value">
        <valueString value="https://www.ssasur.cl/fhir/ig/ASV/history.html"/>
      </extension>
    </extension>
    <extension url="http://hl7.org/fhir/tools/StructureDefinition/ig-parameter">
      <extension url="code">
        <valueString value="template-html"/>
      </extension>
      <extension url="value">
        <valueString value="template-page.html"/>
      </extension>
    </extension>
    <extension url="http://hl7.org/fhir/tools/StructureDefinition/ig-parameter">
      <extension url="code">
        <valueString value="template-md"/>
      </extension>
      <extension url="value">
        <valueString value="template-page-md.html"/>
      </extension>
    </extension>
    <extension url="http://hl7.org/fhir/tools/StructureDefinition/ig-parameter">
      <extension url="code">
        <valueString value="apply-contact"/>
      </extension>
      <extension url="value">
        <valueString value="true"/>
      </extension>
    </extension>
    <extension url="http://hl7.org/fhir/tools/StructureDefinition/ig-parameter">
      <extension url="code">
        <valueString value="apply-context"/>
      </extension>
      <extension url="value">
        <valueString value="true"/>
      </extension>
    </extension>
    <extension url="http://hl7.org/fhir/tools/StructureDefinition/ig-parameter">
      <extension url="code">
        <valueString value="apply-copyright"/>
      </extension>
      <extension url="value">
        <valueString value="true"/>
      </extension>
    </extension>
    <extension url="http://hl7.org/fhir/tools/StructureDefinition/ig-parameter">
      <extension url="code">
        <valueString value="apply-jurisdiction"/>
      </extension>
      <extension url="value">
        <valueString value="true"/>
      </extension>
    </extension>
    <extension url="http://hl7.org/fhir/tools/StructureDefinition/ig-parameter">
      <extension url="code">
        <valueString value="apply-license"/>
      </extension>
      <extension url="value">
        <valueString value="true"/>
      </extension>
    </extension>
    <extension url="http://hl7.org/fhir/tools/StructureDefinition/ig-parameter">
      <extension url="code">
        <valueString value="apply-publisher"/>
      </extension>
      <extension url="value">
        <valueString value="true"/>
      </extension>
    </extension>
    <extension url="http://hl7.org/fhir/tools/StructureDefinition/ig-parameter">
      <extension url="code">
        <valueString value="apply-version"/>
      </extension>
      <extension url="value">
        <valueString value="true"/>
      </extension>
    </extension>
    <extension url="http://hl7.org/fhir/tools/StructureDefinition/ig-parameter">
      <extension url="code">
        <valueString value="active-tables"/>
      </extension>
      <extension url="value">
        <valueString value="true"/>
      </extension>
    </extension>
    <extension url="http://hl7.org/fhir/tools/StructureDefinition/ig-parameter">
      <extension url="code">
        <valueString value="fmm-definition"/>
      </extension>
      <extension url="value">
        <valueString value="http://hl7.org/fhir/versions.html#maturity"/>
      </extension>
    </extension>
    <extension url="http://hl7.org/fhir/tools/StructureDefinition/ig-parameter">
      <extension url="code">
        <valueString value="propagate-status"/>
      </extension>
      <extension url="value">
        <valueString value="true"/>
      </extension>
    </extension>
    <extension url="http://hl7.org/fhir/tools/StructureDefinition/ig-parameter">
      <extension url="code">
        <valueString value="excludelogbinaryformat"/>
      </extension>
      <extension url="value">
        <valueString value="true"/>
      </extension>
    </extension>
    <extension url="http://hl7.org/fhir/tools/StructureDefinition/ig-parameter">
      <extension url="code">
        <valueString value="tabbed-snapshots"/>
      </extension>
      <extension url="value">
        <valueString value="true"/>
      </extension>
    </extension>
    <extension url="http://hl7.org/fhir/tools/StructureDefinition/ig-parameter">
      <extension url="code">
        <valueString value="copyrightyear"/>
      </extension>
      <extension url="value">
        <valueString value="2022+"/>
      </extension>
    </extension>
    <extension url="http://hl7.org/fhir/tools/StructureDefinition/ig-parameter">
      <extension url="code">
        <valueString value="releaselabel"/>
      </extension>
      <extension url="value">
        <valueString value="ci-build"/>
      </extension>
    </extension>
    <extension url="http://hl7.org/fhir/tools/StructureDefinition/ig-parameter">
      <extension url="code">
        <valueString value="autoload-resources"/>
      </extension>
      <extension url="value">
        <valueString value="true"/>
      </extension>
    </extension>
    <extension url="http://hl7.org/fhir/tools/StructureDefinition/ig-parameter">
      <extension url="code">
        <valueString value="path-liquid"/>
      </extension>
      <extension url="value">
        <valueString value="template/liquid"/>
      </extension>
    </extension>
    <extension url="http://hl7.org/fhir/tools/StructureDefinition/ig-parameter">
      <extension url="code">
        <valueString value="path-liquid"/>
      </extension>
      <extension url="value">
        <valueString value="input/liquid"/>
      </extension>
    </extension>
    <extension url="http://hl7.org/fhir/tools/StructureDefinition/ig-parameter">
      <extension url="code">
        <valueString value="path-qa"/>
      </extension>
      <extension url="value">
        <valueString value="temp/qa"/>
      </extension>
    </extension>
    <extension url="http://hl7.org/fhir/tools/StructureDefinition/ig-parameter">
      <extension url="code">
        <valueString value="path-temp"/>
      </extension>
      <extension url="value">
        <valueString value="temp/pages"/>
      </extension>
    </extension>
    <extension url="http://hl7.org/fhir/tools/StructureDefinition/ig-parameter">
      <extension url="code">
        <valueString value="path-output"/>
      </extension>
      <extension url="value">
        <valueString value="output"/>
      </extension>
    </extension>
    <extension url="http://hl7.org/fhir/tools/StructureDefinition/ig-parameter">
      <extension url="code">
        <valueString value="path-suppressed-warnings"/>
      </extension>
      <extension url="value">
        <valueString value="input/ignoreWarnings.txt"/>
      </extension>
    </extension>
    <extension url="http://hl7.org/fhir/tools/StructureDefinition/ig-parameter">
      <extension url="code">
        <valueString value="path-history"/>
      </extension>
      <extension url="value">
        <valueString value="https://www.ssasur.cl/fhir/ig/ASV/history.html"/>
      </extension>
    </extension>
    <extension url="http://hl7.org/fhir/tools/StructureDefinition/ig-parameter">
      <extension url="code">
        <valueString value="template-html"/>
      </extension>
      <extension url="value">
        <valueString value="template-page.html"/>
      </extension>
    </extension>
    <extension url="http://hl7.org/fhir/tools/StructureDefinition/ig-parameter">
      <extension url="code">
        <valueString value="template-md"/>
      </extension>
      <extension url="value">
        <valueString value="template-page-md.html"/>
      </extension>
    </extension>
    <extension url="http://hl7.org/fhir/tools/StructureDefinition/ig-parameter">
      <extension url="code">
        <valueString value="apply-contact"/>
      </extension>
      <extension url="value">
        <valueString value="true"/>
      </extension>
    </extension>
    <extension url="http://hl7.org/fhir/tools/StructureDefinition/ig-parameter">
      <extension url="code">
        <valueString value="apply-context"/>
      </extension>
      <extension url="value">
        <valueString value="true"/>
      </extension>
    </extension>
    <extension url="http://hl7.org/fhir/tools/StructureDefinition/ig-parameter">
      <extension url="code">
        <valueString value="apply-copyright"/>
      </extension>
      <extension url="value">
        <valueString value="true"/>
      </extension>
    </extension>
    <extension url="http://hl7.org/fhir/tools/StructureDefinition/ig-parameter">
      <extension url="code">
        <valueString value="apply-jurisdiction"/>
      </extension>
      <extension url="value">
        <valueString value="true"/>
      </extension>
    </extension>
    <extension url="http://hl7.org/fhir/tools/StructureDefinition/ig-parameter">
      <extension url="code">
        <valueString value="apply-license"/>
      </extension>
      <extension url="value">
        <valueString value="true"/>
      </extension>
    </extension>
    <extension url="http://hl7.org/fhir/tools/StructureDefinition/ig-parameter">
      <extension url="code">
        <valueString value="apply-publisher"/>
      </extension>
      <extension url="value">
        <valueString value="true"/>
      </extension>
    </extension>
    <extension url="http://hl7.org/fhir/tools/StructureDefinition/ig-parameter">
      <extension url="code">
        <valueString value="apply-version"/>
      </extension>
      <extension url="value">
        <valueString value="true"/>
      </extension>
    </extension>
    <extension url="http://hl7.org/fhir/tools/StructureDefinition/ig-parameter">
      <extension url="code">
        <valueString value="active-tables"/>
      </extension>
      <extension url="value">
        <valueString value="true"/>
      </extension>
    </extension>
    <extension url="http://hl7.org/fhir/tools/StructureDefinition/ig-parameter">
      <extension url="code">
        <valueString value="fmm-definition"/>
      </extension>
      <extension url="value">
        <valueString value="http://hl7.org/fhir/versions.html#maturity"/>
      </extension>
    </extension>
    <extension url="http://hl7.org/fhir/tools/StructureDefinition/ig-parameter">
      <extension url="code">
        <valueString value="propagate-status"/>
      </extension>
      <extension url="value">
        <valueString value="true"/>
      </extension>
    </extension>
    <extension url="http://hl7.org/fhir/tools/StructureDefinition/ig-parameter">
      <extension url="code">
        <valueString value="excludelogbinaryformat"/>
      </extension>
      <extension url="value">
        <valueString value="true"/>
      </extension>
    </extension>
    <extension url="http://hl7.org/fhir/tools/StructureDefinition/ig-parameter">
      <extension url="code">
        <valueString value="tabbed-snapshots"/>
      </extension>
      <extension url="value">
        <valueString value="true"/>
      </extension>
    </extension>
    <resource>
      <extension url="http://hl7.org/fhir/tools/StructureDefinition/resource-information">
        <valueString value="StructureDefinition:resource"/>
      </extension>
      <reference>
        <reference value="StructureDefinition/CdrAlturaEdadInfantil"/>
      </reference>
      <name value="Diagnóstico Nutricional Infantil Altura/Edad"/>
      <description value="Este recurso permite guardar la información del estado de nutrición de un paciente pediátrico según su altura y su edad."/>
      <exampleBoolean value="false"/>
    </resource>
    <resource>
      <extension url="http://hl7.org/fhir/tools/StructureDefinition/resource-information">
        <valueString value="StructureDefinition:resource"/>
      </extension>
      <reference>
        <reference value="StructureDefinition/CdrAlturaUterina"/>
      </reference>
      <name value="Altura Uterina"/>
      <description value="Este recurso permite guardar la información de la altura uterina del paciente."/>
      <exampleBoolean value="false"/>
    </resource>
    <resource>
      <extension url="http://hl7.org/fhir/tools/StructureDefinition/resource-information">
        <valueString value="StructureDefinition:resource"/>
      </extension>
      <reference>
        <reference value="StructureDefinition/CdrCircunferenciaAbdominal"/>
      </reference>
      <name value="Circunferencia Abdominal"/>
      <description value="Este recurso permite guardar la información de la circunferencia abdominal de los pacientes."/>
      <exampleBoolean value="false"/>
    </resource>
    <resource>
      <extension url="http://hl7.org/fhir/tools/StructureDefinition/resource-information">
        <valueString value="StructureDefinition:resource"/>
      </extension>
      <reference>
        <reference value="StructureDefinition/CdrCircunferenciaCintura"/>
      </reference>
      <name value="Circunferencia Cintura"/>
      <description value="Este recurso permite guardar la información de la circunferencia cintura de los pacientes."/>
      <exampleBoolean value="false"/>
    </resource>
    <resource>
      <extension url="http://hl7.org/fhir/tools/StructureDefinition/resource-information">
        <valueString value="StructureDefinition:resource"/>
      </extension>
      <reference>
        <reference value="StructureDefinition/CdrCircunferenciaCraneana"/>
      </reference>
      <name value="Circunferencia Craneana"/>
      <description value="Este recurso permite guardar la información de la circunferencia creanana de los pacientes."/>
      <exampleBoolean value="false"/>
    </resource>
    <resource>
      <extension url="http://hl7.org/fhir/tools/StructureDefinition/resource-information">
        <valueString value="StructureDefinition:resource"/>
      </extension>
      <reference>
        <reference value="StructureDefinition/CdrComposition"/>
      </reference>
      <name value="Cabecera Para Documento Clínicos"/>
      <description value="Documento clínico que almacena la información de la toma de signos vitales y optras observaciones"/>
      <exampleBoolean value="false"/>
    </resource>
    <resource>
      <extension url="http://hl7.org/fhir/tools/StructureDefinition/resource-information">
        <valueString value="StructureDefinition:resource"/>
      </extension>
      <reference>
        <reference value="StructureDefinition/CdrDocument"/>
      </reference>
      <name value="Bundle Para Documento Clínico"/>
      <description value="Documento en el cual se almacena los signos vitales del paciente previo o durante su consulta."/>
      <exampleBoolean value="false"/>
    </resource>
    <resource>
      <extension url="http://hl7.org/fhir/tools/StructureDefinition/resource-information">
        <valueString value="StructureDefinition:resource"/>
      </extension>
      <reference>
        <reference value="StructureDefinition/CdrEscalaDolor"/>
      </reference>
      <name value="Escala de Dolor"/>
      <description value="Este recurso permite guardar la información de la escala del dolor observable de un paciente en específico."/>
      <exampleBoolean value="false"/>
    </resource>
    <resource>
      <extension url="http://hl7.org/fhir/tools/StructureDefinition/resource-information">
        <valueString value="StructureDefinition:resource"/>
      </extension>
      <reference>
        <reference value="StructureDefinition/CdrEscalaGlasgow"/>
      </reference>
      <name value="Escala Glasgow"/>
      <description value="Este recurso permite guardar la información del estado de conciencia de un paciente en coma."/>
      <exampleBoolean value="false"/>
    </resource>
    <resource>
      <extension url="http://hl7.org/fhir/tools/StructureDefinition/resource-information">
        <valueString value="StructureDefinition:resource"/>
      </extension>
      <reference>
        <reference value="StructureDefinition/CdrEstadoConciencia"/>
      </reference>
      <name value="Estado de Conciencia"/>
      <description value="Este recurso permite guardar la información del estado de conciencia en que llego el paciente a la consulta."/>
      <exampleBoolean value="false"/>
    </resource>
    <resource>
      <extension url="http://hl7.org/fhir/tools/StructureDefinition/resource-information">
        <valueString value="StructureDefinition:resource"/>
      </extension>
      <reference>
        <reference value="StructureDefinition/CdrEstadoDistres"/>
      </reference>
      <name value="Estado de Distrés"/>
      <description value="Este recurso permite guardar la información del estado de distrés en que llego el paciente al recinto."/>
      <exampleBoolean value="false"/>
    </resource>
    <resource>
      <extension url="http://hl7.org/fhir/tools/StructureDefinition/resource-information">
        <valueString value="StructureDefinition:resource"/>
      </extension>
      <reference>
        <reference value="StructureDefinition/CdrEstadoNutricional"/>
      </reference>
      <name value="Estado Nutricional"/>
      <description value="Este recurso permite guardar la información del estado nutricional de un paciente, dado los resultados de sus examenes"/>
      <exampleBoolean value="false"/>
    </resource>
    <resource>
      <extension url="http://hl7.org/fhir/tools/StructureDefinition/resource-information">
        <valueString value="StructureDefinition:resource"/>
      </extension>
      <reference>
        <reference value="StructureDefinition/CdrFrecuenciaCardiaca"/>
      </reference>
      <name value="Frecuencia Cardiaca"/>
      <description value="Este recurso permite guardar la información de la frecuencia cardiaca de los pacientes."/>
      <exampleBoolean value="false"/>
    </resource>
    <resource>
      <extension url="http://hl7.org/fhir/tools/StructureDefinition/resource-information">
        <valueString value="StructureDefinition:resource"/>
      </extension>
      <reference>
        <reference value="StructureDefinition/CdrGlicemia"/>
      </reference>
      <name value="Glicemia en Sangre"/>
      <description value="Este recurso permite guardar la información de la glicemia en sangre de los pacientes."/>
      <exampleBoolean value="false"/>
    </resource>
    <resource>
      <extension url="http://hl7.org/fhir/tools/StructureDefinition/resource-information">
        <valueString value="StructureDefinition:resource"/>
      </extension>
      <reference>
        <reference value="StructureDefinition/CdrIMC"/>
      </reference>
      <name value="Indice de Masa Corporal"/>
      <description value="Este recurso permite guardar la información del indice de masa corporal de los pacientes"/>
      <exampleBoolean value="false"/>
    </resource>
    <resource>
      <extension url="http://hl7.org/fhir/tools/StructureDefinition/resource-information">
        <valueString value="StructureDefinition:resource"/>
      </extension>
      <reference>
        <reference value="StructureDefinition/CdrMovimientoFetal"/>
      </reference>
      <name value="Movimiento Fetal"/>
      <description value="Este recurso permite guardar la información del movimiento de un feto"/>
      <exampleBoolean value="false"/>
    </resource>
    <resource>
      <extension url="http://hl7.org/fhir/tools/StructureDefinition/resource-information">
        <valueString value="StructureDefinition:resource"/>
      </extension>
      <reference>
        <reference value="StructureDefinition/CdrOrganizationHosp"/>
      </reference>
      <name value="Recinto de Salud Araucania Sur"/>
      <description value="Recinto que entrega prestaciones de salud."/>
      <exampleBoolean value="false"/>
    </resource>
    <resource>
      <extension url="http://hl7.org/fhir/tools/StructureDefinition/resource-information">
        <valueString value="StructureDefinition:resource"/>
      </extension>
      <reference>
        <reference value="StructureDefinition/CdrPatient"/>
      </reference>
      <name value="Paciente Servicio de Salud Araucania Sur"/>
      <description value="Este recurso paciente utiliza la información mínima requerida según la guía core y el servicio de salud Araucanía sur"/>
      <exampleBoolean value="false"/>
    </resource>
    <resource>
      <extension url="http://hl7.org/fhir/tools/StructureDefinition/resource-information">
        <valueString value="StructureDefinition:resource"/>
      </extension>
      <reference>
        <reference value="StructureDefinition/CdrPeso"/>
      </reference>
      <name value="Peso"/>
      <description value="Este recurso permite guardar la información del peso de los pacientes"/>
      <exampleBoolean value="false"/>
    </resource>
    <resource>
      <extension url="http://hl7.org/fhir/tools/StructureDefinition/resource-information">
        <valueString value="StructureDefinition:resource"/>
      </extension>
      <reference>
        <reference value="StructureDefinition/CdrPesoAlturaInfantil"/>
      </reference>
      <name value="Diagnóstico Nutricional Infantil Peso/Altura"/>
      <description value="Este recurso permite guardar la información del estado de nutrición de un paciente pediátrico según su peso y su altura."/>
      <exampleBoolean value="false"/>
    </resource>
    <resource>
      <extension url="http://hl7.org/fhir/tools/StructureDefinition/resource-information">
        <valueString value="StructureDefinition:resource"/>
      </extension>
      <reference>
        <reference value="StructureDefinition/CdrPesoEdadInfantil"/>
      </reference>
      <name value="Diagnóstico Nutricional Infantil Peso/Edad"/>
      <description value="Este recurso permite guardar la información del estado de nutrición de un paciente pediátrico según su peso y su edad."/>
      <exampleBoolean value="false"/>
    </resource>
    <resource>
      <extension url="http://hl7.org/fhir/tools/StructureDefinition/resource-information">
        <valueString value="StructureDefinition:resource"/>
      </extension>
      <reference>
        <reference value="StructureDefinition/CdrPractitioner"/>
      </reference>
      <name value="Prestador de Salud"/>
      <description value="Este recurso nace del proyecto de laboratorio del servicio de salud Araucanía sur y la guía core de HL7 Chile."/>
      <exampleBoolean value="false"/>
    </resource>
    <resource>
      <extension url="http://hl7.org/fhir/tools/StructureDefinition/resource-information">
        <valueString value="StructureDefinition:resource"/>
      </extension>
      <reference>
        <reference value="StructureDefinition/CdrPrensionSanguinea"/>
      </reference>
      <name value="Presión Sanguínea"/>
      <description value="Este recurso permite guardar la información de la presión sanguinea de los pacientes."/>
      <exampleBoolean value="false"/>
    </resource>
    <resource>
      <extension url="http://hl7.org/fhir/tools/StructureDefinition/resource-information">
        <valueString value="StructureDefinition:resource"/>
      </extension>
      <reference>
        <reference value="StructureDefinition/CdrProvenance"/>
      </reference>
      <name value="Firma Digital"/>
      <description value="Este recurso permite guardar la firma de los documentos de signos vitales."/>
      <exampleBoolean value="false"/>
    </resource>
    <resource>
      <extension url="http://hl7.org/fhir/tools/StructureDefinition/resource-information">
        <valueString value="StructureDefinition:resource"/>
      </extension>
      <reference>
        <reference value="StructureDefinition/CdrRespiraciones"/>
      </reference>
      <name value="Frecuencia Respiratoria"/>
      <description value="Este recurso permite guardar la información de la frecuencia respiratoria de los pacientes."/>
      <exampleBoolean value="false"/>
    </resource>
    <resource>
      <extension url="http://hl7.org/fhir/tools/StructureDefinition/resource-information">
        <valueString value="StructureDefinition:resource"/>
      </extension>
      <reference>
        <reference value="StructureDefinition/CdrRitmoCardiacoFetal"/>
      </reference>
      <name value="Ritmo Cardíaco Fetal"/>
      <description value="Este recurso permite guardar la información del ritmo cardíaco del feto."/>
      <exampleBoolean value="false"/>
    </resource>
    <resource>
      <extension url="http://hl7.org/fhir/tools/StructureDefinition/resource-information">
        <valueString value="StructureDefinition:resource"/>
      </extension>
      <reference>
        <reference value="StructureDefinition/CdrSaturacionOxigeno"/>
      </reference>
      <name value="Saturación Oxígeno"/>
      <description value="Este recurso permite guardar la información de la saturación oxígeno de los pacientes."/>
      <exampleBoolean value="false"/>
    </resource>
    <resource>
      <extension url="http://hl7.org/fhir/tools/StructureDefinition/resource-information">
        <valueString value="StructureDefinition:resource"/>
      </extension>
      <reference>
        <reference value="StructureDefinition/CdrSemanasECO"/>
      </reference>
      <name value="Edad Gestacional en Semanas"/>
      <description value="Este recurso permite guardar la información del estimado de semanas de un feto."/>
      <exampleBoolean value="false"/>
    </resource>
    <resource>
      <extension url="http://hl7.org/fhir/tools/StructureDefinition/resource-information">
        <valueString value="StructureDefinition:resource"/>
      </extension>
      <reference>
        <reference value="StructureDefinition/CdrSemanasFUR"/>
      </reference>
      <name value="Estimado del Último Período"/>
      <description value="Este recurso permite guardar la información del estimado del último periodo del paciente."/>
      <exampleBoolean value="false"/>
    </resource>
    <resource>
      <extension url="http://hl7.org/fhir/tools/StructureDefinition/resource-information">
        <valueString value="StructureDefinition:resource"/>
      </extension>
      <reference>
        <reference value="StructureDefinition/CdrSignosVitales"/>
      </reference>
      <name value="Signos Vitales de Salud Araucanía Sur"/>
      <description value="Este recurso permite mostrar la información de los signos vitales LOINC de los pacientes."/>
      <exampleBoolean value="false"/>
    </resource>
    <resource>
      <extension url="http://hl7.org/fhir/tools/StructureDefinition/resource-information">
        <valueString value="StructureDefinition:resource"/>
      </extension>
      <reference>
        <reference value="StructureDefinition/CdrTalla"/>
      </reference>
      <name value="Talla"/>
      <description value="Este recurso permite guardar la información del talla de los pacientes."/>
      <exampleBoolean value="false"/>
    </resource>
    <resource>
      <extension url="http://hl7.org/fhir/tools/StructureDefinition/resource-information">
        <valueString value="StructureDefinition:resource"/>
      </extension>
      <reference>
        <reference value="StructureDefinition/CdrTemperaturaCorporalAxilar"/>
      </reference>
      <name value="Temperatura Corporal Axilar"/>
      <description value="Este recurso permite guardar la información de la temperatura corporal de los pacientes tomada desde la zona axilar."/>
      <exampleBoolean value="false"/>
    </resource>
    <resource>
      <extension url="http://hl7.org/fhir/tools/StructureDefinition/resource-information">
        <valueString value="StructureDefinition:resource"/>
      </extension>
      <reference>
        <reference value="StructureDefinition/CdrTemperaturaCorporalBucal"/>
      </reference>
      <name value="Temperatura Corporal Bucal"/>
      <description value="Este recurso permite guardar la información de la temperatura corporal de los pacientes tomada desde la boca."/>
      <exampleBoolean value="false"/>
    </resource>
    <resource>
      <extension url="http://hl7.org/fhir/tools/StructureDefinition/resource-information">
        <valueString value="StructureDefinition:resource"/>
      </extension>
      <reference>
        <reference value="StructureDefinition/CdrTemperaturaCorporalRectal"/>
      </reference>
      <name value="Temperatura Corporal Rectal"/>
      <description value="Este recurso permite guardar la información de la temperatura corporal de los pacientes tomada desde la zona rectal."/>
      <exampleBoolean value="false"/>
    </resource>
    <resource>
      <extension url="http://hl7.org/fhir/tools/StructureDefinition/resource-information">
        <valueString value="StructureDefinition:resource"/>
      </extension>
      <reference>
        <reference value="StructureDefinition/CdrTransactionPublicacion"/>
      </reference>
      <name value="Transacción De Recursos (Publicación)"/>
      <description value="Este recurso permite realizar transacciones con el servidor. Todos los fullURL creadas por este recurso deben ser urn:uidd"/>
      <exampleBoolean value="false"/>
    </resource>
    <resource>
      <extension url="http://hl7.org/fhir/tools/StructureDefinition/resource-information">
        <valueString value="StructureDefinition:resource"/>
      </extension>
      <reference>
        <reference value="StructureDefinition/CdrTransactionRecuperacion"/>
      </reference>
      <name value="Transacción De Recursos(Recuparación)"/>
      <description value="Este recursos permite realizar transacciones con el servidor para recuperar todos los recursos necesarios para crear el documento."/>
      <exampleBoolean value="false"/>
    </resource>
    <resource>
      <extension url="http://hl7.org/fhir/tools/StructureDefinition/resource-information">
        <valueString value="StructureDefinition:extension"/>
      </extension>
      <reference>
        <reference value="StructureDefinition/IdentidadDeGenero"/>
      </reference>
      <name value="Identidad de Género"/>
      <description value="Extensión para incluir la identidad de género del paciente."/>
      <exampleBoolean value="false"/>
    </resource>
    <resource>
      <extension url="http://hl7.org/fhir/tools/StructureDefinition/resource-information">
        <valueString value="StructureDefinition:extension"/>
      </extension>
      <reference>
        <reference value="StructureDefinition/NivelInstruccion"/>
      </reference>
      <name value="Nivel Instrucción"/>
      <description value="Nivel educacional en la que se encuentra el paciente."/>
      <exampleBoolean value="false"/>
    </resource>
    <resource>
      <extension url="http://hl7.org/fhir/tools/StructureDefinition/resource-information">
        <valueString value="StructureDefinition:extension"/>
      </extension>
      <reference>
        <reference value="StructureDefinition/Ocupacion"/>
      </reference>
      <name value="Ocupación"/>
      <description value="Ocupación del paciente."/>
      <exampleBoolean value="false"/>
    </resource>
    <resource>
      <extension url="http://hl7.org/fhir/tools/StructureDefinition/resource-information">
        <valueString value="StructureDefinition:extension"/>
      </extension>
      <reference>
        <reference value="StructureDefinition/Prevision"/>
      </reference>
      <name value="Previsión del Paciente"/>
      <description value="Sistema de previsión de salud utilizado por el paciente."/>
      <exampleBoolean value="false"/>
    </resource>
    <resource>
      <extension url="http://hl7.org/fhir/tools/StructureDefinition/resource-information">
        <valueString value="StructureDefinition:extension"/>
      </extension>
      <reference>
        <reference value="StructureDefinition/PuebloOriginario"/>
      </reference>
      <name value="Pueblo Originario"/>
      <description value="Pueblo originario al cual pertenece la persona."/>
      <exampleBoolean value="false"/>
    </resource>
    <resource>
      <extension url="http://hl7.org/fhir/tools/StructureDefinition/resource-information">
        <valueString value="ValueSet"/>
      </extension>
      <reference>
        <reference value="ValueSet/EscalaConcienciaVS"/>
      </reference>
      <name value="Estado de Cociencia"/>
      <description value="Posiles resultados del estado de conciencia en que se encuentra un paciente."/>
      <exampleBoolean value="false"/>
    </resource>
    <resource>
      <extension url="http://hl7.org/fhir/tools/StructureDefinition/resource-information">
        <valueString value="ValueSet"/>
      </extension>
      <reference>
        <reference value="ValueSet/EscalaMovimientoFetalVS"/>
      </reference>
      <name value="Resultados de un Movimiento Fetal"/>
      <description value="Resultados de un movimiento fetal"/>
      <exampleBoolean value="false"/>
    </resource>
    <resource>
      <extension url="http://hl7.org/fhir/tools/StructureDefinition/resource-information">
        <valueString value="ValueSet"/>
      </extension>
      <reference>
        <reference value="ValueSet/EscalaNutricionales"/>
      </reference>
      <name value="Escalas Nutricionales"/>
      <description value="Las distintas escalas nutricionales utilizadas dentro de los sistemas del servicio de salud"/>
      <exampleBoolean value="false"/>
    </resource>
    <resource>
      <extension url="http://hl7.org/fhir/tools/StructureDefinition/resource-information">
        <valueString value="ValueSet"/>
      </extension>
      <reference>
        <reference value="ValueSet/EstadoCivilVS"/>
      </reference>
      <name value="Estado Civil"/>
      <description value="Definie el estado civil que se encuentra la persona, según la normativa local de Chile"/>
      <exampleBoolean value="false"/>
    </resource>
    <resource>
      <extension url="http://hl7.org/fhir/tools/StructureDefinition/resource-information">
        <valueString value="ValueSet"/>
      </extension>
      <reference>
        <reference value="ValueSet/GenderIdentityVS"/>
      </reference>
      <name value="Identidad de Género"/>
      <description value="Genero con el cual se identifica el paciente"/>
      <exampleBoolean value="false"/>
    </resource>
    <resource>
      <extension url="http://hl7.org/fhir/tools/StructureDefinition/resource-information">
        <valueString value="ValueSet"/>
      </extension>
      <reference>
        <reference value="ValueSet/Nivel-InstruccionVS"/>
      </reference>
      <name value="Nivel de Instrucción"/>
      <description value="Codificación del nivel de instrucción del paciente"/>
      <exampleBoolean value="false"/>
    </resource>
    <resource>
      <extension url="http://hl7.org/fhir/tools/StructureDefinition/resource-information">
        <valueString value="ValueSet"/>
      </extension>
      <reference>
        <reference value="ValueSet/Ocupacion-PatientVS"/>
      </reference>
      <name value="Ocupación"/>
      <description value="Codificación de la ocupación que puede tener el paciente"/>
      <exampleBoolean value="false"/>
    </resource>
    <resource>
      <extension url="http://hl7.org/fhir/tools/StructureDefinition/resource-information">
        <valueString value="ValueSet"/>
      </extension>
      <reference>
        <reference value="ValueSet/Pueblos-PueblosOriginariosVS"/>
      </reference>
      <name value="Codificación de Pueblos Originarios"/>
      <description value="Codificación de los pueblos originarios"/>
      <exampleBoolean value="false"/>
    </resource>
    <resource>
      <extension url="http://hl7.org/fhir/tools/StructureDefinition/resource-information">
        <valueString value="ValueSet"/>
      </extension>
      <reference>
        <reference value="ValueSet/ResultadosSiNo"/>
      </reference>
      <name value="Resultados Si y No"/>
      <description value="Resultado para respuestas afirmativas o negativas"/>
      <exampleBoolean value="false"/>
    </resource>
    <resource>
      <extension url="http://hl7.org/fhir/tools/StructureDefinition/resource-information">
        <valueString value="ValueSet"/>
      </extension>
      <reference>
        <reference value="ValueSet/SignosVitalesSsasur"/>
      </reference>
      <name value="Signos Vitales"/>
      <description value="Signos vitales tomados del pacientes"/>
      <exampleBoolean value="false"/>
    </resource>
    <resource>
      <extension url="http://hl7.org/fhir/tools/StructureDefinition/resource-information">
        <valueString value="ValueSet"/>
      </extension>
      <reference>
        <reference value="ValueSet/Sistema-PrevisionVS"/>
      </reference>
      <name value="Sistema de Previsión"/>
      <description value="Códificación de los sistemas de previsión utilizados para financiar la salud de los pacientes"/>
      <exampleBoolean value="false"/>
    </resource>
    <resource>
      <extension url="http://hl7.org/fhir/tools/StructureDefinition/resource-information">
        <valueString value="ValueSet"/>
      </extension>
      <reference>
        <reference value="ValueSet/TitulosProfesionalesPrestadoresVS"/>
      </reference>
      <name value="Titulos Profesionales Prestadores"/>
      <description value="Este code system de los títulos profesionales de lo prestadores de salud del decreto exento 643"/>
      <exampleBoolean value="false"/>
    </resource>
    <resource>
      <extension url="http://hl7.org/fhir/tools/StructureDefinition/resource-information">
        <valueString value="ValueSet"/>
      </extension>
      <reference>
        <reference value="ValueSet/Tramos-IsapresVS"/>
      </reference>
      <name value="Tramos de FONASA o Isapre"/>
      <description value="Tramos utilizados por fonasa o Isapre del paciente"/>
      <exampleBoolean value="false"/>
    </resource>
    <resource>
      <extension url="http://hl7.org/fhir/tools/StructureDefinition/resource-information">
        <valueString value="CodeSystem"/>
      </extension>
      <reference>
        <reference value="CodeSystem/AseguradoraCS"/>
      </reference>
      <name value="Aseguradora Particular del Paciente"/>
      <description value="Aseguradora particular utiliza el paciente"/>
      <exampleBoolean value="false"/>
    </resource>
    <resource>
      <extension url="http://hl7.org/fhir/tools/StructureDefinition/resource-information">
        <valueString value="CodeSystem"/>
      </extension>
      <reference>
        <reference value="CodeSystem/EscalaConcienciaCS"/>
      </reference>
      <name value="Estado de Cociencia"/>
      <description value="Posiles resultados del estado de conciencia en que se encuentra un paciente."/>
      <exampleBoolean value="false"/>
    </resource>
    <resource>
      <extension url="http://hl7.org/fhir/tools/StructureDefinition/resource-information">
        <valueString value="CodeSystem"/>
      </extension>
      <reference>
        <reference value="CodeSystem/EscalaMovimientoFetalCS"/>
      </reference>
      <name value="Resultados de un Movimiento Fetal"/>
      <description value="Resultados de un movimiento fetal"/>
      <exampleBoolean value="false"/>
    </resource>
    <resource>
      <extension url="http://hl7.org/fhir/tools/StructureDefinition/resource-information">
        <valueString value="CodeSystem"/>
      </extension>
      <reference>
        <reference value="CodeSystem/EscalaNutricionalAdulto"/>
      </reference>
      <name value="Escala Nutricional para Adultos"/>
      <description value="Escala nutricional de un paciente adulto"/>
      <exampleBoolean value="false"/>
    </resource>
    <resource>
      <extension url="http://hl7.org/fhir/tools/StructureDefinition/resource-information">
        <valueString value="CodeSystem"/>
      </extension>
      <reference>
        <reference value="CodeSystem/EscalaNutricionalEstandar"/>
      </reference>
      <name value="Escala Nutricional"/>
      <description value="Escala estandar de nutrición para un paciente"/>
      <exampleBoolean value="false"/>
    </resource>
    <resource>
      <extension url="http://hl7.org/fhir/tools/StructureDefinition/resource-information">
        <valueString value="CodeSystem"/>
      </extension>
      <reference>
        <reference value="CodeSystem/EscalaNutricionalPediatrica"/>
      </reference>
      <name value="Escala Nutricional para Pediátricos"/>
      <description value="Escala nutricional de un paciente pediatrico"/>
      <exampleBoolean value="false"/>
    </resource>
    <resource>
      <extension url="http://hl7.org/fhir/tools/StructureDefinition/resource-information">
        <valueString value="CodeSystem"/>
      </extension>
      <reference>
        <reference value="CodeSystem/EstadoCivilCS"/>
      </reference>
      <name value="Estado Civil"/>
      <description value="Definie el estado civil que se encuentra la persona, según la normativa local de Chile"/>
      <exampleBoolean value="false"/>
    </resource>
    <resource>
      <extension url="http://hl7.org/fhir/tools/StructureDefinition/resource-information">
        <valueString value="CodeSystem"/>
      </extension>
      <reference>
        <reference value="CodeSystem/GenderIdentityCs"/>
      </reference>
      <name value="Identidad de Género"/>
      <description value="Genero con el cual se identifica el paciente"/>
      <exampleBoolean value="false"/>
    </resource>
    <resource>
      <extension url="http://hl7.org/fhir/tools/StructureDefinition/resource-information">
        <valueString value="CodeSystem"/>
      </extension>
      <reference>
        <reference value="CodeSystem/Nivel-InstruccionCS"/>
      </reference>
      <name value="Nivel de Instrucción"/>
      <description value="Codificación del nivel de instrucción del paciente"/>
      <exampleBoolean value="false"/>
    </resource>
    <resource>
      <extension url="http://hl7.org/fhir/tools/StructureDefinition/resource-information">
        <valueString value="CodeSystem"/>
      </extension>
      <reference>
        <reference value="CodeSystem/Ocupacion-PatientCS"/>
      </reference>
      <name value="Ocupación"/>
      <description value="Codificación de la ocupación que puede tener el paciente, dado la terminología"/>
      <exampleBoolean value="false"/>
    </resource>
    <resource>
      <extension url="http://hl7.org/fhir/tools/StructureDefinition/resource-information">
        <valueString value="CodeSystem"/>
      </extension>
      <reference>
        <reference value="CodeSystem/Pueblos-PueblosOriginariosCS"/>
      </reference>
      <name value="Codificación de Pueblos Originarios"/>
      <description value="Codificación de los pueblos originarios"/>
      <exampleBoolean value="false"/>
    </resource>
    <resource>
      <extension url="http://hl7.org/fhir/tools/StructureDefinition/resource-information">
        <valueString value="CodeSystem"/>
      </extension>
      <reference>
        <reference value="CodeSystem/Sistema-Prevision"/>
      </reference>
      <name value="Sistema de Previsión"/>
      <description value="Códificación de los sistemas de previsión utilizados para financiar la salud de los pacientes"/>
      <exampleBoolean value="false"/>
    </resource>
    <resource>
      <extension url="http://hl7.org/fhir/tools/StructureDefinition/resource-information">
        <valueString value="CodeSystem"/>
      </extension>
      <reference>
        <reference value="CodeSystem/TitulosProfesionalesPrestadoresCS"/>
      </reference>
      <name value="Titulos Profesionales Prestadores"/>
      <description value="Este code system de los títulos profesionales de lo prestadores de salud del decreto exento 643"/>
      <exampleBoolean value="false"/>
    </resource>
    <resource>
      <extension url="http://hl7.org/fhir/tools/StructureDefinition/resource-information">
        <valueString value="CodeSystem"/>
      </extension>
      <reference>
        <reference value="CodeSystem/Tramos-FONASA"/>
      </reference>
      <name value="Tramos de FONASA"/>
      <description value="Tramos utilizados por fonasa"/>
      <exampleBoolean value="false"/>
    </resource>
    <resource>
      <extension url="http://hl7.org/fhir/tools/StructureDefinition/resource-information">
        <valueString value="Observation"/>
      </extension>
      <reference>
        <reference value="Observation/AlturaEdadInfantilExample"/>
      </reference>
      <name value="Diagnóstico Nutricional Infantil Altura/Edad"/>
      <description value="Ejemplo de un resultado de un analisis de la altura por edad de un niño"/>
      <exampleCanonical value="https://www.ssasur.cl/fhir/ig/ASV/StructureDefinition/CdrAlturaEdadInfantil"/>
    </resource>
    <resource>
      <extension url="http://hl7.org/fhir/tools/StructureDefinition/resource-information">
        <valueString value="Observation"/>
      </extension>
      <reference>
        <reference value="Observation/AlturaUterinaExample"/>
      </reference>
      <name value="Altura Fondo Uterino"/>
      <description value="Ejemplo de Altura Uterina, en el caso de tomas de signos vitales para embarazadas."/>
      <exampleCanonical value="https://www.ssasur.cl/fhir/ig/ASV/StructureDefinition/CdrAlturaUterina"/>
    </resource>
    <resource>
      <extension url="http://hl7.org/fhir/tools/StructureDefinition/resource-information">
        <valueString value="Observation"/>
      </extension>
      <reference>
        <reference value="Observation/CircunferenciaAbdominalExample"/>
      </reference>
      <name value="Circunferencia Abdominal"/>
      <description value="Ejemplo de un recurso almacenando la información de la circunferencia abdominal."/>
      <exampleCanonical value="https://www.ssasur.cl/fhir/ig/ASV/StructureDefinition/CdrCircunferenciaAbdominal"/>
    </resource>
    <resource>
      <extension url="http://hl7.org/fhir/tools/StructureDefinition/resource-information">
        <valueString value="Observation"/>
      </extension>
      <reference>
        <reference value="Observation/CircunferenciaCinturaExample"/>
      </reference>
      <name value="Circunferencia Cintura"/>
      <description value="Ejemplo de un recurso almacenando la información de la circunferencia en la cintura."/>
      <exampleCanonical value="https://www.ssasur.cl/fhir/ig/ASV/StructureDefinition/CdrCircunferenciaCintura"/>
    </resource>
    <resource>
      <extension url="http://hl7.org/fhir/tools/StructureDefinition/resource-information">
        <valueString value="Observation"/>
      </extension>
      <reference>
        <reference value="Observation/CircunferenciaCraneanaExample"/>
      </reference>
      <name value="Circunferencia Craneana"/>
      <description value="Ejemplo de un recurso almacenando la información de la circunferencia craneana."/>
      <exampleCanonical value="https://www.ssasur.cl/fhir/ig/ASV/StructureDefinition/CdrCircunferenciaCraneana"/>
    </resource>
    <resource>
      <extension url="http://hl7.org/fhir/tools/StructureDefinition/resource-information">
        <valueString value="Composition"/>
      </extension>
      <reference>
        <reference value="Composition/CompositionDocumentExample"/>
      </reference>
      <name value="Cabecera del Documento"/>
      <description value="Ejemplo de un composition para crear un documento"/>
      <exampleCanonical value="https://www.ssasur.cl/fhir/ig/ASV/StructureDefinition/CdrComposition"/>
    </resource>
    <resource>
      <extension url="http://hl7.org/fhir/tools/StructureDefinition/resource-information">
        <valueString value="Bundle"/>
      </extension>
      <reference>
        <reference value="Bundle/Documento"/>
      </reference>
      <name value="Documento de Signos Vitales"/>
      <description value="Ejemplo de un documento"/>
      <exampleCanonical value="https://www.ssasur.cl/fhir/ig/ASV/StructureDefinition/CdrDocument"/>
    </resource>
    <resource>
      <extension url="http://hl7.org/fhir/tools/StructureDefinition/resource-information">
        <valueString value="Provenance"/>
      </extension>
      <reference>
        <reference value="Provenance/EjemploFirma"/>
      </reference>
      <name value="Firma Digital"/>
      <description value="Firma de un recurso composition y las observaciones para identificar la persona responsable de su creación."/>
      <exampleCanonical value="https://www.ssasur.cl/fhir/ig/ASV/StructureDefinition/CdrProvenance"/>
    </resource>
    <resource>
      <extension url="http://hl7.org/fhir/tools/StructureDefinition/resource-information">
        <valueString value="Observation"/>
      </extension>
      <reference>
        <reference value="Observation/EscalaDolorExample"/>
      </reference>
      <name value="Escala de Dolor"/>
      <description value="Ejemplo de la escala de dolor que describe el paciente."/>
      <exampleCanonical value="https://www.ssasur.cl/fhir/ig/ASV/StructureDefinition/CdrEscalaDolor"/>
    </resource>
    <resource>
      <extension url="http://hl7.org/fhir/tools/StructureDefinition/resource-information">
        <valueString value="Observation"/>
      </extension>
      <reference>
        <reference value="Observation/EscalaGlasgowExample"/>
      </reference>
      <name value="Escala Glasgow"/>
      <description value="Ejmplo de un recurso de la escala de Glasgow para un paciente en coma."/>
      <exampleCanonical value="https://www.ssasur.cl/fhir/ig/ASV/StructureDefinition/CdrEscalaGlasgow"/>
    </resource>
    <resource>
      <extension url="http://hl7.org/fhir/tools/StructureDefinition/resource-information">
        <valueString value="Observation"/>
      </extension>
      <reference>
        <reference value="Observation/EstadoConcienciaExample"/>
      </reference>
      <name value="Estado de Conciencia"/>
      <description value="Ejemplo del estado de conciencia con el cual llega el paciente a urgencia en este caso."/>
      <exampleCanonical value="https://www.ssasur.cl/fhir/ig/ASV/StructureDefinition/CdrEstadoConciencia"/>
    </resource>
    <resource>
      <extension url="http://hl7.org/fhir/tools/StructureDefinition/resource-information">
        <valueString value="Observation"/>
      </extension>
      <reference>
        <reference value="Observation/EstadoDistresExample"/>
      </reference>
      <name value="Estado de Distres"/>
      <description value="Ejemplo del estado de distres por el cual llega el paciente a urguencia"/>
      <exampleCanonical value="https://www.ssasur.cl/fhir/ig/ASV/StructureDefinition/CdrEstadoDistres"/>
    </resource>
    <resource>
      <extension url="http://hl7.org/fhir/tools/StructureDefinition/resource-information">
        <valueString value="Observation"/>
      </extension>
      <reference>
        <reference value="Observation/EstadoNutricionalExample"/>
      </reference>
      <name value="Estado Nutricional"/>
      <description value="Ejemplo del estado de nutricional de un paciente"/>
      <exampleCanonical value="https://www.ssasur.cl/fhir/ig/ASV/StructureDefinition/CdrEstadoNutricional"/>
    </resource>
    <resource>
      <extension url="http://hl7.org/fhir/tools/StructureDefinition/resource-information">
        <valueString value="Bundle"/>
      </extension>
      <reference>
        <reference value="Bundle/ExampleRecuperacion"/>
      </reference>
      <name value="Recuperación de Recursos"/>
      <description value="Ejemplo para recuperar los recursos necesarios en el momento de crear un documento"/>
      <exampleCanonical value="https://www.ssasur.cl/fhir/ig/ASV/StructureDefinition/CdrTransactionRecuperacion"/>
    </resource>
    <resource>
      <extension url="http://hl7.org/fhir/tools/StructureDefinition/resource-information">
        <valueString value="Bundle"/>
      </extension>
      <reference>
        <reference value="Bundle/ExampleRecuperacionBase"/>
      </reference>
      <name value="Recuperación de Recursos Base"/>
      <description value="Estos son los recursos bases necesarios para crear un documento, que se deberian encontrar dentro del servido FHIR."/>
      <exampleCanonical value="https://www.ssasur.cl/fhir/ig/ASV/StructureDefinition/CdrTransactionRecuperacion"/>
    </resource>
    <resource>
      <extension url="http://hl7.org/fhir/tools/StructureDefinition/resource-information">
        <valueString value="Bundle"/>
      </extension>
      <reference>
        <reference value="Bundle/ExampleTransaction"/>
      </reference>
      <name value="Publicación de Recursos"/>
      <description value="Ejemplo de una transacción de los recursos enviados a un servidor para crear un documento posteriormente"/>
      <exampleCanonical value="https://www.ssasur.cl/fhir/ig/ASV/StructureDefinition/CdrTransactionPublicacion"/>
    </resource>
    <resource>
      <extension url="http://hl7.org/fhir/tools/StructureDefinition/resource-information">
        <valueString value="Observation"/>
      </extension>
      <reference>
        <reference value="Observation/GlicemiaExample"/>
      </reference>
      <name value="Glicemia en Sangre"/>
      <description value="Ejemplo del nivel de glicemia de un paciente"/>
      <exampleCanonical value="https://www.ssasur.cl/fhir/ig/ASV/StructureDefinition/CdrGlicemia"/>
    </resource>
    <resource>
      <extension url="http://hl7.org/fhir/tools/StructureDefinition/resource-information">
        <valueString value="Observation"/>
      </extension>
      <reference>
        <reference value="Observation/IMCExample"/>
      </reference>
      <name value="Indice de Masa Corporal"/>
      <description value="Ejemplo del nivel de IMC de un paciente"/>
      <exampleCanonical value="https://www.ssasur.cl/fhir/ig/ASV/StructureDefinition/CdrIMC"/>
    </resource>
    <resource>
      <extension url="http://hl7.org/fhir/tools/StructureDefinition/resource-information">
        <valueString value="Observation"/>
      </extension>
      <reference>
        <reference value="Observation/MovimientoFetalExample"/>
      </reference>
      <name value="Movimiento Fetal"/>
      <description value="Ejemplo del moviemiento fetal que se presenta dentro de una paciente embarazada"/>
      <exampleCanonical value="https://www.ssasur.cl/fhir/ig/ASV/StructureDefinition/CdrMovimientoFetal"/>
    </resource>
    <resource>
      <extension url="http://hl7.org/fhir/tools/StructureDefinition/resource-information">
        <valueString value="Organization"/>
      </extension>
      <reference>
        <reference value="Organization/OrganizationHospital"/>
      </reference>
      <name value="Hospital ejemplo"/>
      <description value="Ejemplo del uso del CdrOrganization con un identificador de hospital."/>
      <exampleCanonical value="https://www.ssasur.cl/fhir/ig/ASV/StructureDefinition/CdrOrganizationHosp"/>
    </resource>
    <resource>
      <extension url="http://hl7.org/fhir/tools/StructureDefinition/resource-information">
        <valueString value="Patient"/>
      </extension>
      <reference>
        <reference value="Patient/PatientExample"/>
      </reference>
      <name value="Paciente de Ejemplo"/>
      <description value="Paciente de Prueba."/>
      <exampleCanonical value="https://www.ssasur.cl/fhir/ig/ASV/StructureDefinition/CdrPatient"/>
    </resource>
    <resource>
      <extension url="http://hl7.org/fhir/tools/StructureDefinition/resource-information">
        <valueString value="Observation"/>
      </extension>
      <reference>
        <reference value="Observation/PesoAlturaInfantilExample"/>
      </reference>
      <name value="Diagnóstico Nutricional Infantil Peso/Altura"/>
      <description value="Ejemplo de un resultado de un analisis del peso por altura de un niño."/>
      <exampleCanonical value="https://www.ssasur.cl/fhir/ig/ASV/StructureDefinition/CdrPesoAlturaInfantil"/>
    </resource>
    <resource>
      <extension url="http://hl7.org/fhir/tools/StructureDefinition/resource-information">
        <valueString value="Observation"/>
      </extension>
      <reference>
        <reference value="Observation/PesoEdadInfantilExample"/>
      </reference>
      <name value="Diagnóstico Nutricional Infantil Peso/Edad"/>
      <description value="Ejemplo de un resultado de un analisis del peso por edad de un niño."/>
      <exampleCanonical value="https://www.ssasur.cl/fhir/ig/ASV/StructureDefinition/CdrPesoEdadInfantil"/>
    </resource>
    <resource>
      <extension url="http://hl7.org/fhir/tools/StructureDefinition/resource-information">
        <valueString value="Observation"/>
      </extension>
      <reference>
        <reference value="Observation/PesoExample"/>
      </reference>
      <name value="Peso"/>
      <description value="Ejemplo del peso de un paciente"/>
      <exampleCanonical value="https://www.ssasur.cl/fhir/ig/ASV/StructureDefinition/CdrPeso"/>
    </resource>
    <resource>
      <extension url="http://hl7.org/fhir/tools/StructureDefinition/resource-information">
        <valueString value="Observation"/>
      </extension>
      <reference>
        <reference value="Observation/PrensionSanguineaExample"/>
      </reference>
      <name value="Presión Sanguínea"/>
      <description value="Ejemplo de la presión sanguinea de un paciente."/>
      <exampleCanonical value="https://www.ssasur.cl/fhir/ig/ASV/StructureDefinition/CdrPrensionSanguinea"/>
    </resource>
    <resource>
      <extension url="http://hl7.org/fhir/tools/StructureDefinition/resource-information">
        <valueString value="Practitioner"/>
      </extension>
      <reference>
        <reference value="Practitioner/Profesional"/>
      </reference>
      <name value="Profesional"/>
      <description value="Profesional del servicio de salud araucania sur."/>
      <exampleCanonical value="https://www.ssasur.cl/fhir/ig/ASV/StructureDefinition/CdrPractitioner"/>
    </resource>
    <resource>
      <extension url="http://hl7.org/fhir/tools/StructureDefinition/resource-information">
        <valueString value="Observation"/>
      </extension>
      <reference>
        <reference value="Observation/RespiracionesExample"/>
      </reference>
      <name value="Frecuencia Respiratoria"/>
      <description value="Ejemplo de las respiraciones por minuto que puede presentar el paciente."/>
      <exampleCanonical value="https://www.ssasur.cl/fhir/ig/ASV/StructureDefinition/CdrRespiraciones"/>
    </resource>
    <resource>
      <extension url="http://hl7.org/fhir/tools/StructureDefinition/resource-information">
        <valueString value="Observation"/>
      </extension>
      <reference>
        <reference value="Observation/RitmoCardiacaExample"/>
      </reference>
      <name value="Frecuencia Cardiaca"/>
      <description value="Ejemplo de la frecuencia cardiaca de un paciente."/>
      <exampleCanonical value="https://www.ssasur.cl/fhir/ig/ASV/StructureDefinition/CdrFrecuenciaCardiaca"/>
    </resource>
    <resource>
      <extension url="http://hl7.org/fhir/tools/StructureDefinition/resource-information">
        <valueString value="Observation"/>
      </extension>
      <reference>
        <reference value="Observation/RitmoCardiacoFetalExample"/>
      </reference>
      <name value="Ritmo Cardíaco Fetal"/>
      <description value="Ejemplo del ritmo cardiaco de un fento dentro del vientre materno."/>
      <exampleCanonical value="https://www.ssasur.cl/fhir/ig/ASV/StructureDefinition/CdrRitmoCardiacoFetal"/>
    </resource>
    <resource>
      <extension url="http://hl7.org/fhir/tools/StructureDefinition/resource-information">
        <valueString value="Observation"/>
      </extension>
      <reference>
        <reference value="Observation/SaturacionOxigenoExample"/>
      </reference>
      <name value="Saturación Oxígeno"/>
      <description value="Ejemplo de la saturación de oxigeno en un paciente"/>
      <exampleCanonical value="https://www.ssasur.cl/fhir/ig/ASV/StructureDefinition/CdrSaturacionOxigeno"/>
    </resource>
    <resource>
      <extension url="http://hl7.org/fhir/tools/StructureDefinition/resource-information">
        <valueString value="Observation"/>
      </extension>
      <reference>
        <reference value="Observation/SemanasECOExample"/>
      </reference>
      <name value="Edad Gestacional en Semanas"/>
      <description value="Ejemplo de la semana gestacional de una paciente embarazada."/>
      <exampleCanonical value="https://www.ssasur.cl/fhir/ig/ASV/StructureDefinition/CdrSemanasECO"/>
    </resource>
    <resource>
      <extension url="http://hl7.org/fhir/tools/StructureDefinition/resource-information">
        <valueString value="Observation"/>
      </extension>
      <reference>
        <reference value="Observation/SemanasFURExample"/>
      </reference>
      <name value="Estimado del Último Período"/>
      <description value="Ejemplo del estimado del ultimo periodo de una paciente con sospecha de embarazo"/>
      <exampleCanonical value="https://www.ssasur.cl/fhir/ig/ASV/StructureDefinition/CdrSemanasFUR"/>
    </resource>
    <resource>
      <extension url="http://hl7.org/fhir/tools/StructureDefinition/resource-information">
        <valueString value="Observation"/>
      </extension>
      <reference>
        <reference value="Observation/SignosVitalesExample"/>
      </reference>
      <name value="Signo Vital Error"/>
      <description value="Ejemplo de un Signo vital tomado por error."/>
      <exampleCanonical value="https://www.ssasur.cl/fhir/ig/ASV/StructureDefinition/CdrSignosVitales"/>
    </resource>
    <resource>
      <extension url="http://hl7.org/fhir/tools/StructureDefinition/resource-information">
        <valueString value="Observation"/>
      </extension>
      <reference>
        <reference value="Observation/TallaExample"/>
      </reference>
      <name value="Talla"/>
      <description value="Ejemplo de la altura en un paciente."/>
      <exampleCanonical value="https://www.ssasur.cl/fhir/ig/ASV/StructureDefinition/CdrTalla"/>
    </resource>
    <resource>
      <extension url="http://hl7.org/fhir/tools/StructureDefinition/resource-information">
        <valueString value="Observation"/>
      </extension>
      <reference>
        <reference value="Observation/TemperaturaCorporalAxilarExample"/>
      </reference>
      <name value="Temperatura Corporal Axilar"/>
      <description value="Ejemplo de la temperatura corporal de un paciente tomado desde la zonan axilar."/>
      <exampleCanonical value="https://www.ssasur.cl/fhir/ig/ASV/StructureDefinition/CdrTemperaturaCorporalAxilar"/>
    </resource>
    <resource>
      <extension url="http://hl7.org/fhir/tools/StructureDefinition/resource-information">
        <valueString value="Observation"/>
      </extension>
      <reference>
        <reference value="Observation/TemperaturaCorporalBucalExample"/>
      </reference>
      <name value="Temperatura Corporal Bucal"/>
      <description value="Ejemplo de la temperatura corporal de un paciente tomado desde la zona bucal."/>
      <exampleCanonical value="https://www.ssasur.cl/fhir/ig/ASV/StructureDefinition/CdrTemperaturaCorporalBucal"/>
    </resource>
    <resource>
      <extension url="http://hl7.org/fhir/tools/StructureDefinition/resource-information">
        <valueString value="Observation"/>
      </extension>
      <reference>
        <reference value="Observation/TemperaturaCorporalRectalExample"/>
      </reference>
      <name value="Temperatura Corporal Rectal"/>
      <description value="Ejemplo de la temperatura corporal de un paciente tomado desde la zona rectal."/>
      <exampleCanonical value="https://www.ssasur.cl/fhir/ig/ASV/StructureDefinition/CdrTemperaturaCorporalRectal"/>
    </resource>
    <page>
      <extension url="http://hl7.org/fhir/tools/StructureDefinition/ig-page-name">
        <valueUrl value="toc.html"/>
      </extension>
      <nameUrl value="toc.html"/>
      <title value="Table of Contents"/>
      <generation value="html"/>
      <page>
        <extension url="http://hl7.org/fhir/tools/StructureDefinition/ig-page-name">
          <valueUrl value="index.html"/>
        </extension>
        <nameUrl value="index.html"/>
        <title value="Inicio"/>
        <generation value="markdown"/>
      </page>
      <page>
        <extension url="http://hl7.org/fhir/tools/StructureDefinition/ig-page-name">
          <valueUrl value="CasosdeUso.html"/>
        </extension>
        <nameUrl value="CasosdeUso.html"/>
        <title value="Casos de Usos"/>
        <generation value="markdown"/>
      </page>
      <page>
        <extension url="http://hl7.org/fhir/tools/StructureDefinition/ig-page-name">
          <valueUrl value="Perfiles.html"/>
        </extension>
        <nameUrl value="Perfiles.html"/>
        <title value="Perfiles"/>
        <generation value="markdown"/>
      </page>
      <page>
        <extension url="http://hl7.org/fhir/tools/StructureDefinition/ig-page-name">
          <valueUrl value="Extensiones.html"/>
        </extension>
        <nameUrl value="Extensiones.html"/>
        <title value="Extensiones"/>
        <generation value="markdown"/>
      </page>
      <page>
        <extension url="http://hl7.org/fhir/tools/StructureDefinition/ig-page-name">
          <valueUrl value="Terminologias.html"/>
        </extension>
        <nameUrl value="Terminologias.html"/>
        <title value="Terminologías"/>
        <generation value="markdown"/>
      </page>
      <page>
        <extension url="http://hl7.org/fhir/tools/StructureDefinition/ig-page-name">
          <valueUrl value="Ejemplos.html"/>
        </extension>
        <nameUrl value="Ejemplos.html"/>
        <title value="Ejemplos"/>
        <generation value="markdown"/>
      </page>
    </page>
    <parameter>
      <code value="path-resource"/>
      <value value="input/capabilities"/>
    </parameter>
    <parameter>
      <code value="path-resource"/>
      <value value="input/examples"/>
    </parameter>
    <parameter>
      <code value="path-resource"/>
      <value value="input/extensions"/>
    </parameter>
    <parameter>
      <code value="path-resource"/>
      <value value="input/models"/>
    </parameter>
    <parameter>
      <code value="path-resource"/>
      <value value="input/operations"/>
    </parameter>
    <parameter>
      <code value="path-resource"/>
      <value value="input/profiles"/>
    </parameter>
    <parameter>
      <code value="path-resource"/>
      <value value="input/resources"/>
    </parameter>
    <parameter>
      <code value="path-resource"/>
      <value value="input/vocabulary"/>
    </parameter>
    <parameter>
      <code value="path-resource"/>
      <value value="input/maps"/>
    </parameter>
    <parameter>
      <code value="path-resource"/>
      <value value="input/testing"/>
    </parameter>
    <parameter>
      <code value="path-resource"/>
      <value value="input/history"/>
    </parameter>
    <parameter>
      <code value="path-resource"/>
      <value value="fsh-generated/resources"/>
    </parameter>
    <parameter>
      <code value="path-pages"/>
      <value value="template/config"/>
    </parameter>
    <parameter>
      <code value="path-pages"/>
      <value value="input/images"/>
    </parameter>
    <parameter>
      <code value="path-tx-cache"/>
      <value value="input-cache/txcache"/>
    </parameter>
  </definition>
</ImplementationGuide>