<?xml version="1.0" encoding="UTF-8"?>

<Observation xmlns="http://hl7.org/fhir">
  <id value="EstadoConcienciaExample"/>
  <meta>
    <profile value="https://www.ssasur.cl/fhir/ig/ASV/StructureDefinition/CdrEstadoConciencia"/>
  </meta>
  <text>
    <status value="generated"/><div xmlns="http://www.w3.org/1999/xhtml"><p><b>Generated Narrative: Observation</b><a name="EstadoConcienciaExample"> </a></p><div style="display: inline-block; background-color: #d9e0e7; padding: 6px; margin: 4px; border: 1px solid #8da1b4; border-radius: 5px; line-height: 60%"><p style="margin-bottom: 0px">Resource Observation &quot;EstadoConcienciaExample&quot; </p><p style="margin-bottom: 0px">Profile: <a href="StructureDefinition-CdrEstadoConciencia.html">Estado de Conciencia</a></p></div><p><b>status</b>: final</p><p><b>category</b>: Vital Signs <span style="background: LightGoldenRodYellow; margin: 4px; border: 1px solid khaki"> (<a href="http://terminology.hl7.org/5.0.0/CodeSystem-observation-category.html">Observation Category Codes</a>#vital-signs)</span></p><p><b>code</b>: ESTADO DE CONCIENCIA <span style="background: LightGoldenRodYellow; margin: 4px; border: 1px solid khaki"> (<a href="https://browser.ihtsdotools.org/">SNOMED CT</a>#248217000 &quot;State of consciousness and awareness&quot;)</span></p><p><b>subject</b>: <a href="Bundle-ExampleTransaction.html#urn-uuid-56851b4b-9867-4b72-9a2c-3a1c8c1cbddf">urn:uuid:56851b4b-9867-4b72-9a2c-3a1c8c1cbddf</a></p><p><b>effective</b>: 2022-07-07 12:00:00-0400</p><p><b>value</b>: Alerta <span style="background: LightGoldenRodYellow; margin: 4px; border: 1px solid khaki"> (<a href="CodeSystem-EscalaConcienciaCS.html">Estado de Cociencia</a>#Alerta)</span></p></div>
  </text>
  <status value="final"/>
  <category>
    <coding>
      <system value="http://terminology.hl7.org/CodeSystem/observation-category"/>
      <code value="vital-signs"/>
    </coding>
  </category>
  <code>
    <coding>
      <system value="http://snomed.info/sct"/>
      <code value="248217000"/>
      <display value="State of consciousness and awareness"/>
    </coding>
    <text value="ESTADO DE CONCIENCIA"/>
  </code>
  <subject>
    <reference value="urn:uuid:56851b4b-9867-4b72-9a2c-3a1c8c1cbddf"/>
  </subject>
  <effectiveDateTime value="2022-07-07T12:00:00-04:00"/>
  <valueCodeableConcept>
    <coding>
      <system value="https://www.ssasur.cl/fhir/ig/ASV/CodeSystem/EscalaConcienciaCS"/>
      <code value="Alerta"/>
      <display value="Alerta"/>
    </coding>
  </valueCodeableConcept>
</Observation>