<?xml version="1.0" encoding="UTF-8"?>

<Practitioner xmlns="http://hl7.org/fhir">
  <id value="Profesional"/>
  <meta>
    <profile value="https://www.ssasur.cl/fhir/ig/ASV/StructureDefinition/CdrPractitioner"/>
  </meta>
  <text>
    <status value="generated"/><div xmlns="http://www.w3.org/1999/xhtml"><p><b>Generated Narrative: Practitioner</b><a name="Profesional"> </a></p><div style="display: inline-block; background-color: #d9e0e7; padding: 6px; margin: 4px; border: 1px solid #8da1b4; border-radius: 5px; line-height: 60%"><p style="margin-bottom: 0px">Resource Practitioner &quot;Profesional&quot; </p><p style="margin-bottom: 0px">Profile: <a href="StructureDefinition-CdrPractitioner.html">Prestador de Salud</a></p></div><p><b>identifier</b>: id: 10.006.005-4 (use: OFFICIAL), id: 123456 (use: SECONDARY)</p><p><b>name</b>: Alejando Medina </p><p><b>gender</b>: male</p><p><b>birthDate</b>: 1960-09-11</p></div>
  </text>
  <identifier>
    <use value="official"/>
    <value value="10.006.005-4"/>
  </identifier>
  <identifier>
    <use value="secondary"/>
    <system value="https://rnpi.superdesalud.gob.cl/"/>
    <value value="123456"/>
  </identifier>
  <name>
    <family value="Medina"/>
    <given value="Alejando"/>
  </name>
  <gender value="male"/>
  <birthDate value="1960-09-11"/>
</Practitioner>