<?xml version="1.0" encoding="UTF-8"?>

<Provenance xmlns="http://hl7.org/fhir">
  <id value="EjemploFirma"/>
  <meta>
    <profile value="https://www.ssasur.cl/fhir/ig/ASV/StructureDefinition/CdrProvenance"/>
  </meta>
  <text>
    <status value="generated"/><div xmlns="http://www.w3.org/1999/xhtml"><p><b>Generated Narrative: Provenance</b><a name="EjemploFirma"> </a></p><div style="display: inline-block; background-color: #d9e0e7; padding: 6px; margin: 4px; border: 1px solid #8da1b4; border-radius: 5px; line-height: 60%"><p style="margin-bottom: 0px">Resource Provenance &quot;EjemploFirma&quot; </p><p style="margin-bottom: 0px">Profile: <a href="StructureDefinition-CdrProvenance.html">Firma Digital</a></p></div><p><b>target</b>: </p><ul><li><a href="Bundle-ExampleTransaction.html#urn-uuid-4745debb-35e6-42f5-8094-65f9b47dcc94">urn:uuid:4745debb-35e6-42f5-8094-65f9b47dcc94</a></li><li><a href="Bundle-ExampleTransaction.html#urn-uuid-30561296-f509-40d1-878a-1d42432ffd0a">urn:uuid:30561296-f509-40d1-878a-1d42432ffd0a</a></li><li><a href="Bundle-ExampleTransaction.html#urn-uuid-84f42b61-d690-45e6-87f8-0672432ffd0a">urn:uuid:84f42b61-d690-45e6-87f8-0672432ffd0a</a></li><li><a href="Bundle-ExampleTransaction.html#urn-uuid-13d97bbc-7a58-49e9-bf12-4add450b605a">urn:uuid:13d97bbc-7a58-49e9-bf12-4add450b605a</a></li><li><a href="Bundle-ExampleTransaction.html#urn-uuid-0b06f501-5465-4b31-b106-56f73cc0ef99">urn:uuid:0b06f501-5465-4b31-b106-56f73cc0ef99</a></li><li><a href="Bundle-ExampleTransaction.html#urn-uuid-df1a8537-56a2-4aec-aa6c-f6f537e874e7">urn:uuid:df1a8537-56a2-4aec-aa6c-f6f537e874e7</a></li><li><a href="Bundle-ExampleTransaction.html#urn-uuid-432b12d6-5a42-47ca-8024-495309843029">urn:uuid:432b12d6-5a42-47ca-8024-495309843029</a></li><li><a href="Bundle-ExampleTransaction.html#urn-uuid-4bb12bcf-44f1-4af0-9deb-5688de0f0230">urn:uuid:4bb12bcf-44f1-4af0-9deb-5688de0f0230</a></li><li><a href="Bundle-ExampleTransaction.html#urn-uuid-0549e5ba-54da-4dc8-8217-73f4ab458787">urn:uuid:0549e5ba-54da-4dc8-8217-73f4ab458787</a></li><li><a href="Bundle-ExampleTransaction.html#urn-uuid-8bae75f7-319a-46ca-87b3-15906ec267a7">urn:uuid:8bae75f7-319a-46ca-87b3-15906ec267a7</a></li></ul><p><b>recorded</b>: 23-11-2022 11:31:22</p><p><b>activity</b>: create <span style="background: LightGoldenRodYellow; margin: 4px; border: 1px solid khaki"> (<a href="http://terminology.hl7.org/5.0.0/CodeSystem-v3-DataOperation.html">DataOperation</a>#CREATE)</span></p><h3>Agents</h3><table class="grid"><tr><td>-</td><td><b>Type</b></td><td><b>Who</b></td></tr><tr><td>*</td><td>attester <span style="background: LightGoldenRodYellow; margin: 4px; border: 1px solid khaki"> (<a href="http://terminology.hl7.org/5.0.0/CodeSystem-provenance-participant-type.html">Provenance participant type</a>#attester)</span></td><td><a href="Bundle-ExampleTransaction.html#urn-uuid-03e6e7e2-7b2f-40c9-bf4d-6e222a71ee50">urn:uuid:03e6e7e2-7b2f-40c9-bf4d-6e222a71ee50: MARIA MAGDALENA JUNGJOHANN (OFFICIAL)</a></td></tr></table><h3>Signatures</h3><table class="grid"><tr><td>-</td><td><b>Type</b></td><td><b>When</b></td><td><b>Who</b></td><td><b>SigFormat</b></td><td><b>Data</b></td></tr><tr><td>*</td><td>Verification Signature (Details: urn:iso-astm:E1762-95:2013 code 1.2.840.10065.1.12.1.5 = 'Verification Signature', stated as 'Verification Signature')</td><td>23-11-2022 11:31:22</td><td><a href="Bundle-ExampleTransaction.html#urn-uuid-03e6e7e2-7b2f-40c9-bf4d-6e222a71ee50">urn:uuid:03e6e7e2-7b2f-40c9-bf4d-6e222a71ee50: MARIA MAGDALENA JUNGJOHANN (OFFICIAL)</a></td><td>application/jose</td><td>QmVhcmVyIEJxdGdUb25BN0VSTmVlcFc3ZDgyNXJqeXZCUkpnNk5R</td></tr></table></div>
  </text>
  <target>
    <reference value="urn:uuid:4745debb-35e6-42f5-8094-65f9b47dcc94"/>
  </target>
  <target>
    <reference value="urn:uuid:30561296-f509-40d1-878a-1d42432ffd0a"/>
  </target>
  <target>
    <reference value="urn:uuid:84f42b61-d690-45e6-87f8-0672432ffd0a"/>
  </target>
  <target>
    <reference value="urn:uuid:13d97bbc-7a58-49e9-bf12-4add450b605a"/>
  </target>
  <target>
    <reference value="urn:uuid:0b06f501-5465-4b31-b106-56f73cc0ef99"/>
  </target>
  <target>
    <reference value="urn:uuid:df1a8537-56a2-4aec-aa6c-f6f537e874e7"/>
  </target>
  <target>
    <reference value="urn:uuid:432b12d6-5a42-47ca-8024-495309843029"/>
  </target>
  <target>
    <reference value="urn:uuid:4bb12bcf-44f1-4af0-9deb-5688de0f0230"/>
  </target>
  <target>
    <reference value="urn:uuid:0549e5ba-54da-4dc8-8217-73f4ab458787"/>
  </target>
  <target>
    <reference value="urn:uuid:8bae75f7-319a-46ca-87b3-15906ec267a7"/>
  </target>
  <recorded value="2022-11-23T14:31:22.900+00:00"/>
  <activity>
    <coding>
      <system value="http://terminology.hl7.org/CodeSystem/v3-DataOperation"/>
      <code value="CREATE"/>
      <display value="create"/>
    </coding>
  </activity>
  <agent>
    <type>
      <coding>
        <system value="http://terminology.hl7.org/CodeSystem/provenance-participant-type"/>
        <code value="attester"/>
        <display value="attester"/>
      </coding>
    </type>
    <who>
      <reference value="urn:uuid:03e6e7e2-7b2f-40c9-bf4d-6e222a71ee50"/>
      <display value="MARIA MAGDALENA JUNGJOHANN (OFFICIAL)"/>
    </who>
  </agent>
  <signature>
    <type>
      <system value="urn:iso-astm:E1762-95:2013"/>
      <code value="1.2.840.10065.1.12.1.5"/>
      <display value="Verification Signature"/>
    </type>
    <when value="2022-11-23T14:31:22.903+00:00"/>
    <who>
      <reference value="urn:uuid:03e6e7e2-7b2f-40c9-bf4d-6e222a71ee50"/>
      <display value="MARIA MAGDALENA JUNGJOHANN (OFFICIAL)"/>
    </who>
    <sigFormat value="application/jose"/>
    <data value="QmVhcmVyIEJxdGdUb25BN0VSTmVlcFc3ZDgyNXJqeXZCUkpnNk5R"/>
  </signature>
</Provenance>