{"resourceType":"CodeSystem","id":"TitulosProfesionalesPrestadoresCS","text":{"status":"generated","div":"<div xmlns=\"http://www.w3.org/1999/xhtml\"><p>This code system <code>https://www.ssasur.cl/fhir/ig/ASV/CodeSystem/TitulosProfesionalesPrestadoresCS</code> defines the following codes:</p><table class=\"codes\"><tr><td style=\"white-space:nowrap\"><b>Code</b></td><td><b>Display</b></td></tr><tr><td style=\"white-space:nowrap\">01<a name=\"TitulosProfesionalesPrestadoresCS-01\"> </a></td><td>Médico Cirujano</td></tr><tr><td style=\"white-space:nowrap\">02<a name=\"TitulosProfesionalesPrestadoresCS-02\"> </a></td><td>Cirujano Dentista</td></tr><tr><td style=\"white-space:nowrap\">03<a name=\"TitulosProfesionalesPrestadoresCS-03\"> </a></td><td>Enfermeras(os)</td></tr><tr><td style=\"white-space:nowrap\">04<a name=\"TitulosProfesionalesPrestadoresCS-04\"> </a></td><td>Enfermeras(os) Matronas(es)</td></tr><tr><td style=\"white-space:nowrap\">05<a name=\"TitulosProfesionalesPrestadoresCS-05\"> </a></td><td>Matronas(es)</td></tr><tr><td style=\"white-space:nowrap\">06<a name=\"TitulosProfesionalesPrestadoresCS-06\"> </a></td><td>Tecnólogos Médicos</td></tr><tr><td style=\"white-space:nowrap\">07<a name=\"TitulosProfesionalesPrestadoresCS-07\"> </a></td><td>Psicólogos</td></tr><tr><td style=\"white-space:nowrap\">08<a name=\"TitulosProfesionalesPrestadoresCS-08\"> </a></td><td>Kinesiólogos</td></tr><tr><td style=\"white-space:nowrap\">09<a name=\"TitulosProfesionalesPrestadoresCS-09\"> </a></td><td>Farmacéuticos y Químicos-Farmacéuticos</td></tr><tr><td style=\"white-space:nowrap\">10<a name=\"TitulosProfesionalesPrestadoresCS-10\"> </a></td><td>Bioquímicos</td></tr><tr><td style=\"white-space:nowrap\">11<a name=\"TitulosProfesionalesPrestadoresCS-11\"> </a></td><td>Nutricionistas</td></tr><tr><td style=\"white-space:nowrap\">12<a name=\"TitulosProfesionalesPrestadoresCS-12\"> </a></td><td>Fonoaudiólogos</td></tr><tr><td style=\"white-space:nowrap\">13<a name=\"TitulosProfesionalesPrestadoresCS-13\"> </a></td><td>Terapeutas Ocupacionales</td></tr><tr><td style=\"white-space:nowrap\">14<a name=\"TitulosProfesionalesPrestadoresCS-14\"> </a></td><td>Auxiliares Paramédicos de Alimentación</td></tr><tr><td style=\"white-space:nowrap\">15<a name=\"TitulosProfesionalesPrestadoresCS-15\"> </a></td><td>A.P de Radiología, Radioterapia, Lab</td></tr><tr><td style=\"white-space:nowrap\">16<a name=\"TitulosProfesionalesPrestadoresCS-16\"> </a></td><td>Auxiliares Paramédicos de Odontología</td></tr><tr><td style=\"white-space:nowrap\">17<a name=\"TitulosProfesionalesPrestadoresCS-17\"> </a></td><td>Auxiliares Paramédicosm dde Farmacia</td></tr><tr><td style=\"white-space:nowrap\">18<a name=\"TitulosProfesionalesPrestadoresCS-18\"> </a></td><td>Auxiliares de Enfermería</td></tr><tr><td style=\"white-space:nowrap\">19<a name=\"TitulosProfesionalesPrestadoresCS-19\"> </a></td><td>Técnicos en Nivel Superioren Salud</td></tr><tr><td style=\"white-space:nowrap\">20<a name=\"TitulosProfesionalesPrestadoresCS-20\"> </a></td><td>Técnicos en Salud</td></tr><tr><td style=\"white-space:nowrap\">21<a name=\"TitulosProfesionalesPrestadoresCS-21\"> </a></td><td>Técnicos Nivel Medion en Salud</td></tr><tr><td style=\"white-space:nowrap\">22<a name=\"TitulosProfesionalesPrestadoresCS-22\"> </a></td><td>Laboratopristas Dentales</td></tr><tr><td style=\"white-space:nowrap\">23<a name=\"TitulosProfesionalesPrestadoresCS-23\"> </a></td><td>Podólogos</td></tr><tr><td style=\"white-space:nowrap\">24<a name=\"TitulosProfesionalesPrestadoresCS-24\"> </a></td><td>Ópticos</td></tr><tr><td style=\"white-space:nowrap\">25<a name=\"TitulosProfesionalesPrestadoresCS-25\"> </a></td><td>Contactólogos</td></tr><tr><td style=\"white-space:nowrap\">26<a name=\"TitulosProfesionalesPrestadoresCS-26\"> </a></td><td>Homeópatas</td></tr><tr><td style=\"white-space:nowrap\">27<a name=\"TitulosProfesionalesPrestadoresCS-27\"> </a></td><td>Acupunturistas</td></tr><tr><td style=\"white-space:nowrap\">28<a name=\"TitulosProfesionalesPrestadoresCS-28\"> </a></td><td>Naturópatas</td></tr><tr><td style=\"white-space:nowrap\">29<a name=\"TitulosProfesionalesPrestadoresCS-29\"> </a></td><td>Cosmetólogos</td></tr><tr><td style=\"white-space:nowrap\">99<a name=\"TitulosProfesionalesPrestadoresCS-99\"> </a></td><td>desconocida</td></tr></table></div>"},"url":"https://www.ssasur.cl/fhir/ig/ASV/CodeSystem/TitulosProfesionalesPrestadoresCS","version":"0.5.3","name":"TitulosProfesionalesPrestadoresCS","title":"Titulos Profesionales Prestadores","status":"active","experimental":true,"date":"2022-12-01T14:22:43-03:00","publisher":"Servicio de Salud Araucania Sur","contact":[{"name":"Servicio de Salud Araucania Sur","telecom":[{"system":"url","value":"https://www.araucaniasur.cl/"}]},{"name":"Franco Ulloa","telecom":[{"system":"email","value":"franco.ulloam@redsalud.gob.cl","use":"work"}]}],"description":"Este code system de los títulos profesionales de lo prestadores de salud del decreto exento 643","jurisdiction":[{"coding":[{"system":"urn:iso:std:iso:3166","code":"CL","display":"Chile"}]}],"caseSensitive":true,"content":"complete","count":30,"concept":[{"code":"01","display":"Médico Cirujano"},{"code":"02","display":"Cirujano Dentista"},{"code":"03","display":"Enfermeras(os)"},{"code":"04","display":"Enfermeras(os) Matronas(es)"},{"code":"05","display":"Matronas(es)"},{"code":"06","display":"Tecnólogos Médicos"},{"code":"07","display":"Psicólogos"},{"code":"08","display":"Kinesiólogos"},{"code":"09","display":"Farmacéuticos y Químicos-Farmacéuticos"},{"code":"10","display":"Bioquímicos"},{"code":"11","display":"Nutricionistas"},{"code":"12","display":"Fonoaudiólogos"},{"code":"13","display":"Terapeutas Ocupacionales"},{"code":"14","display":"Auxiliares Paramédicos de Alimentación"},{"code":"15","display":"A.P de Radiología, Radioterapia, Lab"},{"code":"16","display":"Auxiliares Paramédicos de Odontología"},{"code":"17","display":"Auxiliares Paramédicosm dde Farmacia"},{"code":"18","display":"Auxiliares de Enfermería"},{"code":"19","display":"Técnicos en Nivel Superioren Salud"},{"code":"20","display":"Técnicos en Salud"},{"code":"21","display":"Técnicos Nivel Medion en Salud"},{"code":"22","display":"Laboratopristas Dentales"},{"code":"23","display":"Podólogos"},{"code":"24","display":"Ópticos"},{"code":"25","display":"Contactólogos"},{"code":"26","display":"Homeópatas"},{"code":"27","display":"Acupunturistas"},{"code":"28","display":"Naturópatas"},{"code":"29","display":"Cosmetólogos"},{"code":"99","display":"desconocida"}]}