{"resourceType":"CodeSystem","id":"Sistema-Prevision","text":{"status":"generated","div":"<div xmlns=\"http://www.w3.org/1999/xhtml\"><p>This code system <code>https://www.ssasur.cl/fhir/ig/ASV/CodeSystem/Sistema-Prevision</code> defines the following codes:</p><table class=\"codes\"><tr><td style=\"white-space:nowrap\"><b>Code</b></td><td><b>Display</b></td></tr><tr><td style=\"white-space:nowrap\">01<a name=\"Sistema-Prevision-01\"> </a></td><td>FONASA</td></tr><tr><td style=\"white-space:nowrap\">02<a name=\"Sistema-Prevision-02\"> </a></td><td>ISAPRE</td></tr><tr><td style=\"white-space:nowrap\">03<a name=\"Sistema-Prevision-03\"> </a></td><td>CAPREDENA</td></tr><tr><td style=\"white-space:nowrap\">04<a name=\"Sistema-Prevision-04\"> </a></td><td>DIPRECA</td></tr><tr><td style=\"white-space:nowrap\">05<a name=\"Sistema-Prevision-05\"> </a></td><td>SISA</td></tr><tr><td style=\"white-space:nowrap\">96<a name=\"Sistema-Prevision-96\"> </a></td><td>NINGUNA</td></tr><tr><td style=\"white-space:nowrap\">99<a name=\"Sistema-Prevision-99\"> </a></td><td>DESCONOCIDO</td></tr></table></div>"},"url":"https://www.ssasur.cl/fhir/ig/ASV/CodeSystem/Sistema-Prevision","version":"0.5.3","name":"SistemaDePrevisionCS","title":"Sistema de Previsión","status":"active","experimental":true,"date":"2022-12-01T14:22:43-03:00","publisher":"Servicio de Salud Araucania Sur","contact":[{"name":"Servicio de Salud Araucania Sur","telecom":[{"system":"url","value":"https://www.araucaniasur.cl/"}]},{"name":"Franco Ulloa","telecom":[{"system":"email","value":"franco.ulloam@redsalud.gob.cl","use":"work"}]}],"description":"Códificación de los sistemas de previsión utilizados para financiar la salud de los pacientes","jurisdiction":[{"coding":[{"system":"urn:iso:std:iso:3166","code":"CL","display":"Chile"}]}],"caseSensitive":true,"content":"complete","count":7,"concept":[{"code":"01","display":"FONASA"},{"code":"02","display":"ISAPRE"},{"code":"03","display":"CAPREDENA"},{"code":"04","display":"DIPRECA"},{"code":"05","display":"SISA"},{"code":"96","display":"NINGUNA"},{"code":"99","display":"DESCONOCIDO"}]}