{"resourceType":"CodeSystem","id":"EscalaConcienciaCS","text":{"status":"generated","div":"<div xmlns=\"http://www.w3.org/1999/xhtml\"><p>This code system <code>https://www.ssasur.cl/fhir/ig/ASV/CodeSystem/EscalaConcienciaCS</code> defines the following codes:</p><table class=\"codes\"><tr><td style=\"white-space:nowrap\"><b>Code</b></td></tr><tr><td style=\"white-space:nowrap\">Alerta<a name=\"EscalaConcienciaCS-Alerta\"> </a></td></tr><tr><td style=\"white-space:nowrap\">Verbal<a name=\"EscalaConcienciaCS-Verbal\"> </a></td></tr><tr><td style=\"white-space:nowrap\">Doloroso<a name=\"EscalaConcienciaCS-Doloroso\"> </a></td></tr><tr><td style=\"white-space:nowrap\">Inconsciente<a name=\"EscalaConcienciaCS-Inconsciente\"> </a></td></tr></table></div>"},"url":"https://www.ssasur.cl/fhir/ig/ASV/CodeSystem/EscalaConcienciaCS","version":"0.5.3","name":"EscalaConcienciaCS","title":"Estado de Cociencia","status":"active","experimental":true,"date":"2022-12-01T14:22:43-03:00","publisher":"Servicio de Salud Araucania Sur","contact":[{"name":"Servicio de Salud Araucania Sur","telecom":[{"system":"url","value":"https://www.araucaniasur.cl/"}]},{"name":"Franco Ulloa","telecom":[{"system":"email","value":"franco.ulloam@redsalud.gob.cl","use":"work"}]}],"description":"Posiles resultados del estado de conciencia en que se encuentra un paciente.","jurisdiction":[{"coding":[{"system":"urn:iso:std:iso:3166","code":"CL","display":"Chile"}]}],"caseSensitive":true,"content":"complete","count":4,"concept":[{"code":"Alerta","display":"Alerta"},{"code":"Verbal","display":"Verbal"},{"code":"Doloroso","display":"Doloroso"},{"code":"Inconsciente","display":"Inconsciente"}]}