{"resourceType":"CodeSystem","id":"Tramos-FONASA","text":{"status":"generated","div":"<div xmlns=\"http://www.w3.org/1999/xhtml\"><p>This code system <code>https://www.ssasur.cl/fhir/ig/ASV/CodeSystem/Tramos-FONASA</code> defines the following codes:</p><table class=\"codes\"><tr><td style=\"white-space:nowrap\"><b>Code</b></td><td><b>Display</b></td></tr><tr><td style=\"white-space:nowrap\">A<a name=\"Tramos-FONASA-A\"> </a></td><td>Tramo A</td></tr><tr><td style=\"white-space:nowrap\">B<a name=\"Tramos-FONASA-B\"> </a></td><td>Tramo B</td></tr><tr><td style=\"white-space:nowrap\">C<a name=\"Tramos-FONASA-C\"> </a></td><td>Tramo C</td></tr><tr><td style=\"white-space:nowrap\">D<a name=\"Tramos-FONASA-D\"> </a></td><td>Tramo D</td></tr></table></div>"},"url":"https://www.ssasur.cl/fhir/ig/ASV/CodeSystem/Tramos-FONASA","version":"0.5.3","name":"TramosDeFonasaCS","title":"Tramos de FONASA","status":"active","experimental":true,"date":"2022-12-01T14:22:43-03:00","publisher":"Servicio de Salud Araucania Sur","contact":[{"name":"Servicio de Salud Araucania Sur","telecom":[{"system":"url","value":"https://www.araucaniasur.cl/"}]},{"name":"Franco Ulloa","telecom":[{"system":"email","value":"franco.ulloam@redsalud.gob.cl","use":"work"}]}],"description":"Tramos utilizados por fonasa","jurisdiction":[{"coding":[{"system":"urn:iso:std:iso:3166","code":"CL","display":"Chile"}]}],"caseSensitive":true,"content":"complete","count":4,"concept":[{"code":"A","display":"Tramo A"},{"code":"B","display":"Tramo B"},{"code":"C","display":"Tramo C"},{"code":"D","display":"Tramo D"}]}