{"resourceType":"CodeSystem","id":"Nivel-InstruccionCS","text":{"status":"generated","div":"<div xmlns=\"http://www.w3.org/1999/xhtml\"><p>This code system <code>https://www.ssasur.cl/fhir/ig/ASV/CodeSystem/Nivel-InstruccionCS</code> defines the following codes:</p><table class=\"codes\"><tr><td style=\"white-space:nowrap\"><b>Code</b></td><td><b>Display</b></td></tr><tr><td style=\"white-space:nowrap\">01<a name=\"Nivel-InstruccionCS-01\"> </a></td><td>PREBÁSICA</td></tr><tr><td style=\"white-space:nowrap\">02<a name=\"Nivel-InstruccionCS-02\"> </a></td><td>BÁSICA</td></tr><tr><td style=\"white-space:nowrap\">03<a name=\"Nivel-InstruccionCS-03\"> </a></td><td>MEDIA</td></tr><tr><td style=\"white-space:nowrap\">04<a name=\"Nivel-InstruccionCS-04\"> </a></td><td>TÉCNICO DE NIVEL SUPERIOR</td></tr><tr><td style=\"white-space:nowrap\">05<a name=\"Nivel-InstruccionCS-05\"> </a></td><td>PROFESIONAL UNIVERSITARIO</td></tr><tr><td style=\"white-space:nowrap\">06<a name=\"Nivel-InstruccionCS-06\"> </a></td><td>SIN INSTRUCCIÓN</td></tr><tr><td style=\"white-space:nowrap\">97<a name=\"Nivel-InstruccionCS-97\"> </a></td><td>NO RECUERDA</td></tr><tr><td style=\"white-space:nowrap\">98<a name=\"Nivel-InstruccionCS-98\"> </a></td><td>NO RESPONDE</td></tr></table></div>"},"url":"https://www.ssasur.cl/fhir/ig/ASV/CodeSystem/Nivel-InstruccionCS","version":"0.5.3","name":"NivelInstruccionCS","title":"Nivel de Instrucción","status":"active","experimental":true,"date":"2022-12-01T14:22:43-03:00","publisher":"Servicio de Salud Araucania Sur","contact":[{"name":"Servicio de Salud Araucania Sur","telecom":[{"system":"url","value":"https://www.araucaniasur.cl/"}]},{"name":"Franco Ulloa","telecom":[{"system":"email","value":"franco.ulloam@redsalud.gob.cl","use":"work"}]}],"description":"Codificación del nivel de instrucción del paciente","jurisdiction":[{"coding":[{"system":"urn:iso:std:iso:3166","code":"CL","display":"Chile"}]}],"caseSensitive":true,"content":"complete","count":8,"concept":[{"code":"01","display":"PREBÁSICA"},{"code":"02","display":"BÁSICA"},{"code":"03","display":"MEDIA"},{"code":"04","display":"TÉCNICO DE NIVEL SUPERIOR"},{"code":"05","display":"PROFESIONAL UNIVERSITARIO"},{"code":"06","display":"SIN INSTRUCCIÓN"},{"code":"97","display":"NO RECUERDA"},{"code":"98","display":"NO RESPONDE"}]}