{"resourceType":"ImplementationGuide","id":"hl7.fhir.cl.corecl.ssasur.asv","text":{"status":"extensions","div":"<div xmlns=\"http://www.w3.org/1999/xhtml\"><h2>AlmacenamientoSignosVitales</h2><p>The official URL for this implementation guide is: </p><pre>https://www.ssasur.cl/fhir/ig/ASV/ImplementationGuide/hl7.fhir.cl.corecl.ssasur.asv</pre><div><p>Guía de implementación para describir los recursos utilizados de los signos vitales para un registro clínico de los pacientes.</p>\n</div></div>"},"url":"https://www.ssasur.cl/fhir/ig/ASV/ImplementationGuide/hl7.fhir.cl.corecl.ssasur.asv","version":"0.5.3","name":"AlmacenamientoSignosVitales","title":"Almacenamiento de Signos Vitales","status":"draft","date":"2022-12-01T14:22:43-03:00","publisher":"Servicio de Salud Araucania Sur","contact":[{"name":"Servicio de Salud Araucania Sur","telecom":[{"system":"url","value":"https://www.araucaniasur.cl/"}]},{"name":"Franco Ulloa","telecom":[{"system":"email","value":"franco.ulloam@redsalud.gob.cl","use":"work"}]}],"description":"Guía de implementación para describir los recursos utilizados de los signos vitales para un registro clínico de los pacientes.","jurisdiction":[{"coding":[{"system":"urn:iso:std:iso:3166","code":"CL","display":"Chile"}]}],"packageId":"hl7.fhir.cl.corecl.ssasur.asv","license":"CC0-1.0","fhirVersion":["4.0.1"],"dependsOn":[{"id":"hl7tx","extension":[{"url":"http://hl7.org/fhir/tools/StructureDefinition/implementationguide-dependency-comment","valueMarkdown":"Automatically added as a dependency - all IGs depend on HL7 Terminology"}],"uri":"http://terminology.hl7.org/ImplementationGuide/hl7.terminology","packageId":"hl7.terminology.r4","version":"5.0.0"},{"id":"CoreCLDEV","uri":"https://build.fhir.org/ig/HL7Chile/CL-Core/","packageId":"hl7.fhir.cl.corecl","version":"dev"}],"definition":{"extension":[{"extension":[{"url":"code","valueString":"copyrightyear"},{"url":"value","valueString":"2022+"}],"url":"http://hl7.org/fhir/tools/StructureDefinition/ig-parameter"},{"extension":[{"url":"code","valueString":"releaselabel"},{"url":"value","valueString":"ci-build"}],"url":"http://hl7.org/fhir/tools/StructureDefinition/ig-parameter"},{"extension":[{"url":"code","valueString":"autoload-resources"},{"url":"value","valueString":"true"}],"url":"http://hl7.org/fhir/tools/StructureDefinition/ig-parameter"},{"extension":[{"url":"code","valueString":"path-liquid"},{"url":"value","valueString":"template/liquid"}],"url":"http://hl7.org/fhir/tools/StructureDefinition/ig-parameter"},{"extension":[{"url":"code","valueString":"path-liquid"},{"url":"value","valueString":"input/liquid"}],"url":"http://hl7.org/fhir/tools/StructureDefinition/ig-parameter"},{"extension":[{"url":"code","valueString":"path-qa"},{"url":"value","valueString":"temp/qa"}],"url":"http://hl7.org/fhir/tools/StructureDefinition/ig-parameter"},{"extension":[{"url":"code","valueString":"path-temp"},{"url":"value","valueString":"temp/pages"}],"url":"http://hl7.org/fhir/tools/StructureDefinition/ig-parameter"},{"extension":[{"url":"code","valueString":"path-output"},{"url":"value","valueString":"output"}],"url":"http://hl7.org/fhir/tools/StructureDefinition/ig-parameter"},{"extension":[{"url":"code","valueString":"path-suppressed-warnings"},{"url":"value","valueString":"input/ignoreWarnings.txt"}],"url":"http://hl7.org/fhir/tools/StructureDefinition/ig-parameter"},{"extension":[{"url":"code","valueString":"path-history"},{"url":"value","valueString":"https://www.ssasur.cl/fhir/ig/ASV/history.html"}],"url":"http://hl7.org/fhir/tools/StructureDefinition/ig-parameter"},{"extension":[{"url":"code","valueString":"template-html"},{"url":"value","valueString":"template-page.html"}],"url":"http://hl7.org/fhir/tools/StructureDefinition/ig-parameter"},{"extension":[{"url":"code","valueString":"template-md"},{"url":"value","valueString":"template-page-md.html"}],"url":"http://hl7.org/fhir/tools/StructureDefinition/ig-parameter"},{"extension":[{"url":"code","valueString":"apply-contact"},{"url":"value","valueString":"true"}],"url":"http://hl7.org/fhir/tools/StructureDefinition/ig-parameter"},{"extension":[{"url":"code","valueString":"apply-context"},{"url":"value","valueString":"true"}],"url":"http://hl7.org/fhir/tools/StructureDefinition/ig-parameter"},{"extension":[{"url":"code","valueString":"apply-copyright"},{"url":"value","valueString":"true"}],"url":"http://hl7.org/fhir/tools/StructureDefinition/ig-parameter"},{"extension":[{"url":"code","valueString":"apply-jurisdiction"},{"url":"value","valueString":"true"}],"url":"http://hl7.org/fhir/tools/StructureDefinition/ig-parameter"},{"extension":[{"url":"code","valueString":"apply-license"},{"url":"value","valueString":"true"}],"url":"http://hl7.org/fhir/tools/StructureDefinition/ig-parameter"},{"extension":[{"url":"code","valueString":"apply-publisher"},{"url":"value","valueString":"true"}],"url":"http://hl7.org/fhir/tools/StructureDefinition/ig-parameter"},{"extension":[{"url":"code","valueString":"apply-version"},{"url":"value","valueString":"true"}],"url":"http://hl7.org/fhir/tools/StructureDefinition/ig-parameter"},{"extension":[{"url":"code","valueString":"active-tables"},{"url":"value","valueString":"true"}],"url":"http://hl7.org/fhir/tools/StructureDefinition/ig-parameter"},{"extension":[{"url":"code","valueString":"fmm-definition"},{"url":"value","valueString":"http://hl7.org/fhir/versions.html#maturity"}],"url":"http://hl7.org/fhir/tools/StructureDefinition/ig-parameter"},{"extension":[{"url":"code","valueString":"propagate-status"},{"url":"value","valueString":"true"}],"url":"http://hl7.org/fhir/tools/StructureDefinition/ig-parameter"},{"extension":[{"url":"code","valueString":"excludelogbinaryformat"},{"url":"value","valueString":"true"}],"url":"http://hl7.org/fhir/tools/StructureDefinition/ig-parameter"},{"extension":[{"url":"code","valueString":"tabbed-snapshots"},{"url":"value","valueString":"true"}],"url":"http://hl7.org/fhir/tools/StructureDefinition/ig-parameter"},{"extension":[{"url":"code","valueString":"copyrightyear"},{"url":"value","valueString":"2022+"}],"url":"http://hl7.org/fhir/tools/StructureDefinition/ig-parameter"},{"extension":[{"url":"code","valueString":"releaselabel"},{"url":"value","valueString":"ci-build"}],"url":"http://hl7.org/fhir/tools/StructureDefinition/ig-parameter"},{"extension":[{"url":"code","valueString":"autoload-resources"},{"url":"value","valueString":"true"}],"url":"http://hl7.org/fhir/tools/StructureDefinition/ig-parameter"},{"extension":[{"url":"code","valueString":"path-liquid"},{"url":"value","valueString":"template/liquid"}],"url":"http://hl7.org/fhir/tools/StructureDefinition/ig-parameter"},{"extension":[{"url":"code","valueString":"path-liquid"},{"url":"value","valueString":"input/liquid"}],"url":"http://hl7.org/fhir/tools/StructureDefinition/ig-parameter"},{"extension":[{"url":"code","valueString":"path-qa"},{"url":"value","valueString":"temp/qa"}],"url":"http://hl7.org/fhir/tools/StructureDefinition/ig-parameter"},{"extension":[{"url":"code","valueString":"path-temp"},{"url":"value","valueString":"temp/pages"}],"url":"http://hl7.org/fhir/tools/StructureDefinition/ig-parameter"},{"extension":[{"url":"code","valueString":"path-output"},{"url":"value","valueString":"output"}],"url":"http://hl7.org/fhir/tools/StructureDefinition/ig-parameter"},{"extension":[{"url":"code","valueString":"path-suppressed-warnings"},{"url":"value","valueString":"input/ignoreWarnings.txt"}],"url":"http://hl7.org/fhir/tools/StructureDefinition/ig-parameter"},{"extension":[{"url":"code","valueString":"path-history"},{"url":"value","valueString":"https://www.ssasur.cl/fhir/ig/ASV/history.html"}],"url":"http://hl7.org/fhir/tools/StructureDefinition/ig-parameter"},{"extension":[{"url":"code","valueString":"template-html"},{"url":"value","valueString":"template-page.html"}],"url":"http://hl7.org/fhir/tools/StructureDefinition/ig-parameter"},{"extension":[{"url":"code","valueString":"template-md"},{"url":"value","valueString":"template-page-md.html"}],"url":"http://hl7.org/fhir/tools/StructureDefinition/ig-parameter"},{"extension":[{"url":"code","valueString":"apply-contact"},{"url":"value","valueString":"true"}],"url":"http://hl7.org/fhir/tools/StructureDefinition/ig-parameter"},{"extension":[{"url":"code","valueString":"apply-context"},{"url":"value","valueString":"true"}],"url":"http://hl7.org/fhir/tools/StructureDefinition/ig-parameter"},{"extension":[{"url":"code","valueString":"apply-copyright"},{"url":"value","valueString":"true"}],"url":"http://hl7.org/fhir/tools/StructureDefinition/ig-parameter"},{"extension":[{"url":"code","valueString":"apply-jurisdiction"},{"url":"value","valueString":"true"}],"url":"http://hl7.org/fhir/tools/StructureDefinition/ig-parameter"},{"extension":[{"url":"code","valueString":"apply-license"},{"url":"value","valueString":"true"}],"url":"http://hl7.org/fhir/tools/StructureDefinition/ig-parameter"},{"extension":[{"url":"code","valueString":"apply-publisher"},{"url":"value","valueString":"true"}],"url":"http://hl7.org/fhir/tools/StructureDefinition/ig-parameter"},{"extension":[{"url":"code","valueString":"apply-version"},{"url":"value","valueString":"true"}],"url":"http://hl7.org/fhir/tools/StructureDefinition/ig-parameter"},{"extension":[{"url":"code","valueString":"active-tables"},{"url":"value","valueString":"true"}],"url":"http://hl7.org/fhir/tools/StructureDefinition/ig-parameter"},{"extension":[{"url":"code","valueString":"fmm-definition"},{"url":"value","valueString":"http://hl7.org/fhir/versions.html#maturity"}],"url":"http://hl7.org/fhir/tools/StructureDefinition/ig-parameter"},{"extension":[{"url":"code","valueString":"propagate-status"},{"url":"value","valueString":"true"}],"url":"http://hl7.org/fhir/tools/StructureDefinition/ig-parameter"},{"extension":[{"url":"code","valueString":"excludelogbinaryformat"},{"url":"value","valueString":"true"}],"url":"http://hl7.org/fhir/tools/StructureDefinition/ig-parameter"},{"extension":[{"url":"code","valueString":"tabbed-snapshots"},{"url":"value","valueString":"true"}],"url":"http://hl7.org/fhir/tools/StructureDefinition/ig-parameter"},{"extension":[{"url":"code","valueString":"copyrightyear"},{"url":"value","valueString":"2022+"}],"url":"http://hl7.org/fhir/tools/StructureDefinition/ig-parameter"},{"extension":[{"url":"code","valueString":"releaselabel"},{"url":"value","valueString":"ci-build"}],"url":"http://hl7.org/fhir/tools/StructureDefinition/ig-parameter"},{"extension":[{"url":"code","valueString":"autoload-resources"},{"url":"value","valueString":"true"}],"url":"http://hl7.org/fhir/tools/StructureDefinition/ig-parameter"},{"extension":[{"url":"code","valueString":"path-liquid"},{"url":"value","valueString":"template/liquid"}],"url":"http://hl7.org/fhir/tools/StructureDefinition/ig-parameter"},{"extension":[{"url":"code","valueString":"path-liquid"},{"url":"value","valueString":"input/liquid"}],"url":"http://hl7.org/fhir/tools/StructureDefinition/ig-parameter"},{"extension":[{"url":"code","valueString":"path-qa"},{"url":"value","valueString":"temp/qa"}],"url":"http://hl7.org/fhir/tools/StructureDefinition/ig-parameter"},{"extension":[{"url":"code","valueString":"path-temp"},{"url":"value","valueString":"temp/pages"}],"url":"http://hl7.org/fhir/tools/StructureDefinition/ig-parameter"},{"extension":[{"url":"code","valueString":"path-output"},{"url":"value","valueString":"output"}],"url":"http://hl7.org/fhir/tools/StructureDefinition/ig-parameter"},{"extension":[{"url":"code","valueString":"path-suppressed-warnings"},{"url":"value","valueString":"input/ignoreWarnings.txt"}],"url":"http://hl7.org/fhir/tools/StructureDefinition/ig-parameter"},{"extension":[{"url":"code","valueString":"path-history"},{"url":"value","valueString":"https://www.ssasur.cl/fhir/ig/ASV/history.html"}],"url":"http://hl7.org/fhir/tools/StructureDefinition/ig-parameter"},{"extension":[{"url":"code","valueString":"template-html"},{"url":"value","valueString":"template-page.html"}],"url":"http://hl7.org/fhir/tools/StructureDefinition/ig-parameter"},{"extension":[{"url":"code","valueString":"template-md"},{"url":"value","valueString":"template-page-md.html"}],"url":"http://hl7.org/fhir/tools/StructureDefinition/ig-parameter"},{"extension":[{"url":"code","valueString":"apply-contact"},{"url":"value","valueString":"true"}],"url":"http://hl7.org/fhir/tools/StructureDefinition/ig-parameter"},{"extension":[{"url":"code","valueString":"apply-context"},{"url":"value","valueString":"true"}],"url":"http://hl7.org/fhir/tools/StructureDefinition/ig-parameter"},{"extension":[{"url":"code","valueString":"apply-copyright"},{"url":"value","valueString":"true"}],"url":"http://hl7.org/fhir/tools/StructureDefinition/ig-parameter"},{"extension":[{"url":"code","valueString":"apply-jurisdiction"},{"url":"value","valueString":"true"}],"url":"http://hl7.org/fhir/tools/StructureDefinition/ig-parameter"},{"extension":[{"url":"code","valueString":"apply-license"},{"url":"value","valueString":"true"}],"url":"http://hl7.org/fhir/tools/StructureDefinition/ig-parameter"},{"extension":[{"url":"code","valueString":"apply-publisher"},{"url":"value","valueString":"true"}],"url":"http://hl7.org/fhir/tools/StructureDefinition/ig-parameter"},{"extension":[{"url":"code","valueString":"apply-version"},{"url":"value","valueString":"true"}],"url":"http://hl7.org/fhir/tools/StructureDefinition/ig-parameter"},{"extension":[{"url":"code","valueString":"active-tables"},{"url":"value","valueString":"true"}],"url":"http://hl7.org/fhir/tools/StructureDefinition/ig-parameter"},{"extension":[{"url":"code","valueString":"fmm-definition"},{"url":"value","valueString":"http://hl7.org/fhir/versions.html#maturity"}],"url":"http://hl7.org/fhir/tools/StructureDefinition/ig-parameter"},{"extension":[{"url":"code","valueString":"propagate-status"},{"url":"value","valueString":"true"}],"url":"http://hl7.org/fhir/tools/StructureDefinition/ig-parameter"},{"extension":[{"url":"code","valueString":"excludelogbinaryformat"},{"url":"value","valueString":"true"}],"url":"http://hl7.org/fhir/tools/StructureDefinition/ig-parameter"},{"extension":[{"url":"code","valueString":"tabbed-snapshots"},{"url":"value","valueString":"true"}],"url":"http://hl7.org/fhir/tools/StructureDefinition/ig-parameter"}],"grouping":[{"id":"-str-profile","name":"Structures: Resource Profiles","description":"These define constraints on FHIR resources for systems conforming to this implementation guide."},{"id":"-str-extension","name":"Structures: Extension Definitions","description":"These define constraints on FHIR data types for systems conforming to this implementation guide."},{"id":"-term-valueset","name":"Terminology: Value Sets","description":"These define sets of codes used by systems conforming to this implementation guide."},{"id":"-term-codesystem","name":"Terminology: Code Systems","description":"These define new code systems used by systems conforming to this implementation guide."},{"id":"-ex-example","name":"Example: Example Instances","description":"These are example instances that show what data produced and consumed by systems conforming with this implementation guide might look like."}],"resource":[{"extension":[{"url":"http://hl7.org/fhir/StructureDefinition/implementationguide-page","valueUri":"StructureDefinition-CdrAlturaEdadInfantil.html"}],"reference":{"reference":"StructureDefinition/CdrAlturaEdadInfantil"},"name":"Diagnóstico Nutricional Infantil Altura/Edad","description":"Este recurso permite guardar la información del estado de nutrición de un paciente pediátrico según su altura y su edad.","exampleBoolean":false,"groupingId":"-str-profile"},{"extension":[{"url":"http://hl7.org/fhir/StructureDefinition/implementationguide-page","valueUri":"StructureDefinition-CdrAlturaUterina.html"}],"reference":{"reference":"StructureDefinition/CdrAlturaUterina"},"name":"Altura Uterina","description":"Este recurso permite guardar la información de la altura uterina del paciente.","exampleBoolean":false,"groupingId":"-str-profile"},{"extension":[{"url":"http://hl7.org/fhir/StructureDefinition/implementationguide-page","valueUri":"StructureDefinition-CdrCircunferenciaAbdominal.html"}],"reference":{"reference":"StructureDefinition/CdrCircunferenciaAbdominal"},"name":"Circunferencia Abdominal","description":"Este recurso permite guardar la información de la circunferencia abdominal de los pacientes.","exampleBoolean":false,"groupingId":"-str-profile"},{"extension":[{"url":"http://hl7.org/fhir/StructureDefinition/implementationguide-page","valueUri":"StructureDefinition-CdrCircunferenciaCintura.html"}],"reference":{"reference":"StructureDefinition/CdrCircunferenciaCintura"},"name":"Circunferencia Cintura","description":"Este recurso permite guardar la información de la circunferencia cintura de los pacientes.","exampleBoolean":false,"groupingId":"-str-profile"},{"extension":[{"url":"http://hl7.org/fhir/StructureDefinition/implementationguide-page","valueUri":"StructureDefinition-CdrCircunferenciaCraneana.html"}],"reference":{"reference":"StructureDefinition/CdrCircunferenciaCraneana"},"name":"Circunferencia Craneana","description":"Este recurso permite guardar la información de la circunferencia creanana de los pacientes.","exampleBoolean":false,"groupingId":"-str-profile"},{"extension":[{"url":"http://hl7.org/fhir/StructureDefinition/implementationguide-page","valueUri":"StructureDefinition-CdrComposition.html"}],"reference":{"reference":"StructureDefinition/CdrComposition"},"name":"Cabecera Para Documento Clínicos","description":"Documento clínico que almacena la información de la toma de signos vitales y optras observaciones","exampleBoolean":false,"groupingId":"-str-profile"},{"extension":[{"url":"http://hl7.org/fhir/StructureDefinition/implementationguide-page","valueUri":"StructureDefinition-CdrDocument.html"}],"reference":{"reference":"StructureDefinition/CdrDocument"},"name":"Bundle Para Documento Clínico","description":"Documento en el cual se almacena los signos vitales del paciente previo o durante su consulta.","exampleBoolean":false,"groupingId":"-str-profile"},{"extension":[{"url":"http://hl7.org/fhir/StructureDefinition/implementationguide-page","valueUri":"StructureDefinition-CdrEscalaDolor.html"}],"reference":{"reference":"StructureDefinition/CdrEscalaDolor"},"name":"Escala de Dolor","description":"Este recurso permite guardar la información de la escala del dolor observable de un paciente en específico.","exampleBoolean":false,"groupingId":"-str-profile"},{"extension":[{"url":"http://hl7.org/fhir/StructureDefinition/implementationguide-page","valueUri":"StructureDefinition-CdrEscalaGlasgow.html"}],"reference":{"reference":"StructureDefinition/CdrEscalaGlasgow"},"name":"Escala Glasgow","description":"Este recurso permite guardar la información del estado de conciencia de un paciente en coma.","exampleBoolean":false,"groupingId":"-str-profile"},{"extension":[{"url":"http://hl7.org/fhir/StructureDefinition/implementationguide-page","valueUri":"StructureDefinition-CdrEstadoConciencia.html"}],"reference":{"reference":"StructureDefinition/CdrEstadoConciencia"},"name":"Estado de Conciencia","description":"Este recurso permite guardar la información del estado de conciencia en que llego el paciente a la consulta.","exampleBoolean":false,"groupingId":"-str-profile"},{"extension":[{"url":"http://hl7.org/fhir/StructureDefinition/implementationguide-page","valueUri":"StructureDefinition-CdrEstadoDistres.html"}],"reference":{"reference":"StructureDefinition/CdrEstadoDistres"},"name":"Estado de Distrés","description":"Este recurso permite guardar la información del estado de distrés en que llego el paciente al recinto.","exampleBoolean":false,"groupingId":"-str-profile"},{"extension":[{"url":"http://hl7.org/fhir/StructureDefinition/implementationguide-page","valueUri":"StructureDefinition-CdrEstadoNutricional.html"}],"reference":{"reference":"StructureDefinition/CdrEstadoNutricional"},"name":"Estado Nutricional","description":"Este recurso permite guardar la información del estado nutricional de un paciente, dado los resultados de sus examenes","exampleBoolean":false,"groupingId":"-str-profile"},{"extension":[{"url":"http://hl7.org/fhir/StructureDefinition/implementationguide-page","valueUri":"StructureDefinition-CdrFrecuenciaCardiaca.html"}],"reference":{"reference":"StructureDefinition/CdrFrecuenciaCardiaca"},"name":"Frecuencia Cardiaca","description":"Este recurso permite guardar la información de la frecuencia cardiaca de los pacientes.","exampleBoolean":false,"groupingId":"-str-profile"},{"extension":[{"url":"http://hl7.org/fhir/StructureDefinition/implementationguide-page","valueUri":"StructureDefinition-CdrGlicemia.html"}],"reference":{"reference":"StructureDefinition/CdrGlicemia"},"name":"Glicemia en Sangre","description":"Este recurso permite guardar la información de la glicemia en sangre de los pacientes.","exampleBoolean":false,"groupingId":"-str-profile"},{"extension":[{"url":"http://hl7.org/fhir/StructureDefinition/implementationguide-page","valueUri":"StructureDefinition-CdrIMC.html"}],"reference":{"reference":"StructureDefinition/CdrIMC"},"name":"Indice de Masa Corporal","description":"Este recurso permite guardar la información del indice de masa corporal de los pacientes","exampleBoolean":false,"groupingId":"-str-profile"},{"extension":[{"url":"http://hl7.org/fhir/StructureDefinition/implementationguide-page","valueUri":"StructureDefinition-CdrMovimientoFetal.html"}],"reference":{"reference":"StructureDefinition/CdrMovimientoFetal"},"name":"Movimiento Fetal","description":"Este recurso permite guardar la información del movimiento de un feto","exampleBoolean":false,"groupingId":"-str-profile"},{"extension":[{"url":"http://hl7.org/fhir/StructureDefinition/implementationguide-page","valueUri":"StructureDefinition-CdrOrganizationHosp.html"}],"reference":{"reference":"StructureDefinition/CdrOrganizationHosp"},"name":"Recinto de Salud Araucania Sur","description":"Recinto que entrega prestaciones de salud.","exampleBoolean":false,"groupingId":"-str-profile"},{"extension":[{"url":"http://hl7.org/fhir/StructureDefinition/implementationguide-page","valueUri":"StructureDefinition-CdrPatient.html"}],"reference":{"reference":"StructureDefinition/CdrPatient"},"name":"Paciente Servicio de Salud Araucania Sur","description":"Este recurso paciente utiliza la información mínima requerida según la guía core y el servicio de salud Araucanía sur","exampleBoolean":false,"groupingId":"-str-profile"},{"extension":[{"url":"http://hl7.org/fhir/StructureDefinition/implementationguide-page","valueUri":"StructureDefinition-CdrPeso.html"}],"reference":{"reference":"StructureDefinition/CdrPeso"},"name":"Peso","description":"Este recurso permite guardar la información del peso de los pacientes","exampleBoolean":false,"groupingId":"-str-profile"},{"extension":[{"url":"http://hl7.org/fhir/StructureDefinition/implementationguide-page","valueUri":"StructureDefinition-CdrPesoAlturaInfantil.html"}],"reference":{"reference":"StructureDefinition/CdrPesoAlturaInfantil"},"name":"Diagnóstico Nutricional Infantil Peso/Altura","description":"Este recurso permite guardar la información del estado de nutrición de un paciente pediátrico según su peso y su altura.","exampleBoolean":false,"groupingId":"-str-profile"},{"extension":[{"url":"http://hl7.org/fhir/StructureDefinition/implementationguide-page","valueUri":"StructureDefinition-CdrPesoEdadInfantil.html"}],"reference":{"reference":"StructureDefinition/CdrPesoEdadInfantil"},"name":"Diagnóstico Nutricional Infantil Peso/Edad","description":"Este recurso permite guardar la información del estado de nutrición de un paciente pediátrico según su peso y su edad.","exampleBoolean":false,"groupingId":"-str-profile"},{"extension":[{"url":"http://hl7.org/fhir/StructureDefinition/implementationguide-page","valueUri":"StructureDefinition-CdrPractitioner.html"}],"reference":{"reference":"StructureDefinition/CdrPractitioner"},"name":"Prestador de Salud","description":"Este recurso nace del proyecto de laboratorio del servicio de salud Araucanía sur y la guía core de HL7 Chile.","exampleBoolean":false,"groupingId":"-str-profile"},{"extension":[{"url":"http://hl7.org/fhir/StructureDefinition/implementationguide-page","valueUri":"StructureDefinition-CdrPrensionSanguinea.html"}],"reference":{"reference":"StructureDefinition/CdrPrensionSanguinea"},"name":"Presión Sanguínea","description":"Este recurso permite guardar la información de la presión sanguinea de los pacientes.","exampleBoolean":false,"groupingId":"-str-profile"},{"extension":[{"url":"http://hl7.org/fhir/StructureDefinition/implementationguide-page","valueUri":"StructureDefinition-CdrProvenance.html"}],"reference":{"reference":"StructureDefinition/CdrProvenance"},"name":"Firma Digital","description":"Este recurso permite guardar la firma de los documentos de signos vitales.","exampleBoolean":false,"groupingId":"-str-profile"},{"extension":[{"url":"http://hl7.org/fhir/StructureDefinition/implementationguide-page","valueUri":"StructureDefinition-CdrRespiraciones.html"}],"reference":{"reference":"StructureDefinition/CdrRespiraciones"},"name":"Frecuencia Respiratoria","description":"Este recurso permite guardar la información de la frecuencia respiratoria de los pacientes.","exampleBoolean":false,"groupingId":"-str-profile"},{"extension":[{"url":"http://hl7.org/fhir/StructureDefinition/implementationguide-page","valueUri":"StructureDefinition-CdrRitmoCardiacoFetal.html"}],"reference":{"reference":"StructureDefinition/CdrRitmoCardiacoFetal"},"name":"Ritmo Cardíaco Fetal","description":"Este recurso permite guardar la información del ritmo cardíaco del feto.","exampleBoolean":false,"groupingId":"-str-profile"},{"extension":[{"url":"http://hl7.org/fhir/StructureDefinition/implementationguide-page","valueUri":"StructureDefinition-CdrSaturacionOxigeno.html"}],"reference":{"reference":"StructureDefinition/CdrSaturacionOxigeno"},"name":"Saturación Oxígeno","description":"Este recurso permite guardar la información de la saturación oxígeno de los pacientes.","exampleBoolean":false,"groupingId":"-str-profile"},{"extension":[{"url":"http://hl7.org/fhir/StructureDefinition/implementationguide-page","valueUri":"StructureDefinition-CdrSemanasECO.html"}],"reference":{"reference":"StructureDefinition/CdrSemanasECO"},"name":"Edad Gestacional en Semanas","description":"Este recurso permite guardar la información del estimado de semanas de un feto.","exampleBoolean":false,"groupingId":"-str-profile"},{"extension":[{"url":"http://hl7.org/fhir/StructureDefinition/implementationguide-page","valueUri":"StructureDefinition-CdrSemanasFUR.html"}],"reference":{"reference":"StructureDefinition/CdrSemanasFUR"},"name":"Estimado del Último Período","description":"Este recurso permite guardar la información del estimado del último periodo del paciente.","exampleBoolean":false,"groupingId":"-str-profile"},{"extension":[{"url":"http://hl7.org/fhir/StructureDefinition/implementationguide-page","valueUri":"StructureDefinition-CdrSignosVitales.html"}],"reference":{"reference":"StructureDefinition/CdrSignosVitales"},"name":"Signos Vitales de Salud Araucanía Sur","description":"Este recurso permite mostrar la información de los signos vitales LOINC de los pacientes.","exampleBoolean":false,"groupingId":"-str-profile"},{"extension":[{"url":"http://hl7.org/fhir/StructureDefinition/implementationguide-page","valueUri":"StructureDefinition-CdrTalla.html"}],"reference":{"reference":"StructureDefinition/CdrTalla"},"name":"Talla","description":"Este recurso permite guardar la información del talla de los pacientes.","exampleBoolean":false,"groupingId":"-str-profile"},{"extension":[{"url":"http://hl7.org/fhir/StructureDefinition/implementationguide-page","valueUri":"StructureDefinition-CdrTemperaturaCorporalAxilar.html"}],"reference":{"reference":"StructureDefinition/CdrTemperaturaCorporalAxilar"},"name":"Temperatura Corporal Axilar","description":"Este recurso permite guardar la información de la temperatura corporal de los pacientes tomada desde la zona axilar.","exampleBoolean":false,"groupingId":"-str-profile"},{"extension":[{"url":"http://hl7.org/fhir/StructureDefinition/implementationguide-page","valueUri":"StructureDefinition-CdrTemperaturaCorporalBucal.html"}],"reference":{"reference":"StructureDefinition/CdrTemperaturaCorporalBucal"},"name":"Temperatura Corporal Bucal","description":"Este recurso permite guardar la información de la temperatura corporal de los pacientes tomada desde la boca.","exampleBoolean":false,"groupingId":"-str-profile"},{"extension":[{"url":"http://hl7.org/fhir/StructureDefinition/implementationguide-page","valueUri":"StructureDefinition-CdrTemperaturaCorporalRectal.html"}],"reference":{"reference":"StructureDefinition/CdrTemperaturaCorporalRectal"},"name":"Temperatura Corporal Rectal","description":"Este recurso permite guardar la información de la temperatura corporal de los pacientes tomada desde la zona rectal.","exampleBoolean":false,"groupingId":"-str-profile"},{"extension":[{"url":"http://hl7.org/fhir/StructureDefinition/implementationguide-page","valueUri":"StructureDefinition-CdrTransactionPublicacion.html"}],"reference":{"reference":"StructureDefinition/CdrTransactionPublicacion"},"name":"Transacción De Recursos (Publicación)","description":"Este recurso permite realizar transacciones con el servidor. Todos los fullURL creadas por este recurso deben ser urn:uidd","exampleBoolean":false,"groupingId":"-str-profile"},{"extension":[{"url":"http://hl7.org/fhir/StructureDefinition/implementationguide-page","valueUri":"StructureDefinition-CdrTransactionRecuperacion.html"}],"reference":{"reference":"StructureDefinition/CdrTransactionRecuperacion"},"name":"Transacción De Recursos(Recuparación)","description":"Este recursos permite realizar transacciones con el servidor para recuperar todos los recursos necesarios para crear el documento.","exampleBoolean":false,"groupingId":"-str-profile"},{"extension":[{"url":"http://hl7.org/fhir/StructureDefinition/implementationguide-page","valueUri":"StructureDefinition-IdentidadDeGenero.html"}],"reference":{"reference":"StructureDefinition/IdentidadDeGenero"},"name":"Identidad de Género","description":"Extensión para incluir la identidad de género del paciente.","exampleBoolean":false,"groupingId":"-str-extension"},{"extension":[{"url":"http://hl7.org/fhir/StructureDefinition/implementationguide-page","valueUri":"StructureDefinition-NivelInstruccion.html"}],"reference":{"reference":"StructureDefinition/NivelInstruccion"},"name":"Nivel Instrucción","description":"Nivel educacional en la que se encuentra el paciente.","exampleBoolean":false,"groupingId":"-str-extension"},{"extension":[{"url":"http://hl7.org/fhir/StructureDefinition/implementationguide-page","valueUri":"StructureDefinition-Ocupacion.html"}],"reference":{"reference":"StructureDefinition/Ocupacion"},"name":"Ocupación","description":"Ocupación del paciente.","exampleBoolean":false,"groupingId":"-str-extension"},{"extension":[{"url":"http://hl7.org/fhir/StructureDefinition/implementationguide-page","valueUri":"StructureDefinition-Prevision.html"}],"reference":{"reference":"StructureDefinition/Prevision"},"name":"Previsión del Paciente","description":"Sistema de previsión de salud utilizado por el paciente.","exampleBoolean":false,"groupingId":"-str-extension"},{"extension":[{"url":"http://hl7.org/fhir/StructureDefinition/implementationguide-page","valueUri":"StructureDefinition-PuebloOriginario.html"}],"reference":{"reference":"StructureDefinition/PuebloOriginario"},"name":"Pueblo Originario","description":"Pueblo originario al cual pertenece la persona.","exampleBoolean":false,"groupingId":"-str-extension"},{"extension":[{"url":"http://hl7.org/fhir/StructureDefinition/implementationguide-page","valueUri":"ValueSet-EscalaConcienciaVS.html"}],"reference":{"reference":"ValueSet/EscalaConcienciaVS"},"name":"Estado de Cociencia","description":"Posiles resultados del estado de conciencia en que se encuentra un paciente.","exampleBoolean":false,"groupingId":"-term-valueset"},{"extension":[{"url":"http://hl7.org/fhir/StructureDefinition/implementationguide-page","valueUri":"ValueSet-EscalaMovimientoFetalVS.html"}],"reference":{"reference":"ValueSet/EscalaMovimientoFetalVS"},"name":"Resultados de un Movimiento Fetal","description":"Resultados de un movimiento fetal","exampleBoolean":false,"groupingId":"-term-valueset"},{"extension":[{"url":"http://hl7.org/fhir/StructureDefinition/implementationguide-page","valueUri":"ValueSet-EscalaNutricionales.html"}],"reference":{"reference":"ValueSet/EscalaNutricionales"},"name":"Escalas Nutricionales","description":"Las distintas escalas nutricionales utilizadas dentro de los sistemas del servicio de salud","exampleBoolean":false,"groupingId":"-term-valueset"},{"extension":[{"url":"http://hl7.org/fhir/StructureDefinition/implementationguide-page","valueUri":"ValueSet-EstadoCivilVS.html"}],"reference":{"reference":"ValueSet/EstadoCivilVS"},"name":"Estado Civil","description":"Definie el estado civil que se encuentra la persona, según la normativa local de Chile","exampleBoolean":false,"groupingId":"-term-valueset"},{"extension":[{"url":"http://hl7.org/fhir/StructureDefinition/implementationguide-page","valueUri":"ValueSet-GenderIdentityVS.html"}],"reference":{"reference":"ValueSet/GenderIdentityVS"},"name":"Identidad de Género","description":"Genero con el cual se identifica el paciente","exampleBoolean":false,"groupingId":"-term-valueset"},{"extension":[{"url":"http://hl7.org/fhir/StructureDefinition/implementationguide-page","valueUri":"ValueSet-Nivel-InstruccionVS.html"}],"reference":{"reference":"ValueSet/Nivel-InstruccionVS"},"name":"Nivel de Instrucción","description":"Codificación del nivel de instrucción del paciente","exampleBoolean":false,"groupingId":"-term-valueset"},{"extension":[{"url":"http://hl7.org/fhir/StructureDefinition/implementationguide-page","valueUri":"ValueSet-Ocupacion-PatientVS.html"}],"reference":{"reference":"ValueSet/Ocupacion-PatientVS"},"name":"Ocupación","description":"Codificación de la ocupación que puede tener el paciente","exampleBoolean":false,"groupingId":"-term-valueset"},{"extension":[{"url":"http://hl7.org/fhir/StructureDefinition/implementationguide-page","valueUri":"ValueSet-Pueblos-PueblosOriginariosVS.html"}],"reference":{"reference":"ValueSet/Pueblos-PueblosOriginariosVS"},"name":"Codificación de Pueblos Originarios","description":"Codificación de los pueblos originarios","exampleBoolean":false,"groupingId":"-term-valueset"},{"extension":[{"url":"http://hl7.org/fhir/StructureDefinition/implementationguide-page","valueUri":"ValueSet-ResultadosSiNo.html"}],"reference":{"reference":"ValueSet/ResultadosSiNo"},"name":"Resultados Si y No","description":"Resultado para respuestas afirmativas o negativas","exampleBoolean":false,"groupingId":"-term-valueset"},{"extension":[{"url":"http://hl7.org/fhir/StructureDefinition/implementationguide-page","valueUri":"ValueSet-SignosVitalesSsasur.html"}],"reference":{"reference":"ValueSet/SignosVitalesSsasur"},"name":"Signos Vitales","description":"Signos vitales tomados del pacientes","exampleBoolean":false,"groupingId":"-term-valueset"},{"extension":[{"url":"http://hl7.org/fhir/StructureDefinition/implementationguide-page","valueUri":"ValueSet-Sistema-PrevisionVS.html"}],"reference":{"reference":"ValueSet/Sistema-PrevisionVS"},"name":"Sistema de Previsión","description":"Códificación de los sistemas de previsión utilizados para financiar la salud de los pacientes","exampleBoolean":false,"groupingId":"-term-valueset"},{"extension":[{"url":"http://hl7.org/fhir/StructureDefinition/implementationguide-page","valueUri":"ValueSet-TitulosProfesionalesPrestadoresVS.html"}],"reference":{"reference":"ValueSet/TitulosProfesionalesPrestadoresVS"},"name":"Titulos Profesionales Prestadores","description":"Este code system de los títulos profesionales de lo prestadores de salud del decreto exento 643","exampleBoolean":false,"groupingId":"-term-valueset"},{"extension":[{"url":"http://hl7.org/fhir/StructureDefinition/implementationguide-page","valueUri":"ValueSet-Tramos-IsapresVS.html"}],"reference":{"reference":"ValueSet/Tramos-IsapresVS"},"name":"Tramos de FONASA o Isapre","description":"Tramos utilizados por fonasa o Isapre del paciente","exampleBoolean":false,"groupingId":"-term-valueset"},{"extension":[{"url":"http://hl7.org/fhir/StructureDefinition/implementationguide-page","valueUri":"CodeSystem-AseguradoraCS.html"}],"reference":{"reference":"CodeSystem/AseguradoraCS"},"name":"Aseguradora Particular del Paciente","description":"Aseguradora particular utiliza el paciente","exampleBoolean":false,"groupingId":"-term-codesystem"},{"extension":[{"url":"http://hl7.org/fhir/StructureDefinition/implementationguide-page","valueUri":"CodeSystem-EscalaConcienciaCS.html"}],"reference":{"reference":"CodeSystem/EscalaConcienciaCS"},"name":"Estado de Cociencia","description":"Posiles resultados del estado de conciencia en que se encuentra un paciente.","exampleBoolean":false,"groupingId":"-term-codesystem"},{"extension":[{"url":"http://hl7.org/fhir/StructureDefinition/implementationguide-page","valueUri":"CodeSystem-EscalaMovimientoFetalCS.html"}],"reference":{"reference":"CodeSystem/EscalaMovimientoFetalCS"},"name":"Resultados de un Movimiento Fetal","description":"Resultados de un movimiento fetal","exampleBoolean":false,"groupingId":"-term-codesystem"},{"extension":[{"url":"http://hl7.org/fhir/StructureDefinition/implementationguide-page","valueUri":"CodeSystem-EscalaNutricionalAdulto.html"}],"reference":{"reference":"CodeSystem/EscalaNutricionalAdulto"},"name":"Escala Nutricional para Adultos","description":"Escala nutricional de un paciente adulto","exampleBoolean":false,"groupingId":"-term-codesystem"},{"extension":[{"url":"http://hl7.org/fhir/StructureDefinition/implementationguide-page","valueUri":"CodeSystem-EscalaNutricionalEstandar.html"}],"reference":{"reference":"CodeSystem/EscalaNutricionalEstandar"},"name":"Escala Nutricional","description":"Escala estandar de nutrición para un paciente","exampleBoolean":false,"groupingId":"-term-codesystem"},{"extension":[{"url":"http://hl7.org/fhir/StructureDefinition/implementationguide-page","valueUri":"CodeSystem-EscalaNutricionalPediatrica.html"}],"reference":{"reference":"CodeSystem/EscalaNutricionalPediatrica"},"name":"Escala Nutricional para Pediátricos","description":"Escala nutricional de un paciente pediatrico","exampleBoolean":false,"groupingId":"-term-codesystem"},{"extension":[{"url":"http://hl7.org/fhir/StructureDefinition/implementationguide-page","valueUri":"CodeSystem-EstadoCivilCS.html"}],"reference":{"reference":"CodeSystem/EstadoCivilCS"},"name":"Estado Civil","description":"Definie el estado civil que se encuentra la persona, según la normativa local de Chile","exampleBoolean":false,"groupingId":"-term-codesystem"},{"extension":[{"url":"http://hl7.org/fhir/StructureDefinition/implementationguide-page","valueUri":"CodeSystem-GenderIdentityCs.html"}],"reference":{"reference":"CodeSystem/GenderIdentityCs"},"name":"Identidad de Género","description":"Genero con el cual se identifica el paciente","exampleBoolean":false,"groupingId":"-term-codesystem"},{"extension":[{"url":"http://hl7.org/fhir/StructureDefinition/implementationguide-page","valueUri":"CodeSystem-Nivel-InstruccionCS.html"}],"reference":{"reference":"CodeSystem/Nivel-InstruccionCS"},"name":"Nivel de Instrucción","description":"Codificación del nivel de instrucción del paciente","exampleBoolean":false,"groupingId":"-term-codesystem"},{"extension":[{"url":"http://hl7.org/fhir/StructureDefinition/implementationguide-page","valueUri":"CodeSystem-Ocupacion-PatientCS.html"}],"reference":{"reference":"CodeSystem/Ocupacion-PatientCS"},"name":"Ocupación","description":"Codificación de la ocupación que puede tener el paciente, dado la terminología","exampleBoolean":false,"groupingId":"-term-codesystem"},{"extension":[{"url":"http://hl7.org/fhir/StructureDefinition/implementationguide-page","valueUri":"CodeSystem-Pueblos-PueblosOriginariosCS.html"}],"reference":{"reference":"CodeSystem/Pueblos-PueblosOriginariosCS"},"name":"Codificación de Pueblos Originarios","description":"Codificación de los pueblos originarios","exampleBoolean":false,"groupingId":"-term-codesystem"},{"extension":[{"url":"http://hl7.org/fhir/StructureDefinition/implementationguide-page","valueUri":"CodeSystem-Sistema-Prevision.html"}],"reference":{"reference":"CodeSystem/Sistema-Prevision"},"name":"Sistema de Previsión","description":"Códificación de los sistemas de previsión utilizados para financiar la salud de los pacientes","exampleBoolean":false,"groupingId":"-term-codesystem"},{"extension":[{"url":"http://hl7.org/fhir/StructureDefinition/implementationguide-page","valueUri":"CodeSystem-TitulosProfesionalesPrestadoresCS.html"}],"reference":{"reference":"CodeSystem/TitulosProfesionalesPrestadoresCS"},"name":"Titulos Profesionales Prestadores","description":"Este code system de los títulos profesionales de lo prestadores de salud del decreto exento 643","exampleBoolean":false,"groupingId":"-term-codesystem"},{"extension":[{"url":"http://hl7.org/fhir/StructureDefinition/implementationguide-page","valueUri":"CodeSystem-Tramos-FONASA.html"}],"reference":{"reference":"CodeSystem/Tramos-FONASA"},"name":"Tramos de FONASA","description":"Tramos utilizados por fonasa","exampleBoolean":false,"groupingId":"-term-codesystem"},{"extension":[{"url":"http://hl7.org/fhir/StructureDefinition/implementationguide-page","valueUri":"Observation-AlturaEdadInfantilExample.html"}],"reference":{"reference":"Observation/AlturaEdadInfantilExample"},"name":"Diagnóstico Nutricional Infantil Altura/Edad","description":"Ejemplo de un resultado de un analisis de la altura por edad de un niño","exampleCanonical":"https://www.ssasur.cl/fhir/ig/ASV/StructureDefinition/CdrAlturaEdadInfantil","groupingId":"-ex-example"},{"extension":[{"url":"http://hl7.org/fhir/StructureDefinition/implementationguide-page","valueUri":"Observation-AlturaUterinaExample.html"}],"reference":{"reference":"Observation/AlturaUterinaExample"},"name":"Altura Fondo Uterino","description":"Ejemplo de Altura Uterina, en el caso de tomas de signos vitales para embarazadas.","exampleCanonical":"https://www.ssasur.cl/fhir/ig/ASV/StructureDefinition/CdrAlturaUterina","groupingId":"-ex-example"},{"extension":[{"url":"http://hl7.org/fhir/StructureDefinition/implementationguide-page","valueUri":"Observation-CircunferenciaAbdominalExample.html"}],"reference":{"reference":"Observation/CircunferenciaAbdominalExample"},"name":"Circunferencia Abdominal","description":"Ejemplo de un recurso almacenando la información de la circunferencia abdominal.","exampleCanonical":"https://www.ssasur.cl/fhir/ig/ASV/StructureDefinition/CdrCircunferenciaAbdominal","groupingId":"-ex-example"},{"extension":[{"url":"http://hl7.org/fhir/StructureDefinition/implementationguide-page","valueUri":"Observation-CircunferenciaCinturaExample.html"}],"reference":{"reference":"Observation/CircunferenciaCinturaExample"},"name":"Circunferencia Cintura","description":"Ejemplo de un recurso almacenando la información de la circunferencia en la cintura.","exampleCanonical":"https://www.ssasur.cl/fhir/ig/ASV/StructureDefinition/CdrCircunferenciaCintura","groupingId":"-ex-example"},{"extension":[{"url":"http://hl7.org/fhir/StructureDefinition/implementationguide-page","valueUri":"Observation-CircunferenciaCraneanaExample.html"}],"reference":{"reference":"Observation/CircunferenciaCraneanaExample"},"name":"Circunferencia Craneana","description":"Ejemplo de un recurso almacenando la información de la circunferencia craneana.","exampleCanonical":"https://www.ssasur.cl/fhir/ig/ASV/StructureDefinition/CdrCircunferenciaCraneana","groupingId":"-ex-example"},{"extension":[{"url":"http://hl7.org/fhir/StructureDefinition/implementationguide-page","valueUri":"Composition-CompositionDocumentExample.html"}],"reference":{"reference":"Composition/CompositionDocumentExample"},"name":"Cabecera del Documento","description":"Ejemplo de un composition para crear un documento","exampleCanonical":"https://www.ssasur.cl/fhir/ig/ASV/StructureDefinition/CdrComposition","groupingId":"-ex-example"},{"extension":[{"url":"http://hl7.org/fhir/StructureDefinition/implementationguide-page","valueUri":"Bundle-Documento.html"}],"reference":{"reference":"Bundle/Documento"},"name":"Documento de Signos Vitales","description":"Ejemplo de un documento","exampleCanonical":"https://www.ssasur.cl/fhir/ig/ASV/StructureDefinition/CdrDocument","groupingId":"-ex-example"},{"extension":[{"url":"http://hl7.org/fhir/StructureDefinition/implementationguide-page","valueUri":"Provenance-EjemploFirma.html"}],"reference":{"reference":"Provenance/EjemploFirma"},"name":"Firma Digital","description":"Firma de un recurso composition y las observaciones para identificar la persona responsable de su creación.","exampleCanonical":"https://www.ssasur.cl/fhir/ig/ASV/StructureDefinition/CdrProvenance","groupingId":"-ex-example"},{"extension":[{"url":"http://hl7.org/fhir/StructureDefinition/implementationguide-page","valueUri":"Observation-EscalaDolorExample.html"}],"reference":{"reference":"Observation/EscalaDolorExample"},"name":"Escala de Dolor","description":"Ejemplo de la escala de dolor que describe el paciente.","exampleCanonical":"https://www.ssasur.cl/fhir/ig/ASV/StructureDefinition/CdrEscalaDolor","groupingId":"-ex-example"},{"extension":[{"url":"http://hl7.org/fhir/StructureDefinition/implementationguide-page","valueUri":"Observation-EscalaGlasgowExample.html"}],"reference":{"reference":"Observation/EscalaGlasgowExample"},"name":"Escala Glasgow","description":"Ejmplo de un recurso de la escala de Glasgow para un paciente en coma.","exampleCanonical":"https://www.ssasur.cl/fhir/ig/ASV/StructureDefinition/CdrEscalaGlasgow","groupingId":"-ex-example"},{"extension":[{"url":"http://hl7.org/fhir/StructureDefinition/implementationguide-page","valueUri":"Observation-EstadoConcienciaExample.html"}],"reference":{"reference":"Observation/EstadoConcienciaExample"},"name":"Estado de Conciencia","description":"Ejemplo del estado de conciencia con el cual llega el paciente a urgencia en este caso.","exampleCanonical":"https://www.ssasur.cl/fhir/ig/ASV/StructureDefinition/CdrEstadoConciencia","groupingId":"-ex-example"},{"extension":[{"url":"http://hl7.org/fhir/StructureDefinition/implementationguide-page","valueUri":"Observation-EstadoDistresExample.html"}],"reference":{"reference":"Observation/EstadoDistresExample"},"name":"Estado de Distres","description":"Ejemplo del estado de distres por el cual llega el paciente a urguencia","exampleCanonical":"https://www.ssasur.cl/fhir/ig/ASV/StructureDefinition/CdrEstadoDistres","groupingId":"-ex-example"},{"extension":[{"url":"http://hl7.org/fhir/StructureDefinition/implementationguide-page","valueUri":"Observation-EstadoNutricionalExample.html"}],"reference":{"reference":"Observation/EstadoNutricionalExample"},"name":"Estado Nutricional","description":"Ejemplo del estado de nutricional de un paciente","exampleCanonical":"https://www.ssasur.cl/fhir/ig/ASV/StructureDefinition/CdrEstadoNutricional","groupingId":"-ex-example"},{"extension":[{"url":"http://hl7.org/fhir/StructureDefinition/implementationguide-page","valueUri":"Bundle-ExampleRecuperacion.html"}],"reference":{"reference":"Bundle/ExampleRecuperacion"},"name":"Recuperación de Recursos","description":"Ejemplo para recuperar los recursos necesarios en el momento de crear un documento","exampleCanonical":"https://www.ssasur.cl/fhir/ig/ASV/StructureDefinition/CdrTransactionRecuperacion","groupingId":"-ex-example"},{"extension":[{"url":"http://hl7.org/fhir/StructureDefinition/implementationguide-page","valueUri":"Bundle-ExampleRecuperacionBase.html"}],"reference":{"reference":"Bundle/ExampleRecuperacionBase"},"name":"Recuperación de Recursos Base","description":"Estos son los recursos bases necesarios para crear un documento, que se deberian encontrar dentro del servido FHIR.","exampleCanonical":"https://www.ssasur.cl/fhir/ig/ASV/StructureDefinition/CdrTransactionRecuperacion","groupingId":"-ex-example"},{"extension":[{"url":"http://hl7.org/fhir/StructureDefinition/implementationguide-page","valueUri":"Bundle-ExampleTransaction.html"}],"reference":{"reference":"Bundle/ExampleTransaction"},"name":"Publicación de Recursos","description":"Ejemplo de una transacción de los recursos enviados a un servidor para crear un documento posteriormente","exampleCanonical":"https://www.ssasur.cl/fhir/ig/ASV/StructureDefinition/CdrTransactionPublicacion","groupingId":"-ex-example"},{"extension":[{"url":"http://hl7.org/fhir/StructureDefinition/implementationguide-page","valueUri":"Observation-GlicemiaExample.html"}],"reference":{"reference":"Observation/GlicemiaExample"},"name":"Glicemia en Sangre","description":"Ejemplo del nivel de glicemia de un paciente","exampleCanonical":"https://www.ssasur.cl/fhir/ig/ASV/StructureDefinition/CdrGlicemia","groupingId":"-ex-example"},{"extension":[{"url":"http://hl7.org/fhir/StructureDefinition/implementationguide-page","valueUri":"Observation-IMCExample.html"}],"reference":{"reference":"Observation/IMCExample"},"name":"Indice de Masa Corporal","description":"Ejemplo del nivel de IMC de un paciente","exampleCanonical":"https://www.ssasur.cl/fhir/ig/ASV/StructureDefinition/CdrIMC","groupingId":"-ex-example"},{"extension":[{"url":"http://hl7.org/fhir/StructureDefinition/implementationguide-page","valueUri":"Observation-MovimientoFetalExample.html"}],"reference":{"reference":"Observation/MovimientoFetalExample"},"name":"Movimiento Fetal","description":"Ejemplo del moviemiento fetal que se presenta dentro de una paciente embarazada","exampleCanonical":"https://www.ssasur.cl/fhir/ig/ASV/StructureDefinition/CdrMovimientoFetal","groupingId":"-ex-example"},{"extension":[{"url":"http://hl7.org/fhir/StructureDefinition/implementationguide-page","valueUri":"Organization-OrganizationHospital.html"}],"reference":{"reference":"Organization/OrganizationHospital"},"name":"Hospital ejemplo","description":"Ejemplo del uso del CdrOrganization con un identificador de hospital.","exampleCanonical":"https://www.ssasur.cl/fhir/ig/ASV/StructureDefinition/CdrOrganizationHosp","groupingId":"-ex-example"},{"extension":[{"url":"http://hl7.org/fhir/StructureDefinition/implementationguide-page","valueUri":"Patient-PatientExample.html"}],"reference":{"reference":"Patient/PatientExample"},"name":"Paciente de Ejemplo","description":"Paciente de Prueba.","exampleCanonical":"https://www.ssasur.cl/fhir/ig/ASV/StructureDefinition/CdrPatient","groupingId":"-ex-example"},{"extension":[{"url":"http://hl7.org/fhir/StructureDefinition/implementationguide-page","valueUri":"Observation-PesoAlturaInfantilExample.html"}],"reference":{"reference":"Observation/PesoAlturaInfantilExample"},"name":"Diagnóstico Nutricional Infantil Peso/Altura","description":"Ejemplo de un resultado de un analisis del peso por altura de un niño.","exampleCanonical":"https://www.ssasur.cl/fhir/ig/ASV/StructureDefinition/CdrPesoAlturaInfantil","groupingId":"-ex-example"},{"extension":[{"url":"http://hl7.org/fhir/StructureDefinition/implementationguide-page","valueUri":"Observation-PesoEdadInfantilExample.html"}],"reference":{"reference":"Observation/PesoEdadInfantilExample"},"name":"Diagnóstico Nutricional Infantil Peso/Edad","description":"Ejemplo de un resultado de un analisis del peso por edad de un niño.","exampleCanonical":"https://www.ssasur.cl/fhir/ig/ASV/StructureDefinition/CdrPesoEdadInfantil","groupingId":"-ex-example"},{"extension":[{"url":"http://hl7.org/fhir/StructureDefinition/implementationguide-page","valueUri":"Observation-PesoExample.html"}],"reference":{"reference":"Observation/PesoExample"},"name":"Peso","description":"Ejemplo del peso de un paciente","exampleCanonical":"https://www.ssasur.cl/fhir/ig/ASV/StructureDefinition/CdrPeso","groupingId":"-ex-example"},{"extension":[{"url":"http://hl7.org/fhir/StructureDefinition/implementationguide-page","valueUri":"Observation-PrensionSanguineaExample.html"}],"reference":{"reference":"Observation/PrensionSanguineaExample"},"name":"Presión Sanguínea","description":"Ejemplo de la presión sanguinea de un paciente.","exampleCanonical":"https://www.ssasur.cl/fhir/ig/ASV/StructureDefinition/CdrPrensionSanguinea","groupingId":"-ex-example"},{"extension":[{"url":"http://hl7.org/fhir/StructureDefinition/implementationguide-page","valueUri":"Practitioner-Profesional.html"}],"reference":{"reference":"Practitioner/Profesional"},"name":"Profesional","description":"Profesional del servicio de salud araucania sur.","exampleCanonical":"https://www.ssasur.cl/fhir/ig/ASV/StructureDefinition/CdrPractitioner","groupingId":"-ex-example"},{"extension":[{"url":"http://hl7.org/fhir/StructureDefinition/implementationguide-page","valueUri":"Observation-RespiracionesExample.html"}],"reference":{"reference":"Observation/RespiracionesExample"},"name":"Frecuencia Respiratoria","description":"Ejemplo de las respiraciones por minuto que puede presentar el paciente.","exampleCanonical":"https://www.ssasur.cl/fhir/ig/ASV/StructureDefinition/CdrRespiraciones","groupingId":"-ex-example"},{"extension":[{"url":"http://hl7.org/fhir/StructureDefinition/implementationguide-page","valueUri":"Observation-RitmoCardiacaExample.html"}],"reference":{"reference":"Observation/RitmoCardiacaExample"},"name":"Frecuencia Cardiaca","description":"Ejemplo de la frecuencia cardiaca de un paciente.","exampleCanonical":"https://www.ssasur.cl/fhir/ig/ASV/StructureDefinition/CdrFrecuenciaCardiaca","groupingId":"-ex-example"},{"extension":[{"url":"http://hl7.org/fhir/StructureDefinition/implementationguide-page","valueUri":"Observation-RitmoCardiacoFetalExample.html"}],"reference":{"reference":"Observation/RitmoCardiacoFetalExample"},"name":"Ritmo Cardíaco Fetal","description":"Ejemplo del ritmo cardiaco de un fento dentro del vientre materno.","exampleCanonical":"https://www.ssasur.cl/fhir/ig/ASV/StructureDefinition/CdrRitmoCardiacoFetal","groupingId":"-ex-example"},{"extension":[{"url":"http://hl7.org/fhir/StructureDefinition/implementationguide-page","valueUri":"Observation-SaturacionOxigenoExample.html"}],"reference":{"reference":"Observation/SaturacionOxigenoExample"},"name":"Saturación Oxígeno","description":"Ejemplo de la saturación de oxigeno en un paciente","exampleCanonical":"https://www.ssasur.cl/fhir/ig/ASV/StructureDefinition/CdrSaturacionOxigeno","groupingId":"-ex-example"},{"extension":[{"url":"http://hl7.org/fhir/StructureDefinition/implementationguide-page","valueUri":"Observation-SemanasECOExample.html"}],"reference":{"reference":"Observation/SemanasECOExample"},"name":"Edad Gestacional en Semanas","description":"Ejemplo de la semana gestacional de una paciente embarazada.","exampleCanonical":"https://www.ssasur.cl/fhir/ig/ASV/StructureDefinition/CdrSemanasECO","groupingId":"-ex-example"},{"extension":[{"url":"http://hl7.org/fhir/StructureDefinition/implementationguide-page","valueUri":"Observation-SemanasFURExample.html"}],"reference":{"reference":"Observation/SemanasFURExample"},"name":"Estimado del Último Período","description":"Ejemplo del estimado del ultimo periodo de una paciente con sospecha de embarazo","exampleCanonical":"https://www.ssasur.cl/fhir/ig/ASV/StructureDefinition/CdrSemanasFUR","groupingId":"-ex-example"},{"extension":[{"url":"http://hl7.org/fhir/StructureDefinition/implementationguide-page","valueUri":"Observation-SignosVitalesExample.html"}],"reference":{"reference":"Observation/SignosVitalesExample"},"name":"Signo Vital Error","description":"Ejemplo de un Signo vital tomado por error.","exampleCanonical":"https://www.ssasur.cl/fhir/ig/ASV/StructureDefinition/CdrSignosVitales","groupingId":"-ex-example"},{"extension":[{"url":"http://hl7.org/fhir/StructureDefinition/implementationguide-page","valueUri":"Observation-TallaExample.html"}],"reference":{"reference":"Observation/TallaExample"},"name":"Talla","description":"Ejemplo de la altura en un paciente.","exampleCanonical":"https://www.ssasur.cl/fhir/ig/ASV/StructureDefinition/CdrTalla","groupingId":"-ex-example"},{"extension":[{"url":"http://hl7.org/fhir/StructureDefinition/implementationguide-page","valueUri":"Observation-TemperaturaCorporalAxilarExample.html"}],"reference":{"reference":"Observation/TemperaturaCorporalAxilarExample"},"name":"Temperatura Corporal Axilar","description":"Ejemplo de la temperatura corporal de un paciente tomado desde la zonan axilar.","exampleCanonical":"https://www.ssasur.cl/fhir/ig/ASV/StructureDefinition/CdrTemperaturaCorporalAxilar","groupingId":"-ex-example"},{"extension":[{"url":"http://hl7.org/fhir/StructureDefinition/implementationguide-page","valueUri":"Observation-TemperaturaCorporalBucalExample.html"}],"reference":{"reference":"Observation/TemperaturaCorporalBucalExample"},"name":"Temperatura Corporal Bucal","description":"Ejemplo de la temperatura corporal de un paciente tomado desde la zona bucal.","exampleCanonical":"https://www.ssasur.cl/fhir/ig/ASV/StructureDefinition/CdrTemperaturaCorporalBucal","groupingId":"-ex-example"},{"extension":[{"url":"http://hl7.org/fhir/StructureDefinition/implementationguide-page","valueUri":"Observation-TemperaturaCorporalRectalExample.html"}],"reference":{"reference":"Observation/TemperaturaCorporalRectalExample"},"name":"Temperatura Corporal Rectal","description":"Ejemplo de la temperatura corporal de un paciente tomado desde la zona rectal.","exampleCanonical":"https://www.ssasur.cl/fhir/ig/ASV/StructureDefinition/CdrTemperaturaCorporalRectal","groupingId":"-ex-example"}],"page":{"extension":[{"url":"http://hl7.org/fhir/tools/StructureDefinition/ig-page-name","valueUrl":"toc.html"}],"nameUrl":"toc.html","title":"Table of Contents","generation":"html","page":[{"extension":[{"url":"http://hl7.org/fhir/tools/StructureDefinition/ig-page-name","valueUrl":"index.html"}],"nameUrl":"index.html","title":"Inicio","generation":"markdown"},{"extension":[{"url":"http://hl7.org/fhir/tools/StructureDefinition/ig-page-name","valueUrl":"CasosdeUso.html"}],"nameUrl":"CasosdeUso.html","title":"Casos de Usos","generation":"markdown"},{"extension":[{"url":"http://hl7.org/fhir/tools/StructureDefinition/ig-page-name","valueUrl":"Perfiles.html"}],"nameUrl":"Perfiles.html","title":"Perfiles","generation":"markdown"},{"extension":[{"url":"http://hl7.org/fhir/tools/StructureDefinition/ig-page-name","valueUrl":"Extensiones.html"}],"nameUrl":"Extensiones.html","title":"Extensiones","generation":"markdown"},{"extension":[{"url":"http://hl7.org/fhir/tools/StructureDefinition/ig-page-name","valueUrl":"Terminologias.html"}],"nameUrl":"Terminologias.html","title":"Terminologías","generation":"markdown"},{"extension":[{"url":"http://hl7.org/fhir/tools/StructureDefinition/ig-page-name","valueUrl":"Ejemplos.html"}],"nameUrl":"Ejemplos.html","title":"Ejemplos","generation":"markdown"},{"extension":[{"url":"http://hl7.org/fhir/tools/StructureDefinition/ig-page-name","valueUrl":"artifacts.html"}],"nameUrl":"artifacts.html","title":"Artifacts Summary","generation":"html","page":[{"extension":[{"url":"http://hl7.org/fhir/tools/StructureDefinition/ig-page-name","valueUrl":"StructureDefinition-CdrAlturaEdadInfantil.html"}],"nameUrl":"StructureDefinition-CdrAlturaEdadInfantil.html","title":"Diagnóstico Nutricional Infantil Altura/Edad","generation":"generated"},{"extension":[{"url":"http://hl7.org/fhir/tools/StructureDefinition/ig-page-name","valueUrl":"StructureDefinition-CdrAlturaUterina.html"}],"nameUrl":"StructureDefinition-CdrAlturaUterina.html","title":"Altura Uterina","generation":"generated"},{"extension":[{"url":"http://hl7.org/fhir/tools/StructureDefinition/ig-page-name","valueUrl":"StructureDefinition-CdrCircunferenciaAbdominal.html"}],"nameUrl":"StructureDefinition-CdrCircunferenciaAbdominal.html","title":"Circunferencia Abdominal","generation":"generated"},{"extension":[{"url":"http://hl7.org/fhir/tools/StructureDefinition/ig-page-name","valueUrl":"StructureDefinition-CdrCircunferenciaCintura.html"}],"nameUrl":"StructureDefinition-CdrCircunferenciaCintura.html","title":"Circunferencia Cintura","generation":"generated"},{"extension":[{"url":"http://hl7.org/fhir/tools/StructureDefinition/ig-page-name","valueUrl":"StructureDefinition-CdrCircunferenciaCraneana.html"}],"nameUrl":"StructureDefinition-CdrCircunferenciaCraneana.html","title":"Circunferencia Craneana","generation":"generated"},{"extension":[{"url":"http://hl7.org/fhir/tools/StructureDefinition/ig-page-name","valueUrl":"StructureDefinition-CdrComposition.html"}],"nameUrl":"StructureDefinition-CdrComposition.html","title":"Cabecera Para Documento Clínicos","generation":"generated"},{"extension":[{"url":"http://hl7.org/fhir/tools/StructureDefinition/ig-page-name","valueUrl":"StructureDefinition-CdrDocument.html"}],"nameUrl":"StructureDefinition-CdrDocument.html","title":"Bundle Para Documento Clínico","generation":"generated"},{"extension":[{"url":"http://hl7.org/fhir/tools/StructureDefinition/ig-page-name","valueUrl":"StructureDefinition-CdrEscalaDolor.html"}],"nameUrl":"StructureDefinition-CdrEscalaDolor.html","title":"Escala de Dolor","generation":"generated"},{"extension":[{"url":"http://hl7.org/fhir/tools/StructureDefinition/ig-page-name","valueUrl":"StructureDefinition-CdrEscalaGlasgow.html"}],"nameUrl":"StructureDefinition-CdrEscalaGlasgow.html","title":"Escala Glasgow","generation":"generated"},{"extension":[{"url":"http://hl7.org/fhir/tools/StructureDefinition/ig-page-name","valueUrl":"StructureDefinition-CdrEstadoConciencia.html"}],"nameUrl":"StructureDefinition-CdrEstadoConciencia.html","title":"Estado de Conciencia","generation":"generated"},{"extension":[{"url":"http://hl7.org/fhir/tools/StructureDefinition/ig-page-name","valueUrl":"StructureDefinition-CdrEstadoDistres.html"}],"nameUrl":"StructureDefinition-CdrEstadoDistres.html","title":"Estado de Distrés","generation":"generated"},{"extension":[{"url":"http://hl7.org/fhir/tools/StructureDefinition/ig-page-name","valueUrl":"StructureDefinition-CdrEstadoNutricional.html"}],"nameUrl":"StructureDefinition-CdrEstadoNutricional.html","title":"Estado Nutricional","generation":"generated"},{"extension":[{"url":"http://hl7.org/fhir/tools/StructureDefinition/ig-page-name","valueUrl":"StructureDefinition-CdrFrecuenciaCardiaca.html"}],"nameUrl":"StructureDefinition-CdrFrecuenciaCardiaca.html","title":"Frecuencia Cardiaca","generation":"generated"},{"extension":[{"url":"http://hl7.org/fhir/tools/StructureDefinition/ig-page-name","valueUrl":"StructureDefinition-CdrGlicemia.html"}],"nameUrl":"StructureDefinition-CdrGlicemia.html","title":"Glicemia en Sangre","generation":"generated"},{"extension":[{"url":"http://hl7.org/fhir/tools/StructureDefinition/ig-page-name","valueUrl":"StructureDefinition-CdrIMC.html"}],"nameUrl":"StructureDefinition-CdrIMC.html","title":"Indice de Masa Corporal","generation":"generated"},{"extension":[{"url":"http://hl7.org/fhir/tools/StructureDefinition/ig-page-name","valueUrl":"StructureDefinition-CdrMovimientoFetal.html"}],"nameUrl":"StructureDefinition-CdrMovimientoFetal.html","title":"Movimiento Fetal","generation":"generated"},{"extension":[{"url":"http://hl7.org/fhir/tools/StructureDefinition/ig-page-name","valueUrl":"StructureDefinition-CdrOrganizationHosp.html"}],"nameUrl":"StructureDefinition-CdrOrganizationHosp.html","title":"Recinto de Salud Araucania Sur","generation":"generated"},{"extension":[{"url":"http://hl7.org/fhir/tools/StructureDefinition/ig-page-name","valueUrl":"StructureDefinition-CdrPatient.html"}],"nameUrl":"StructureDefinition-CdrPatient.html","title":"Paciente Servicio de Salud Araucania Sur","generation":"generated"},{"extension":[{"url":"http://hl7.org/fhir/tools/StructureDefinition/ig-page-name","valueUrl":"StructureDefinition-CdrPeso.html"}],"nameUrl":"StructureDefinition-CdrPeso.html","title":"Peso","generation":"generated"},{"extension":[{"url":"http://hl7.org/fhir/tools/StructureDefinition/ig-page-name","valueUrl":"StructureDefinition-CdrPesoAlturaInfantil.html"}],"nameUrl":"StructureDefinition-CdrPesoAlturaInfantil.html","title":"Diagnóstico Nutricional Infantil Peso/Altura","generation":"generated"},{"extension":[{"url":"http://hl7.org/fhir/tools/StructureDefinition/ig-page-name","valueUrl":"StructureDefinition-CdrPesoEdadInfantil.html"}],"nameUrl":"StructureDefinition-CdrPesoEdadInfantil.html","title":"Diagnóstico Nutricional Infantil Peso/Edad","generation":"generated"},{"extension":[{"url":"http://hl7.org/fhir/tools/StructureDefinition/ig-page-name","valueUrl":"StructureDefinition-CdrPractitioner.html"}],"nameUrl":"StructureDefinition-CdrPractitioner.html","title":"Prestador de Salud","generation":"generated"},{"extension":[{"url":"http://hl7.org/fhir/tools/StructureDefinition/ig-page-name","valueUrl":"StructureDefinition-CdrPrensionSanguinea.html"}],"nameUrl":"StructureDefinition-CdrPrensionSanguinea.html","title":"Presión Sanguínea","generation":"generated"},{"extension":[{"url":"http://hl7.org/fhir/tools/StructureDefinition/ig-page-name","valueUrl":"StructureDefinition-CdrProvenance.html"}],"nameUrl":"StructureDefinition-CdrProvenance.html","title":"Firma Digital","generation":"generated"},{"extension":[{"url":"http://hl7.org/fhir/tools/StructureDefinition/ig-page-name","valueUrl":"StructureDefinition-CdrRespiraciones.html"}],"nameUrl":"StructureDefinition-CdrRespiraciones.html","title":"Frecuencia Respiratoria","generation":"generated"},{"extension":[{"url":"http://hl7.org/fhir/tools/StructureDefinition/ig-page-name","valueUrl":"StructureDefinition-CdrRitmoCardiacoFetal.html"}],"nameUrl":"StructureDefinition-CdrRitmoCardiacoFetal.html","title":"Ritmo Cardíaco Fetal","generation":"generated"},{"extension":[{"url":"http://hl7.org/fhir/tools/StructureDefinition/ig-page-name","valueUrl":"StructureDefinition-CdrSaturacionOxigeno.html"}],"nameUrl":"StructureDefinition-CdrSaturacionOxigeno.html","title":"Saturación Oxígeno","generation":"generated"},{"extension":[{"url":"http://hl7.org/fhir/tools/StructureDefinition/ig-page-name","valueUrl":"StructureDefinition-CdrSemanasECO.html"}],"nameUrl":"StructureDefinition-CdrSemanasECO.html","title":"Edad Gestacional en Semanas","generation":"generated"},{"extension":[{"url":"http://hl7.org/fhir/tools/StructureDefinition/ig-page-name","valueUrl":"StructureDefinition-CdrSemanasFUR.html"}],"nameUrl":"StructureDefinition-CdrSemanasFUR.html","title":"Estimado del Último Período","generation":"generated"},{"extension":[{"url":"http://hl7.org/fhir/tools/StructureDefinition/ig-page-name","valueUrl":"StructureDefinition-CdrSignosVitales.html"}],"nameUrl":"StructureDefinition-CdrSignosVitales.html","title":"Signos Vitales de Salud Araucanía Sur","generation":"generated"},{"extension":[{"url":"http://hl7.org/fhir/tools/StructureDefinition/ig-page-name","valueUrl":"StructureDefinition-CdrTalla.html"}],"nameUrl":"StructureDefinition-CdrTalla.html","title":"Talla","generation":"generated"},{"extension":[{"url":"http://hl7.org/fhir/tools/StructureDefinition/ig-page-name","valueUrl":"StructureDefinition-CdrTemperaturaCorporalAxilar.html"}],"nameUrl":"StructureDefinition-CdrTemperaturaCorporalAxilar.html","title":"Temperatura Corporal Axilar","generation":"generated"},{"extension":[{"url":"http://hl7.org/fhir/tools/StructureDefinition/ig-page-name","valueUrl":"StructureDefinition-CdrTemperaturaCorporalBucal.html"}],"nameUrl":"StructureDefinition-CdrTemperaturaCorporalBucal.html","title":"Temperatura Corporal Bucal","generation":"generated"},{"extension":[{"url":"http://hl7.org/fhir/tools/StructureDefinition/ig-page-name","valueUrl":"StructureDefinition-CdrTemperaturaCorporalRectal.html"}],"nameUrl":"StructureDefinition-CdrTemperaturaCorporalRectal.html","title":"Temperatura Corporal Rectal","generation":"generated"},{"extension":[{"url":"http://hl7.org/fhir/tools/StructureDefinition/ig-page-name","valueUrl":"StructureDefinition-CdrTransactionPublicacion.html"}],"nameUrl":"StructureDefinition-CdrTransactionPublicacion.html","title":"Transacción De Recursos (Publicación)","generation":"generated"},{"extension":[{"url":"http://hl7.org/fhir/tools/StructureDefinition/ig-page-name","valueUrl":"StructureDefinition-CdrTransactionRecuperacion.html"}],"nameUrl":"StructureDefinition-CdrTransactionRecuperacion.html","title":"Transacción De Recursos(Recuparación)","generation":"generated"},{"extension":[{"url":"http://hl7.org/fhir/tools/StructureDefinition/ig-page-name","valueUrl":"StructureDefinition-IdentidadDeGenero.html"}],"nameUrl":"StructureDefinition-IdentidadDeGenero.html","title":"Identidad de Género","generation":"generated"},{"extension":[{"url":"http://hl7.org/fhir/tools/StructureDefinition/ig-page-name","valueUrl":"StructureDefinition-NivelInstruccion.html"}],"nameUrl":"StructureDefinition-NivelInstruccion.html","title":"Nivel Instrucción","generation":"generated"},{"extension":[{"url":"http://hl7.org/fhir/tools/StructureDefinition/ig-page-name","valueUrl":"StructureDefinition-Ocupacion.html"}],"nameUrl":"StructureDefinition-Ocupacion.html","title":"Ocupación","generation":"generated"},{"extension":[{"url":"http://hl7.org/fhir/tools/StructureDefinition/ig-page-name","valueUrl":"StructureDefinition-Prevision.html"}],"nameUrl":"StructureDefinition-Prevision.html","title":"Previsión del Paciente","generation":"generated"},{"extension":[{"url":"http://hl7.org/fhir/tools/StructureDefinition/ig-page-name","valueUrl":"StructureDefinition-PuebloOriginario.html"}],"nameUrl":"StructureDefinition-PuebloOriginario.html","title":"Pueblo Originario","generation":"generated"},{"extension":[{"url":"http://hl7.org/fhir/tools/StructureDefinition/ig-page-name","valueUrl":"ValueSet-EscalaConcienciaVS.html"}],"nameUrl":"ValueSet-EscalaConcienciaVS.html","title":"Estado de Cociencia","generation":"generated"},{"extension":[{"url":"http://hl7.org/fhir/tools/StructureDefinition/ig-page-name","valueUrl":"ValueSet-EscalaMovimientoFetalVS.html"}],"nameUrl":"ValueSet-EscalaMovimientoFetalVS.html","title":"Resultados de un Movimiento Fetal","generation":"generated"},{"extension":[{"url":"http://hl7.org/fhir/tools/StructureDefinition/ig-page-name","valueUrl":"ValueSet-EscalaNutricionales.html"}],"nameUrl":"ValueSet-EscalaNutricionales.html","title":"Escalas Nutricionales","generation":"generated"},{"extension":[{"url":"http://hl7.org/fhir/tools/StructureDefinition/ig-page-name","valueUrl":"ValueSet-EstadoCivilVS.html"}],"nameUrl":"ValueSet-EstadoCivilVS.html","title":"Estado Civil","generation":"generated"},{"extension":[{"url":"http://hl7.org/fhir/tools/StructureDefinition/ig-page-name","valueUrl":"ValueSet-GenderIdentityVS.html"}],"nameUrl":"ValueSet-GenderIdentityVS.html","title":"Identidad de Género","generation":"generated"},{"extension":[{"url":"http://hl7.org/fhir/tools/StructureDefinition/ig-page-name","valueUrl":"ValueSet-Nivel-InstruccionVS.html"}],"nameUrl":"ValueSet-Nivel-InstruccionVS.html","title":"Nivel de Instrucción","generation":"generated"},{"extension":[{"url":"http://hl7.org/fhir/tools/StructureDefinition/ig-page-name","valueUrl":"ValueSet-Ocupacion-PatientVS.html"}],"nameUrl":"ValueSet-Ocupacion-PatientVS.html","title":"Ocupación","generation":"generated"},{"extension":[{"url":"http://hl7.org/fhir/tools/StructureDefinition/ig-page-name","valueUrl":"ValueSet-Pueblos-PueblosOriginariosVS.html"}],"nameUrl":"ValueSet-Pueblos-PueblosOriginariosVS.html","title":"Codificación de Pueblos Originarios","generation":"generated"},{"extension":[{"url":"http://hl7.org/fhir/tools/StructureDefinition/ig-page-name","valueUrl":"ValueSet-ResultadosSiNo.html"}],"nameUrl":"ValueSet-ResultadosSiNo.html","title":"Resultados Si y No","generation":"generated"},{"extension":[{"url":"http://hl7.org/fhir/tools/StructureDefinition/ig-page-name","valueUrl":"ValueSet-SignosVitalesSsasur.html"}],"nameUrl":"ValueSet-SignosVitalesSsasur.html","title":"Signos Vitales","generation":"generated"},{"extension":[{"url":"http://hl7.org/fhir/tools/StructureDefinition/ig-page-name","valueUrl":"ValueSet-Sistema-PrevisionVS.html"}],"nameUrl":"ValueSet-Sistema-PrevisionVS.html","title":"Sistema de Previsión","generation":"generated"},{"extension":[{"url":"http://hl7.org/fhir/tools/StructureDefinition/ig-page-name","valueUrl":"ValueSet-TitulosProfesionalesPrestadoresVS.html"}],"nameUrl":"ValueSet-TitulosProfesionalesPrestadoresVS.html","title":"Titulos Profesionales Prestadores","generation":"generated"},{"extension":[{"url":"http://hl7.org/fhir/tools/StructureDefinition/ig-page-name","valueUrl":"ValueSet-Tramos-IsapresVS.html"}],"nameUrl":"ValueSet-Tramos-IsapresVS.html","title":"Tramos de FONASA o Isapre","generation":"generated"},{"extension":[{"url":"http://hl7.org/fhir/tools/StructureDefinition/ig-page-name","valueUrl":"CodeSystem-AseguradoraCS.html"}],"nameUrl":"CodeSystem-AseguradoraCS.html","title":"Aseguradora Particular del Paciente","generation":"generated"},{"extension":[{"url":"http://hl7.org/fhir/tools/StructureDefinition/ig-page-name","valueUrl":"CodeSystem-EscalaConcienciaCS.html"}],"nameUrl":"CodeSystem-EscalaConcienciaCS.html","title":"Estado de Cociencia","generation":"generated"},{"extension":[{"url":"http://hl7.org/fhir/tools/StructureDefinition/ig-page-name","valueUrl":"CodeSystem-EscalaMovimientoFetalCS.html"}],"nameUrl":"CodeSystem-EscalaMovimientoFetalCS.html","title":"Resultados de un Movimiento Fetal","generation":"generated"},{"extension":[{"url":"http://hl7.org/fhir/tools/StructureDefinition/ig-page-name","valueUrl":"CodeSystem-EscalaNutricionalAdulto.html"}],"nameUrl":"CodeSystem-EscalaNutricionalAdulto.html","title":"Escala Nutricional para Adultos","generation":"generated"},{"extension":[{"url":"http://hl7.org/fhir/tools/StructureDefinition/ig-page-name","valueUrl":"CodeSystem-EscalaNutricionalEstandar.html"}],"nameUrl":"CodeSystem-EscalaNutricionalEstandar.html","title":"Escala Nutricional","generation":"generated"},{"extension":[{"url":"http://hl7.org/fhir/tools/StructureDefinition/ig-page-name","valueUrl":"CodeSystem-EscalaNutricionalPediatrica.html"}],"nameUrl":"CodeSystem-EscalaNutricionalPediatrica.html","title":"Escala Nutricional para Pediátricos","generation":"generated"},{"extension":[{"url":"http://hl7.org/fhir/tools/StructureDefinition/ig-page-name","valueUrl":"CodeSystem-EstadoCivilCS.html"}],"nameUrl":"CodeSystem-EstadoCivilCS.html","title":"Estado Civil","generation":"generated"},{"extension":[{"url":"http://hl7.org/fhir/tools/StructureDefinition/ig-page-name","valueUrl":"CodeSystem-GenderIdentityCs.html"}],"nameUrl":"CodeSystem-GenderIdentityCs.html","title":"Identidad de Género","generation":"generated"},{"extension":[{"url":"http://hl7.org/fhir/tools/StructureDefinition/ig-page-name","valueUrl":"CodeSystem-Nivel-InstruccionCS.html"}],"nameUrl":"CodeSystem-Nivel-InstruccionCS.html","title":"Nivel de Instrucción","generation":"generated"},{"extension":[{"url":"http://hl7.org/fhir/tools/StructureDefinition/ig-page-name","valueUrl":"CodeSystem-Ocupacion-PatientCS.html"}],"nameUrl":"CodeSystem-Ocupacion-PatientCS.html","title":"Ocupación","generation":"generated"},{"extension":[{"url":"http://hl7.org/fhir/tools/StructureDefinition/ig-page-name","valueUrl":"CodeSystem-Pueblos-PueblosOriginariosCS.html"}],"nameUrl":"CodeSystem-Pueblos-PueblosOriginariosCS.html","title":"Codificación de Pueblos Originarios","generation":"generated"},{"extension":[{"url":"http://hl7.org/fhir/tools/StructureDefinition/ig-page-name","valueUrl":"CodeSystem-Sistema-Prevision.html"}],"nameUrl":"CodeSystem-Sistema-Prevision.html","title":"Sistema de Previsión","generation":"generated"},{"extension":[{"url":"http://hl7.org/fhir/tools/StructureDefinition/ig-page-name","valueUrl":"CodeSystem-TitulosProfesionalesPrestadoresCS.html"}],"nameUrl":"CodeSystem-TitulosProfesionalesPrestadoresCS.html","title":"Titulos Profesionales Prestadores","generation":"generated"},{"extension":[{"url":"http://hl7.org/fhir/tools/StructureDefinition/ig-page-name","valueUrl":"CodeSystem-Tramos-FONASA.html"}],"nameUrl":"CodeSystem-Tramos-FONASA.html","title":"Tramos de FONASA","generation":"generated"},{"extension":[{"url":"http://hl7.org/fhir/tools/StructureDefinition/ig-page-name","valueUrl":"Observation-AlturaEdadInfantilExample.html"}],"nameUrl":"Observation-AlturaEdadInfantilExample.html","title":"Diagnóstico Nutricional Infantil Altura/Edad","generation":"generated"},{"extension":[{"url":"http://hl7.org/fhir/tools/StructureDefinition/ig-page-name","valueUrl":"Observation-AlturaUterinaExample.html"}],"nameUrl":"Observation-AlturaUterinaExample.html","title":"Altura Fondo Uterino","generation":"generated"},{"extension":[{"url":"http://hl7.org/fhir/tools/StructureDefinition/ig-page-name","valueUrl":"Observation-CircunferenciaAbdominalExample.html"}],"nameUrl":"Observation-CircunferenciaAbdominalExample.html","title":"Circunferencia Abdominal","generation":"generated"},{"extension":[{"url":"http://hl7.org/fhir/tools/StructureDefinition/ig-page-name","valueUrl":"Observation-CircunferenciaCinturaExample.html"}],"nameUrl":"Observation-CircunferenciaCinturaExample.html","title":"Circunferencia Cintura","generation":"generated"},{"extension":[{"url":"http://hl7.org/fhir/tools/StructureDefinition/ig-page-name","valueUrl":"Observation-CircunferenciaCraneanaExample.html"}],"nameUrl":"Observation-CircunferenciaCraneanaExample.html","title":"Circunferencia Craneana","generation":"generated"},{"extension":[{"url":"http://hl7.org/fhir/tools/StructureDefinition/ig-page-name","valueUrl":"Composition-CompositionDocumentExample.html"}],"nameUrl":"Composition-CompositionDocumentExample.html","title":"Cabecera del Documento","generation":"generated"},{"extension":[{"url":"http://hl7.org/fhir/tools/StructureDefinition/ig-page-name","valueUrl":"Bundle-Documento.html"}],"nameUrl":"Bundle-Documento.html","title":"Documento de Signos Vitales","generation":"generated"},{"extension":[{"url":"http://hl7.org/fhir/tools/StructureDefinition/ig-page-name","valueUrl":"Provenance-EjemploFirma.html"}],"nameUrl":"Provenance-EjemploFirma.html","title":"Firma Digital","generation":"generated"},{"extension":[{"url":"http://hl7.org/fhir/tools/StructureDefinition/ig-page-name","valueUrl":"Observation-EscalaDolorExample.html"}],"nameUrl":"Observation-EscalaDolorExample.html","title":"Escala de Dolor","generation":"generated"},{"extension":[{"url":"http://hl7.org/fhir/tools/StructureDefinition/ig-page-name","valueUrl":"Observation-EscalaGlasgowExample.html"}],"nameUrl":"Observation-EscalaGlasgowExample.html","title":"Escala Glasgow","generation":"generated"},{"extension":[{"url":"http://hl7.org/fhir/tools/StructureDefinition/ig-page-name","valueUrl":"Observation-EstadoConcienciaExample.html"}],"nameUrl":"Observation-EstadoConcienciaExample.html","title":"Estado de Conciencia","generation":"generated"},{"extension":[{"url":"http://hl7.org/fhir/tools/StructureDefinition/ig-page-name","valueUrl":"Observation-EstadoDistresExample.html"}],"nameUrl":"Observation-EstadoDistresExample.html","title":"Estado de Distres","generation":"generated"},{"extension":[{"url":"http://hl7.org/fhir/tools/StructureDefinition/ig-page-name","valueUrl":"Observation-EstadoNutricionalExample.html"}],"nameUrl":"Observation-EstadoNutricionalExample.html","title":"Estado Nutricional","generation":"generated"},{"extension":[{"url":"http://hl7.org/fhir/tools/StructureDefinition/ig-page-name","valueUrl":"Bundle-ExampleRecuperacion.html"}],"nameUrl":"Bundle-ExampleRecuperacion.html","title":"Recuperación de Recursos","generation":"generated"},{"extension":[{"url":"http://hl7.org/fhir/tools/StructureDefinition/ig-page-name","valueUrl":"Bundle-ExampleRecuperacionBase.html"}],"nameUrl":"Bundle-ExampleRecuperacionBase.html","title":"Recuperación de Recursos Base","generation":"generated"},{"extension":[{"url":"http://hl7.org/fhir/tools/StructureDefinition/ig-page-name","valueUrl":"Bundle-ExampleTransaction.html"}],"nameUrl":"Bundle-ExampleTransaction.html","title":"Publicación de Recursos","generation":"generated"},{"extension":[{"url":"http://hl7.org/fhir/tools/StructureDefinition/ig-page-name","valueUrl":"Observation-GlicemiaExample.html"}],"nameUrl":"Observation-GlicemiaExample.html","title":"Glicemia en Sangre","generation":"generated"},{"extension":[{"url":"http://hl7.org/fhir/tools/StructureDefinition/ig-page-name","valueUrl":"Observation-IMCExample.html"}],"nameUrl":"Observation-IMCExample.html","title":"Indice de Masa Corporal","generation":"generated"},{"extension":[{"url":"http://hl7.org/fhir/tools/StructureDefinition/ig-page-name","valueUrl":"Observation-MovimientoFetalExample.html"}],"nameUrl":"Observation-MovimientoFetalExample.html","title":"Movimiento Fetal","generation":"generated"},{"extension":[{"url":"http://hl7.org/fhir/tools/StructureDefinition/ig-page-name","valueUrl":"Organization-OrganizationHospital.html"}],"nameUrl":"Organization-OrganizationHospital.html","title":"Hospital ejemplo","generation":"generated"},{"extension":[{"url":"http://hl7.org/fhir/tools/StructureDefinition/ig-page-name","valueUrl":"Patient-PatientExample.html"}],"nameUrl":"Patient-PatientExample.html","title":"Paciente de Ejemplo","generation":"generated"},{"extension":[{"url":"http://hl7.org/fhir/tools/StructureDefinition/ig-page-name","valueUrl":"Observation-PesoAlturaInfantilExample.html"}],"nameUrl":"Observation-PesoAlturaInfantilExample.html","title":"Diagnóstico Nutricional Infantil Peso/Altura","generation":"generated"},{"extension":[{"url":"http://hl7.org/fhir/tools/StructureDefinition/ig-page-name","valueUrl":"Observation-PesoEdadInfantilExample.html"}],"nameUrl":"Observation-PesoEdadInfantilExample.html","title":"Diagnóstico Nutricional Infantil Peso/Edad","generation":"generated"},{"extension":[{"url":"http://hl7.org/fhir/tools/StructureDefinition/ig-page-name","valueUrl":"Observation-PesoExample.html"}],"nameUrl":"Observation-PesoExample.html","title":"Peso","generation":"generated"},{"extension":[{"url":"http://hl7.org/fhir/tools/StructureDefinition/ig-page-name","valueUrl":"Observation-PrensionSanguineaExample.html"}],"nameUrl":"Observation-PrensionSanguineaExample.html","title":"Presión Sanguínea","generation":"generated"},{"extension":[{"url":"http://hl7.org/fhir/tools/StructureDefinition/ig-page-name","valueUrl":"Practitioner-Profesional.html"}],"nameUrl":"Practitioner-Profesional.html","title":"Profesional","generation":"generated"},{"extension":[{"url":"http://hl7.org/fhir/tools/StructureDefinition/ig-page-name","valueUrl":"Observation-RespiracionesExample.html"}],"nameUrl":"Observation-RespiracionesExample.html","title":"Frecuencia Respiratoria","generation":"generated"},{"extension":[{"url":"http://hl7.org/fhir/tools/StructureDefinition/ig-page-name","valueUrl":"Observation-RitmoCardiacaExample.html"}],"nameUrl":"Observation-RitmoCardiacaExample.html","title":"Frecuencia Cardiaca","generation":"generated"},{"extension":[{"url":"http://hl7.org/fhir/tools/StructureDefinition/ig-page-name","valueUrl":"Observation-RitmoCardiacoFetalExample.html"}],"nameUrl":"Observation-RitmoCardiacoFetalExample.html","title":"Ritmo Cardíaco Fetal","generation":"generated"},{"extension":[{"url":"http://hl7.org/fhir/tools/StructureDefinition/ig-page-name","valueUrl":"Observation-SaturacionOxigenoExample.html"}],"nameUrl":"Observation-SaturacionOxigenoExample.html","title":"Saturación Oxígeno","generation":"generated"},{"extension":[{"url":"http://hl7.org/fhir/tools/StructureDefinition/ig-page-name","valueUrl":"Observation-SemanasECOExample.html"}],"nameUrl":"Observation-SemanasECOExample.html","title":"Edad Gestacional en Semanas","generation":"generated"},{"extension":[{"url":"http://hl7.org/fhir/tools/StructureDefinition/ig-page-name","valueUrl":"Observation-SemanasFURExample.html"}],"nameUrl":"Observation-SemanasFURExample.html","title":"Estimado del Último Período","generation":"generated"},{"extension":[{"url":"http://hl7.org/fhir/tools/StructureDefinition/ig-page-name","valueUrl":"Observation-SignosVitalesExample.html"}],"nameUrl":"Observation-SignosVitalesExample.html","title":"Signo Vital Error","generation":"generated"},{"extension":[{"url":"http://hl7.org/fhir/tools/StructureDefinition/ig-page-name","valueUrl":"Observation-TallaExample.html"}],"nameUrl":"Observation-TallaExample.html","title":"Talla","generation":"generated"},{"extension":[{"url":"http://hl7.org/fhir/tools/StructureDefinition/ig-page-name","valueUrl":"Observation-TemperaturaCorporalAxilarExample.html"}],"nameUrl":"Observation-TemperaturaCorporalAxilarExample.html","title":"Temperatura Corporal Axilar","generation":"generated"},{"extension":[{"url":"http://hl7.org/fhir/tools/StructureDefinition/ig-page-name","valueUrl":"Observation-TemperaturaCorporalBucalExample.html"}],"nameUrl":"Observation-TemperaturaCorporalBucalExample.html","title":"Temperatura Corporal Bucal","generation":"generated"},{"extension":[{"url":"http://hl7.org/fhir/tools/StructureDefinition/ig-page-name","valueUrl":"Observation-TemperaturaCorporalRectalExample.html"}],"nameUrl":"Observation-TemperaturaCorporalRectalExample.html","title":"Temperatura Corporal Rectal","generation":"generated"}]}]},"parameter":[{"code":"path-resource","value":"input/capabilities"},{"code":"path-resource","value":"input/examples"},{"code":"path-resource","value":"input/extensions"},{"code":"path-resource","value":"input/models"},{"code":"path-resource","value":"input/operations"},{"code":"path-resource","value":"input/profiles"},{"code":"path-resource","value":"input/resources"},{"code":"path-resource","value":"input/vocabulary"},{"code":"path-resource","value":"input/maps"},{"code":"path-resource","value":"input/testing"},{"code":"path-resource","value":"input/history"},{"code":"path-resource","value":"fsh-generated/resources"},{"code":"path-pages","value":"template/config"},{"code":"path-pages","value":"input/images"},{"code":"path-tx-cache","value":"input-cache/txcache"}]}}