{
  "resourceType" : "Bundle",
  "id" : "ExampleRecuperacionBase",
  "meta" : {
    "profile" : ["https://www.ssasur.cl/fhir/ig/ASV/StructureDefinition/CdrTransactionRecuperacion"]
  },
  "identifier" : {
    "value" : "6fc2e782-fd56-415e-bc85-f1231231sd"
  },
  "type" : "transaction",
  "timestamp" : "2022-07-07T11:40:00-04:00",
  "entry" : [{
    "request" : {
      "method" : "GET",
      "url" : "Patient?identifier=19142323-5"
    }
  },
  {
    "request" : {
      "method" : "GET",
      "url" : "Practitioner?identifier=19797094-4"
    }
  },
  {
    "request" : {
      "method" : "GET",
      "url" : "Organization?identifier=124509"
    }
  }]
}