{
  "resourceType" : "CodeSystem",
  "id" : "EscalaNutricionalAdulto",
  "text" : {
    "status" : "generated",
    "div" : "<div xmlns=\"http://www.w3.org/1999/xhtml\"><p>This code system <code>https://www.ssasur.cl/fhir/ig/ASV/CodeSystem/EscalaNutricionalAdulto</code> defines the following codes:</p><table class=\"codes\"><tr><td style=\"white-space:nowrap\"><b>Code</b></td><td><b>Display</b></td></tr><tr><td style=\"white-space:nowrap\">BajoloNormal<a name=\"EscalaNutricionalAdulto-BajoloNormal\"> </a></td><td>Bajo lo Normal</td></tr><tr><td style=\"white-space:nowrap\">Normal<a name=\"EscalaNutricionalAdulto-Normal\"> </a></td><td>Normal</td></tr><tr><td style=\"white-space:nowrap\">Sobrepeso<a name=\"EscalaNutricionalAdulto-Sobrepeso\"> </a></td><td>Sobrepeso</td></tr><tr><td style=\"white-space:nowrap\">ObesidadI<a name=\"EscalaNutricionalAdulto-ObesidadI\"> </a></td><td>Obesidad I</td></tr><tr><td style=\"white-space:nowrap\">ObesidadII<a name=\"EscalaNutricionalAdulto-ObesidadII\"> </a></td><td>Obesidad II</td></tr><tr><td style=\"white-space:nowrap\">ObesidadIII<a name=\"EscalaNutricionalAdulto-ObesidadIII\"> </a></td><td>Obesidad III</td></tr></table></div>"
  },
  "url" : "https://www.ssasur.cl/fhir/ig/ASV/CodeSystem/EscalaNutricionalAdulto",
  "version" : "0.5.3",
  "name" : "EscalaNutricionalAdulto",
  "title" : "Escala Nutricional para Adultos",
  "status" : "active",
  "experimental" : true,
  "date" : "2022-12-01T14:22:43-03:00",
  "publisher" : "Servicio de Salud Araucania Sur",
  "contact" : [{
    "name" : "Servicio de Salud Araucania Sur",
    "telecom" : [{
      "system" : "url",
      "value" : "https://www.araucaniasur.cl/"
    }]
  },
  {
    "name" : "Franco Ulloa",
    "telecom" : [{
      "system" : "email",
      "value" : "franco.ulloam@redsalud.gob.cl",
      "use" : "work"
    }]
  }],
  "description" : "Escala nutricional de un paciente adulto",
  "jurisdiction" : [{
    "coding" : [{
      "system" : "urn:iso:std:iso:3166",
      "code" : "CL",
      "display" : "Chile"
    }]
  }],
  "caseSensitive" : true,
  "content" : "complete",
  "count" : 6,
  "concept" : [{
    "code" : "BajoloNormal",
    "display" : "Bajo lo Normal"
  },
  {
    "code" : "Normal",
    "display" : "Normal"
  },
  {
    "code" : "Sobrepeso",
    "display" : "Sobrepeso"
  },
  {
    "code" : "ObesidadI",
    "display" : "Obesidad I"
  },
  {
    "code" : "ObesidadII",
    "display" : "Obesidad II"
  },
  {
    "code" : "ObesidadIII",
    "display" : "Obesidad III"
  }]
}