{
  "resourceType" : "CodeSystem",
  "id" : "EscalaMovimientoFetalCS",
  "text" : {
    "status" : "generated",
    "div" : "<div xmlns=\"http://www.w3.org/1999/xhtml\"><p>This code system <code>https://www.ssasur.cl/fhir/ig/ASV/CodeSystem/EscalaMovimientoFetalCS</code> defines the following codes:</p><table class=\"codes\"><tr><td style=\"white-space:nowrap\"><b>Code</b></td></tr><tr><td style=\"white-space:nowrap\">-<a name=\"EscalaMovimientoFetalCS--\"> </a></td></tr><tr><td style=\"white-space:nowrap\">+<a name=\"EscalaMovimientoFetalCS-.43\"> </a></td></tr><tr><td style=\"white-space:nowrap\">++<a name=\"EscalaMovimientoFetalCS-.43.43\"> </a></td></tr><tr><td style=\"white-space:nowrap\">+++<a name=\"EscalaMovimientoFetalCS-.43.43.43\"> </a></td></tr></table></div>"
  },
  "url" : "https://www.ssasur.cl/fhir/ig/ASV/CodeSystem/EscalaMovimientoFetalCS",
  "version" : "0.5.3",
  "name" : "EscalaMovimientoFetalCS",
  "title" : "Resultados de un Movimiento Fetal",
  "status" : "active",
  "experimental" : true,
  "date" : "2022-12-01T14:22:43-03:00",
  "publisher" : "Servicio de Salud Araucania Sur",
  "contact" : [{
    "name" : "Servicio de Salud Araucania Sur",
    "telecom" : [{
      "system" : "url",
      "value" : "https://www.araucaniasur.cl/"
    }]
  },
  {
    "name" : "Franco Ulloa",
    "telecom" : [{
      "system" : "email",
      "value" : "franco.ulloam@redsalud.gob.cl",
      "use" : "work"
    }]
  }],
  "description" : "Resultados de un movimiento fetal",
  "jurisdiction" : [{
    "coding" : [{
      "system" : "urn:iso:std:iso:3166",
      "code" : "CL",
      "display" : "Chile"
    }]
  }],
  "caseSensitive" : true,
  "content" : "complete",
  "count" : 4,
  "concept" : [{
    "code" : "-"
  },
  {
    "code" : "+"
  },
  {
    "code" : "++"
  },
  {
    "code" : "+++"
  }]
}