{
  "resourceType" : "ImplementationGuide",
  "id" : "hl7.fhir.cl.corecl.ssasur.asv",
  "text" : {
    "status" : "extensions",
    "div" : "<div xmlns=\"http://www.w3.org/1999/xhtml\"><h2>AlmacenamientoSignosVitales</h2><p>The official URL for this implementation guide is: </p><pre>https://www.ssasur.cl/fhir/ig/ASV/ImplementationGuide/hl7.fhir.cl.corecl.ssasur.asv</pre><div><p>Guía de implementación para describir los recursos utilizados de los signos vitales para un registro clínico de los pacientes.</p>\n</div></div>"
  },
  "url" : "https://www.ssasur.cl/fhir/ig/ASV/ImplementationGuide/hl7.fhir.cl.corecl.ssasur.asv",
  "version" : "0.5.3",
  "name" : "AlmacenamientoSignosVitales",
  "title" : "Almacenamiento de Signos Vitales",
  "status" : "draft",
  "date" : "2022-12-01T14:22:43-03:00",
  "publisher" : "Servicio de Salud Araucania Sur",
  "contact" : [{
    "name" : "Servicio de Salud Araucania Sur",
    "telecom" : [{
      "system" : "url",
      "value" : "https://www.araucaniasur.cl/"
    }]
  },
  {
    "name" : "Franco Ulloa",
    "telecom" : [{
      "system" : "email",
      "value" : "franco.ulloam@redsalud.gob.cl",
      "use" : "work"
    }]
  }],
  "description" : "Guía de implementación para describir los recursos utilizados de los signos vitales para un registro clínico de los pacientes.",
  "jurisdiction" : [{
    "coding" : [{
      "system" : "urn:iso:std:iso:3166",
      "code" : "CL",
      "display" : "Chile"
    }]
  }],
  "packageId" : "hl7.fhir.cl.corecl.ssasur.asv",
  "license" : "CC0-1.0",
  "fhirVersion" : ["4.0.1"],
  "dependsOn" : [{
    "id" : "hl7tx",
    "extension" : [{
      "url" : "http://hl7.org/fhir/tools/StructureDefinition/implementationguide-dependency-comment",
      "valueMarkdown" : "Automatically added as a dependency - all IGs depend on HL7 Terminology"
    }],
    "uri" : "http://terminology.hl7.org/ImplementationGuide/hl7.terminology",
    "packageId" : "hl7.terminology.r4",
    "version" : "5.0.0"
  },
  {
    "id" : "CoreCLDEV",
    "uri" : "https://build.fhir.org/ig/HL7Chile/CL-Core/",
    "packageId" : "hl7.fhir.cl.corecl",
    "version" : "dev"
  }],
  "definition" : {
    "extension" : [{
      "extension" : [{
        "url" : "code",
        "valueString" : "copyrightyear"
      },
      {
        "url" : "value",
        "valueString" : "2022+"
      }],
      "url" : "http://hl7.org/fhir/tools/StructureDefinition/ig-parameter"
    },
    {
      "extension" : [{
        "url" : "code",
        "valueString" : "releaselabel"
      },
      {
        "url" : "value",
        "valueString" : "ci-build"
      }],
      "url" : "http://hl7.org/fhir/tools/StructureDefinition/ig-parameter"
    },
    {
      "extension" : [{
        "url" : "code",
        "valueString" : "autoload-resources"
      },
      {
        "url" : "value",
        "valueString" : "true"
      }],
      "url" : "http://hl7.org/fhir/tools/StructureDefinition/ig-parameter"
    },
    {
      "extension" : [{
        "url" : "code",
        "valueString" : "path-liquid"
      },
      {
        "url" : "value",
        "valueString" : "template/liquid"
      }],
      "url" : "http://hl7.org/fhir/tools/StructureDefinition/ig-parameter"
    },
    {
      "extension" : [{
        "url" : "code",
        "valueString" : "path-liquid"
      },
      {
        "url" : "value",
        "valueString" : "input/liquid"
      }],
      "url" : "http://hl7.org/fhir/tools/StructureDefinition/ig-parameter"
    },
    {
      "extension" : [{
        "url" : "code",
        "valueString" : "path-qa"
      },
      {
        "url" : "value",
        "valueString" : "temp/qa"
      }],
      "url" : "http://hl7.org/fhir/tools/StructureDefinition/ig-parameter"
    },
    {
      "extension" : [{
        "url" : "code",
        "valueString" : "path-temp"
      },
      {
        "url" : "value",
        "valueString" : "temp/pages"
      }],
      "url" : "http://hl7.org/fhir/tools/StructureDefinition/ig-parameter"
    },
    {
      "extension" : [{
        "url" : "code",
        "valueString" : "path-output"
      },
      {
        "url" : "value",
        "valueString" : "output"
      }],
      "url" : "http://hl7.org/fhir/tools/StructureDefinition/ig-parameter"
    },
    {
      "extension" : [{
        "url" : "code",
        "valueString" : "path-suppressed-warnings"
      },
      {
        "url" : "value",
        "valueString" : "input/ignoreWarnings.txt"
      }],
      "url" : "http://hl7.org/fhir/tools/StructureDefinition/ig-parameter"
    },
    {
      "extension" : [{
        "url" : "code",
        "valueString" : "path-history"
      },
      {
        "url" : "value",
        "valueString" : "https://www.ssasur.cl/fhir/ig/ASV/history.html"
      }],
      "url" : "http://hl7.org/fhir/tools/StructureDefinition/ig-parameter"
    },
    {
      "extension" : [{
        "url" : "code",
        "valueString" : "template-html"
      },
      {
        "url" : "value",
        "valueString" : "template-page.html"
      }],
      "url" : "http://hl7.org/fhir/tools/StructureDefinition/ig-parameter"
    },
    {
      "extension" : [{
        "url" : "code",
        "valueString" : "template-md"
      },
      {
        "url" : "value",
        "valueString" : "template-page-md.html"
      }],
      "url" : "http://hl7.org/fhir/tools/StructureDefinition/ig-parameter"
    },
    {
      "extension" : [{
        "url" : "code",
        "valueString" : "apply-contact"
      },
      {
        "url" : "value",
        "valueString" : "true"
      }],
      "url" : "http://hl7.org/fhir/tools/StructureDefinition/ig-parameter"
    },
    {
      "extension" : [{
        "url" : "code",
        "valueString" : "apply-context"
      },
      {
        "url" : "value",
        "valueString" : "true"
      }],
      "url" : "http://hl7.org/fhir/tools/StructureDefinition/ig-parameter"
    },
    {
      "extension" : [{
        "url" : "code",
        "valueString" : "apply-copyright"
      },
      {
        "url" : "value",
        "valueString" : "true"
      }],
      "url" : "http://hl7.org/fhir/tools/StructureDefinition/ig-parameter"
    },
    {
      "extension" : [{
        "url" : "code",
        "valueString" : "apply-jurisdiction"
      },
      {
        "url" : "value",
        "valueString" : "true"
      }],
      "url" : "http://hl7.org/fhir/tools/StructureDefinition/ig-parameter"
    },
    {
      "extension" : [{
        "url" : "code",
        "valueString" : "apply-license"
      },
      {
        "url" : "value",
        "valueString" : "true"
      }],
      "url" : "http://hl7.org/fhir/tools/StructureDefinition/ig-parameter"
    },
    {
      "extension" : [{
        "url" : "code",
        "valueString" : "apply-publisher"
      },
      {
        "url" : "value",
        "valueString" : "true"
      }],
      "url" : "http://hl7.org/fhir/tools/StructureDefinition/ig-parameter"
    },
    {
      "extension" : [{
        "url" : "code",
        "valueString" : "apply-version"
      },
      {
        "url" : "value",
        "valueString" : "true"
      }],
      "url" : "http://hl7.org/fhir/tools/StructureDefinition/ig-parameter"
    },
    {
      "extension" : [{
        "url" : "code",
        "valueString" : "active-tables"
      },
      {
        "url" : "value",
        "valueString" : "true"
      }],
      "url" : "http://hl7.org/fhir/tools/StructureDefinition/ig-parameter"
    },
    {
      "extension" : [{
        "url" : "code",
        "valueString" : "fmm-definition"
      },
      {
        "url" : "value",
        "valueString" : "http://hl7.org/fhir/versions.html#maturity"
      }],
      "url" : "http://hl7.org/fhir/tools/StructureDefinition/ig-parameter"
    },
    {
      "extension" : [{
        "url" : "code",
        "valueString" : "propagate-status"
      },
      {
        "url" : "value",
        "valueString" : "true"
      }],
      "url" : "http://hl7.org/fhir/tools/StructureDefinition/ig-parameter"
    },
    {
      "extension" : [{
        "url" : "code",
        "valueString" : "excludelogbinaryformat"
      },
      {
        "url" : "value",
        "valueString" : "true"
      }],
      "url" : "http://hl7.org/fhir/tools/StructureDefinition/ig-parameter"
    },
    {
      "extension" : [{
        "url" : "code",
        "valueString" : "tabbed-snapshots"
      },
      {
        "url" : "value",
        "valueString" : "true"
      }],
      "url" : "http://hl7.org/fhir/tools/StructureDefinition/ig-parameter"
    },
    {
      "extension" : [{
        "url" : "code",
        "valueString" : "copyrightyear"
      },
      {
        "url" : "value",
        "valueString" : "2022+"
      }],
      "url" : "http://hl7.org/fhir/tools/StructureDefinition/ig-parameter"
    },
    {
      "extension" : [{
        "url" : "code",
        "valueString" : "releaselabel"
      },
      {
        "url" : "value",
        "valueString" : "ci-build"
      }],
      "url" : "http://hl7.org/fhir/tools/StructureDefinition/ig-parameter"
    },
    {
      "extension" : [{
        "url" : "code",
        "valueString" : "autoload-resources"
      },
      {
        "url" : "value",
        "valueString" : "true"
      }],
      "url" : "http://hl7.org/fhir/tools/StructureDefinition/ig-parameter"
    },
    {
      "extension" : [{
        "url" : "code",
        "valueString" : "path-liquid"
      },
      {
        "url" : "value",
        "valueString" : "template/liquid"
      }],
      "url" : "http://hl7.org/fhir/tools/StructureDefinition/ig-parameter"
    },
    {
      "extension" : [{
        "url" : "code",
        "valueString" : "path-liquid"
      },
      {
        "url" : "value",
        "valueString" : "input/liquid"
      }],
      "url" : "http://hl7.org/fhir/tools/StructureDefinition/ig-parameter"
    },
    {
      "extension" : [{
        "url" : "code",
        "valueString" : "path-qa"
      },
      {
        "url" : "value",
        "valueString" : "temp/qa"
      }],
      "url" : "http://hl7.org/fhir/tools/StructureDefinition/ig-parameter"
    },
    {
      "extension" : [{
        "url" : "code",
        "valueString" : "path-temp"
      },
      {
        "url" : "value",
        "valueString" : "temp/pages"
      }],
      "url" : "http://hl7.org/fhir/tools/StructureDefinition/ig-parameter"
    },
    {
      "extension" : [{
        "url" : "code",
        "valueString" : "path-output"
      },
      {
        "url" : "value",
        "valueString" : "output"
      }],
      "url" : "http://hl7.org/fhir/tools/StructureDefinition/ig-parameter"
    },
    {
      "extension" : [{
        "url" : "code",
        "valueString" : "path-suppressed-warnings"
      },
      {
        "url" : "value",
        "valueString" : "input/ignoreWarnings.txt"
      }],
      "url" : "http://hl7.org/fhir/tools/StructureDefinition/ig-parameter"
    },
    {
      "extension" : [{
        "url" : "code",
        "valueString" : "path-history"
      },
      {
        "url" : "value",
        "valueString" : "https://www.ssasur.cl/fhir/ig/ASV/history.html"
      }],
      "url" : "http://hl7.org/fhir/tools/StructureDefinition/ig-parameter"
    },
    {
      "extension" : [{
        "url" : "code",
        "valueString" : "template-html"
      },
      {
        "url" : "value",
        "valueString" : "template-page.html"
      }],
      "url" : "http://hl7.org/fhir/tools/StructureDefinition/ig-parameter"
    },
    {
      "extension" : [{
        "url" : "code",
        "valueString" : "template-md"
      },
      {
        "url" : "value",
        "valueString" : "template-page-md.html"
      }],
      "url" : "http://hl7.org/fhir/tools/StructureDefinition/ig-parameter"
    },
    {
      "extension" : [{
        "url" : "code",
        "valueString" : "apply-contact"
      },
      {
        "url" : "value",
        "valueString" : "true"
      }],
      "url" : "http://hl7.org/fhir/tools/StructureDefinition/ig-parameter"
    },
    {
      "extension" : [{
        "url" : "code",
        "valueString" : "apply-context"
      },
      {
        "url" : "value",
        "valueString" : "true"
      }],
      "url" : "http://hl7.org/fhir/tools/StructureDefinition/ig-parameter"
    },
    {
      "extension" : [{
        "url" : "code",
        "valueString" : "apply-copyright"
      },
      {
        "url" : "value",
        "valueString" : "true"
      }],
      "url" : "http://hl7.org/fhir/tools/StructureDefinition/ig-parameter"
    },
    {
      "extension" : [{
        "url" : "code",
        "valueString" : "apply-jurisdiction"
      },
      {
        "url" : "value",
        "valueString" : "true"
      }],
      "url" : "http://hl7.org/fhir/tools/StructureDefinition/ig-parameter"
    },
    {
      "extension" : [{
        "url" : "code",
        "valueString" : "apply-license"
      },
      {
        "url" : "value",
        "valueString" : "true"
      }],
      "url" : "http://hl7.org/fhir/tools/StructureDefinition/ig-parameter"
    },
    {
      "extension" : [{
        "url" : "code",
        "valueString" : "apply-publisher"
      },
      {
        "url" : "value",
        "valueString" : "true"
      }],
      "url" : "http://hl7.org/fhir/tools/StructureDefinition/ig-parameter"
    },
    {
      "extension" : [{
        "url" : "code",
        "valueString" : "apply-version"
      },
      {
        "url" : "value",
        "valueString" : "true"
      }],
      "url" : "http://hl7.org/fhir/tools/StructureDefinition/ig-parameter"
    },
    {
      "extension" : [{
        "url" : "code",
        "valueString" : "active-tables"
      },
      {
        "url" : "value",
        "valueString" : "true"
      }],
      "url" : "http://hl7.org/fhir/tools/StructureDefinition/ig-parameter"
    },
    {
      "extension" : [{
        "url" : "code",
        "valueString" : "fmm-definition"
      },
      {
        "url" : "value",
        "valueString" : "http://hl7.org/fhir/versions.html#maturity"
      }],
      "url" : "http://hl7.org/fhir/tools/StructureDefinition/ig-parameter"
    },
    {
      "extension" : [{
        "url" : "code",
        "valueString" : "propagate-status"
      },
      {
        "url" : "value",
        "valueString" : "true"
      }],
      "url" : "http://hl7.org/fhir/tools/StructureDefinition/ig-parameter"
    },
    {
      "extension" : [{
        "url" : "code",
        "valueString" : "excludelogbinaryformat"
      },
      {
        "url" : "value",
        "valueString" : "true"
      }],
      "url" : "http://hl7.org/fhir/tools/StructureDefinition/ig-parameter"
    },
    {
      "extension" : [{
        "url" : "code",
        "valueString" : "tabbed-snapshots"
      },
      {
        "url" : "value",
        "valueString" : "true"
      }],
      "url" : "http://hl7.org/fhir/tools/StructureDefinition/ig-parameter"
    }],
    "resource" : [{
      "extension" : [{
        "url" : "http://hl7.org/fhir/tools/StructureDefinition/resource-information",
        "valueString" : "StructureDefinition:resource"
      }],
      "reference" : {
        "reference" : "StructureDefinition/CdrAlturaEdadInfantil"
      },
      "name" : "Diagnóstico Nutricional Infantil Altura/Edad",
      "description" : "Este recurso permite guardar la información del estado de nutrición de un paciente pediátrico según su altura y su edad.",
      "exampleBoolean" : false
    },
    {
      "extension" : [{
        "url" : "http://hl7.org/fhir/tools/StructureDefinition/resource-information",
        "valueString" : "StructureDefinition:resource"
      }],
      "reference" : {
        "reference" : "StructureDefinition/CdrAlturaUterina"
      },
      "name" : "Altura Uterina",
      "description" : "Este recurso permite guardar la información de la altura uterina del paciente.",
      "exampleBoolean" : false
    },
    {
      "extension" : [{
        "url" : "http://hl7.org/fhir/tools/StructureDefinition/resource-information",
        "valueString" : "StructureDefinition:resource"
      }],
      "reference" : {
        "reference" : "StructureDefinition/CdrCircunferenciaAbdominal"
      },
      "name" : "Circunferencia Abdominal",
      "description" : "Este recurso permite guardar la información de la circunferencia abdominal de los pacientes.",
      "exampleBoolean" : false
    },
    {
      "extension" : [{
        "url" : "http://hl7.org/fhir/tools/StructureDefinition/resource-information",
        "valueString" : "StructureDefinition:resource"
      }],
      "reference" : {
        "reference" : "StructureDefinition/CdrCircunferenciaCintura"
      },
      "name" : "Circunferencia Cintura",
      "description" : "Este recurso permite guardar la información de la circunferencia cintura de los pacientes.",
      "exampleBoolean" : false
    },
    {
      "extension" : [{
        "url" : "http://hl7.org/fhir/tools/StructureDefinition/resource-information",
        "valueString" : "StructureDefinition:resource"
      }],
      "reference" : {
        "reference" : "StructureDefinition/CdrCircunferenciaCraneana"
      },
      "name" : "Circunferencia Craneana",
      "description" : "Este recurso permite guardar la información de la circunferencia creanana de los pacientes.",
      "exampleBoolean" : false
    },
    {
      "extension" : [{
        "url" : "http://hl7.org/fhir/tools/StructureDefinition/resource-information",
        "valueString" : "StructureDefinition:resource"
      }],
      "reference" : {
        "reference" : "StructureDefinition/CdrComposition"
      },
      "name" : "Cabecera Para Documento Clínicos",
      "description" : "Documento clínico que almacena la información de la toma de signos vitales y optras observaciones",
      "exampleBoolean" : false
    },
    {
      "extension" : [{
        "url" : "http://hl7.org/fhir/tools/StructureDefinition/resource-information",
        "valueString" : "StructureDefinition:resource"
      }],
      "reference" : {
        "reference" : "StructureDefinition/CdrDocument"
      },
      "name" : "Bundle Para Documento Clínico",
      "description" : "Documento en el cual se almacena los signos vitales del paciente previo o durante su consulta.",
      "exampleBoolean" : false
    },
    {
      "extension" : [{
        "url" : "http://hl7.org/fhir/tools/StructureDefinition/resource-information",
        "valueString" : "StructureDefinition:resource"
      }],
      "reference" : {
        "reference" : "StructureDefinition/CdrEscalaDolor"
      },
      "name" : "Escala de Dolor",
      "description" : "Este recurso permite guardar la información de la escala del dolor observable de un paciente en específico.",
      "exampleBoolean" : false
    },
    {
      "extension" : [{
        "url" : "http://hl7.org/fhir/tools/StructureDefinition/resource-information",
        "valueString" : "StructureDefinition:resource"
      }],
      "reference" : {
        "reference" : "StructureDefinition/CdrEscalaGlasgow"
      },
      "name" : "Escala Glasgow",
      "description" : "Este recurso permite guardar la información del estado de conciencia de un paciente en coma.",
      "exampleBoolean" : false
    },
    {
      "extension" : [{
        "url" : "http://hl7.org/fhir/tools/StructureDefinition/resource-information",
        "valueString" : "StructureDefinition:resource"
      }],
      "reference" : {
        "reference" : "StructureDefinition/CdrEstadoConciencia"
      },
      "name" : "Estado de Conciencia",
      "description" : "Este recurso permite guardar la información del estado de conciencia en que llego el paciente a la consulta.",
      "exampleBoolean" : false
    },
    {
      "extension" : [{
        "url" : "http://hl7.org/fhir/tools/StructureDefinition/resource-information",
        "valueString" : "StructureDefinition:resource"
      }],
      "reference" : {
        "reference" : "StructureDefinition/CdrEstadoDistres"
      },
      "name" : "Estado de Distrés",
      "description" : "Este recurso permite guardar la información del estado de distrés en que llego el paciente al recinto.",
      "exampleBoolean" : false
    },
    {
      "extension" : [{
        "url" : "http://hl7.org/fhir/tools/StructureDefinition/resource-information",
        "valueString" : "StructureDefinition:resource"
      }],
      "reference" : {
        "reference" : "StructureDefinition/CdrEstadoNutricional"
      },
      "name" : "Estado Nutricional",
      "description" : "Este recurso permite guardar la información del estado nutricional de un paciente, dado los resultados de sus examenes",
      "exampleBoolean" : false
    },
    {
      "extension" : [{
        "url" : "http://hl7.org/fhir/tools/StructureDefinition/resource-information",
        "valueString" : "StructureDefinition:resource"
      }],
      "reference" : {
        "reference" : "StructureDefinition/CdrFrecuenciaCardiaca"
      },
      "name" : "Frecuencia Cardiaca",
      "description" : "Este recurso permite guardar la información de la frecuencia cardiaca de los pacientes.",
      "exampleBoolean" : false
    },
    {
      "extension" : [{
        "url" : "http://hl7.org/fhir/tools/StructureDefinition/resource-information",
        "valueString" : "StructureDefinition:resource"
      }],
      "reference" : {
        "reference" : "StructureDefinition/CdrGlicemia"
      },
      "name" : "Glicemia en Sangre",
      "description" : "Este recurso permite guardar la información de la glicemia en sangre de los pacientes.",
      "exampleBoolean" : false
    },
    {
      "extension" : [{
        "url" : "http://hl7.org/fhir/tools/StructureDefinition/resource-information",
        "valueString" : "StructureDefinition:resource"
      }],
      "reference" : {
        "reference" : "StructureDefinition/CdrIMC"
      },
      "name" : "Indice de Masa Corporal",
      "description" : "Este recurso permite guardar la información del indice de masa corporal de los pacientes",
      "exampleBoolean" : false
    },
    {
      "extension" : [{
        "url" : "http://hl7.org/fhir/tools/StructureDefinition/resource-information",
        "valueString" : "StructureDefinition:resource"
      }],
      "reference" : {
        "reference" : "StructureDefinition/CdrMovimientoFetal"
      },
      "name" : "Movimiento Fetal",
      "description" : "Este recurso permite guardar la información del movimiento de un feto",
      "exampleBoolean" : false
    },
    {
      "extension" : [{
        "url" : "http://hl7.org/fhir/tools/StructureDefinition/resource-information",
        "valueString" : "StructureDefinition:resource"
      }],
      "reference" : {
        "reference" : "StructureDefinition/CdrOrganizationHosp"
      },
      "name" : "Recinto de Salud Araucania Sur",
      "description" : "Recinto que entrega prestaciones de salud.",
      "exampleBoolean" : false
    },
    {
      "extension" : [{
        "url" : "http://hl7.org/fhir/tools/StructureDefinition/resource-information",
        "valueString" : "StructureDefinition:resource"
      }],
      "reference" : {
        "reference" : "StructureDefinition/CdrPatient"
      },
      "name" : "Paciente Servicio de Salud Araucania Sur",
      "description" : "Este recurso paciente utiliza la información mínima requerida según la guía core y el servicio de salud Araucanía sur",
      "exampleBoolean" : false
    },
    {
      "extension" : [{
        "url" : "http://hl7.org/fhir/tools/StructureDefinition/resource-information",
        "valueString" : "StructureDefinition:resource"
      }],
      "reference" : {
        "reference" : "StructureDefinition/CdrPeso"
      },
      "name" : "Peso",
      "description" : "Este recurso permite guardar la información del peso de los pacientes",
      "exampleBoolean" : false
    },
    {
      "extension" : [{
        "url" : "http://hl7.org/fhir/tools/StructureDefinition/resource-information",
        "valueString" : "StructureDefinition:resource"
      }],
      "reference" : {
        "reference" : "StructureDefinition/CdrPesoAlturaInfantil"
      },
      "name" : "Diagnóstico Nutricional Infantil Peso/Altura",
      "description" : "Este recurso permite guardar la información del estado de nutrición de un paciente pediátrico según su peso y su altura.",
      "exampleBoolean" : false
    },
    {
      "extension" : [{
        "url" : "http://hl7.org/fhir/tools/StructureDefinition/resource-information",
        "valueString" : "StructureDefinition:resource"
      }],
      "reference" : {
        "reference" : "StructureDefinition/CdrPesoEdadInfantil"
      },
      "name" : "Diagnóstico Nutricional Infantil Peso/Edad",
      "description" : "Este recurso permite guardar la información del estado de nutrición de un paciente pediátrico según su peso y su edad.",
      "exampleBoolean" : false
    },
    {
      "extension" : [{
        "url" : "http://hl7.org/fhir/tools/StructureDefinition/resource-information",
        "valueString" : "StructureDefinition:resource"
      }],
      "reference" : {
        "reference" : "StructureDefinition/CdrPractitioner"
      },
      "name" : "Prestador de Salud",
      "description" : "Este recurso nace del proyecto de laboratorio del servicio de salud Araucanía sur y la guía core de HL7 Chile.",
      "exampleBoolean" : false
    },
    {
      "extension" : [{
        "url" : "http://hl7.org/fhir/tools/StructureDefinition/resource-information",
        "valueString" : "StructureDefinition:resource"
      }],
      "reference" : {
        "reference" : "StructureDefinition/CdrPrensionSanguinea"
      },
      "name" : "Presión Sanguínea",
      "description" : "Este recurso permite guardar la información de la presión sanguinea de los pacientes.",
      "exampleBoolean" : false
    },
    {
      "extension" : [{
        "url" : "http://hl7.org/fhir/tools/StructureDefinition/resource-information",
        "valueString" : "StructureDefinition:resource"
      }],
      "reference" : {
        "reference" : "StructureDefinition/CdrProvenance"
      },
      "name" : "Firma Digital",
      "description" : "Este recurso permite guardar la firma de los documentos de signos vitales.",
      "exampleBoolean" : false
    },
    {
      "extension" : [{
        "url" : "http://hl7.org/fhir/tools/StructureDefinition/resource-information",
        "valueString" : "StructureDefinition:resource"
      }],
      "reference" : {
        "reference" : "StructureDefinition/CdrRespiraciones"
      },
      "name" : "Frecuencia Respiratoria",
      "description" : "Este recurso permite guardar la información de la frecuencia respiratoria de los pacientes.",
      "exampleBoolean" : false
    },
    {
      "extension" : [{
        "url" : "http://hl7.org/fhir/tools/StructureDefinition/resource-information",
        "valueString" : "StructureDefinition:resource"
      }],
      "reference" : {
        "reference" : "StructureDefinition/CdrRitmoCardiacoFetal"
      },
      "name" : "Ritmo Cardíaco Fetal",
      "description" : "Este recurso permite guardar la información del ritmo cardíaco del feto.",
      "exampleBoolean" : false
    },
    {
      "extension" : [{
        "url" : "http://hl7.org/fhir/tools/StructureDefinition/resource-information",
        "valueString" : "StructureDefinition:resource"
      }],
      "reference" : {
        "reference" : "StructureDefinition/CdrSaturacionOxigeno"
      },
      "name" : "Saturación Oxígeno",
      "description" : "Este recurso permite guardar la información de la saturación oxígeno de los pacientes.",
      "exampleBoolean" : false
    },
    {
      "extension" : [{
        "url" : "http://hl7.org/fhir/tools/StructureDefinition/resource-information",
        "valueString" : "StructureDefinition:resource"
      }],
      "reference" : {
        "reference" : "StructureDefinition/CdrSemanasECO"
      },
      "name" : "Edad Gestacional en Semanas",
      "description" : "Este recurso permite guardar la información del estimado de semanas de un feto.",
      "exampleBoolean" : false
    },
    {
      "extension" : [{
        "url" : "http://hl7.org/fhir/tools/StructureDefinition/resource-information",
        "valueString" : "StructureDefinition:resource"
      }],
      "reference" : {
        "reference" : "StructureDefinition/CdrSemanasFUR"
      },
      "name" : "Estimado del Último Período",
      "description" : "Este recurso permite guardar la información del estimado del último periodo del paciente.",
      "exampleBoolean" : false
    },
    {
      "extension" : [{
        "url" : "http://hl7.org/fhir/tools/StructureDefinition/resource-information",
        "valueString" : "StructureDefinition:resource"
      }],
      "reference" : {
        "reference" : "StructureDefinition/CdrSignosVitales"
      },
      "name" : "Signos Vitales de Salud Araucanía Sur",
      "description" : "Este recurso permite mostrar la información de los signos vitales LOINC de los pacientes.",
      "exampleBoolean" : false
    },
    {
      "extension" : [{
        "url" : "http://hl7.org/fhir/tools/StructureDefinition/resource-information",
        "valueString" : "StructureDefinition:resource"
      }],
      "reference" : {
        "reference" : "StructureDefinition/CdrTalla"
      },
      "name" : "Talla",
      "description" : "Este recurso permite guardar la información del talla de los pacientes.",
      "exampleBoolean" : false
    },
    {
      "extension" : [{
        "url" : "http://hl7.org/fhir/tools/StructureDefinition/resource-information",
        "valueString" : "StructureDefinition:resource"
      }],
      "reference" : {
        "reference" : "StructureDefinition/CdrTemperaturaCorporalAxilar"
      },
      "name" : "Temperatura Corporal Axilar",
      "description" : "Este recurso permite guardar la información de la temperatura corporal de los pacientes tomada desde la zona axilar.",
      "exampleBoolean" : false
    },
    {
      "extension" : [{
        "url" : "http://hl7.org/fhir/tools/StructureDefinition/resource-information",
        "valueString" : "StructureDefinition:resource"
      }],
      "reference" : {
        "reference" : "StructureDefinition/CdrTemperaturaCorporalBucal"
      },
      "name" : "Temperatura Corporal Bucal",
      "description" : "Este recurso permite guardar la información de la temperatura corporal de los pacientes tomada desde la boca.",
      "exampleBoolean" : false
    },
    {
      "extension" : [{
        "url" : "http://hl7.org/fhir/tools/StructureDefinition/resource-information",
        "valueString" : "StructureDefinition:resource"
      }],
      "reference" : {
        "reference" : "StructureDefinition/CdrTemperaturaCorporalRectal"
      },
      "name" : "Temperatura Corporal Rectal",
      "description" : "Este recurso permite guardar la información de la temperatura corporal de los pacientes tomada desde la zona rectal.",
      "exampleBoolean" : false
    },
    {
      "extension" : [{
        "url" : "http://hl7.org/fhir/tools/StructureDefinition/resource-information",
        "valueString" : "StructureDefinition:resource"
      }],
      "reference" : {
        "reference" : "StructureDefinition/CdrTransactionPublicacion"
      },
      "name" : "Transacción De Recursos (Publicación)",
      "description" : "Este recurso permite realizar transacciones con el servidor. Todos los fullURL creadas por este recurso deben ser urn:uidd",
      "exampleBoolean" : false
    },
    {
      "extension" : [{
        "url" : "http://hl7.org/fhir/tools/StructureDefinition/resource-information",
        "valueString" : "StructureDefinition:resource"
      }],
      "reference" : {
        "reference" : "StructureDefinition/CdrTransactionRecuperacion"
      },
      "name" : "Transacción De Recursos(Recuparación)",
      "description" : "Este recursos permite realizar transacciones con el servidor para recuperar todos los recursos necesarios para crear el documento.",
      "exampleBoolean" : false
    },
    {
      "extension" : [{
        "url" : "http://hl7.org/fhir/tools/StructureDefinition/resource-information",
        "valueString" : "StructureDefinition:extension"
      }],
      "reference" : {
        "reference" : "StructureDefinition/IdentidadDeGenero"
      },
      "name" : "Identidad de Género",
      "description" : "Extensión para incluir la identidad de género del paciente.",
      "exampleBoolean" : false
    },
    {
      "extension" : [{
        "url" : "http://hl7.org/fhir/tools/StructureDefinition/resource-information",
        "valueString" : "StructureDefinition:extension"
      }],
      "reference" : {
        "reference" : "StructureDefinition/NivelInstruccion"
      },
      "name" : "Nivel Instrucción",
      "description" : "Nivel educacional en la que se encuentra el paciente.",
      "exampleBoolean" : false
    },
    {
      "extension" : [{
        "url" : "http://hl7.org/fhir/tools/StructureDefinition/resource-information",
        "valueString" : "StructureDefinition:extension"
      }],
      "reference" : {
        "reference" : "StructureDefinition/Ocupacion"
      },
      "name" : "Ocupación",
      "description" : "Ocupación del paciente.",
      "exampleBoolean" : false
    },
    {
      "extension" : [{
        "url" : "http://hl7.org/fhir/tools/StructureDefinition/resource-information",
        "valueString" : "StructureDefinition:extension"
      }],
      "reference" : {
        "reference" : "StructureDefinition/Prevision"
      },
      "name" : "Previsión del Paciente",
      "description" : "Sistema de previsión de salud utilizado por el paciente.",
      "exampleBoolean" : false
    },
    {
      "extension" : [{
        "url" : "http://hl7.org/fhir/tools/StructureDefinition/resource-information",
        "valueString" : "StructureDefinition:extension"
      }],
      "reference" : {
        "reference" : "StructureDefinition/PuebloOriginario"
      },
      "name" : "Pueblo Originario",
      "description" : "Pueblo originario al cual pertenece la persona.",
      "exampleBoolean" : false
    },
    {
      "extension" : [{
        "url" : "http://hl7.org/fhir/tools/StructureDefinition/resource-information",
        "valueString" : "ValueSet"
      }],
      "reference" : {
        "reference" : "ValueSet/EscalaConcienciaVS"
      },
      "name" : "Estado de Cociencia",
      "description" : "Posiles resultados del estado de conciencia en que se encuentra un paciente.",
      "exampleBoolean" : false
    },
    {
      "extension" : [{
        "url" : "http://hl7.org/fhir/tools/StructureDefinition/resource-information",
        "valueString" : "ValueSet"
      }],
      "reference" : {
        "reference" : "ValueSet/EscalaMovimientoFetalVS"
      },
      "name" : "Resultados de un Movimiento Fetal",
      "description" : "Resultados de un movimiento fetal",
      "exampleBoolean" : false
    },
    {
      "extension" : [{
        "url" : "http://hl7.org/fhir/tools/StructureDefinition/resource-information",
        "valueString" : "ValueSet"
      }],
      "reference" : {
        "reference" : "ValueSet/EscalaNutricionales"
      },
      "name" : "Escalas Nutricionales",
      "description" : "Las distintas escalas nutricionales utilizadas dentro de los sistemas del servicio de salud",
      "exampleBoolean" : false
    },
    {
      "extension" : [{
        "url" : "http://hl7.org/fhir/tools/StructureDefinition/resource-information",
        "valueString" : "ValueSet"
      }],
      "reference" : {
        "reference" : "ValueSet/EstadoCivilVS"
      },
      "name" : "Estado Civil",
      "description" : "Definie el estado civil que se encuentra la persona, según la normativa local de Chile",
      "exampleBoolean" : false
    },
    {
      "extension" : [{
        "url" : "http://hl7.org/fhir/tools/StructureDefinition/resource-information",
        "valueString" : "ValueSet"
      }],
      "reference" : {
        "reference" : "ValueSet/GenderIdentityVS"
      },
      "name" : "Identidad de Género",
      "description" : "Genero con el cual se identifica el paciente",
      "exampleBoolean" : false
    },
    {
      "extension" : [{
        "url" : "http://hl7.org/fhir/tools/StructureDefinition/resource-information",
        "valueString" : "ValueSet"
      }],
      "reference" : {
        "reference" : "ValueSet/Nivel-InstruccionVS"
      },
      "name" : "Nivel de Instrucción",
      "description" : "Codificación del nivel de instrucción del paciente",
      "exampleBoolean" : false
    },
    {
      "extension" : [{
        "url" : "http://hl7.org/fhir/tools/StructureDefinition/resource-information",
        "valueString" : "ValueSet"
      }],
      "reference" : {
        "reference" : "ValueSet/Ocupacion-PatientVS"
      },
      "name" : "Ocupación",
      "description" : "Codificación de la ocupación que puede tener el paciente",
      "exampleBoolean" : false
    },
    {
      "extension" : [{
        "url" : "http://hl7.org/fhir/tools/StructureDefinition/resource-information",
        "valueString" : "ValueSet"
      }],
      "reference" : {
        "reference" : "ValueSet/Pueblos-PueblosOriginariosVS"
      },
      "name" : "Codificación de Pueblos Originarios",
      "description" : "Codificación de los pueblos originarios",
      "exampleBoolean" : false
    },
    {
      "extension" : [{
        "url" : "http://hl7.org/fhir/tools/StructureDefinition/resource-information",
        "valueString" : "ValueSet"
      }],
      "reference" : {
        "reference" : "ValueSet/ResultadosSiNo"
      },
      "name" : "Resultados Si y No",
      "description" : "Resultado para respuestas afirmativas o negativas",
      "exampleBoolean" : false
    },
    {
      "extension" : [{
        "url" : "http://hl7.org/fhir/tools/StructureDefinition/resource-information",
        "valueString" : "ValueSet"
      }],
      "reference" : {
        "reference" : "ValueSet/SignosVitalesSsasur"
      },
      "name" : "Signos Vitales",
      "description" : "Signos vitales tomados del pacientes",
      "exampleBoolean" : false
    },
    {
      "extension" : [{
        "url" : "http://hl7.org/fhir/tools/StructureDefinition/resource-information",
        "valueString" : "ValueSet"
      }],
      "reference" : {
        "reference" : "ValueSet/Sistema-PrevisionVS"
      },
      "name" : "Sistema de Previsión",
      "description" : "Códificación de los sistemas de previsión utilizados para financiar la salud de los pacientes",
      "exampleBoolean" : false
    },
    {
      "extension" : [{
        "url" : "http://hl7.org/fhir/tools/StructureDefinition/resource-information",
        "valueString" : "ValueSet"
      }],
      "reference" : {
        "reference" : "ValueSet/TitulosProfesionalesPrestadoresVS"
      },
      "name" : "Titulos Profesionales Prestadores",
      "description" : "Este code system de los títulos profesionales de lo prestadores de salud del decreto exento 643",
      "exampleBoolean" : false
    },
    {
      "extension" : [{
        "url" : "http://hl7.org/fhir/tools/StructureDefinition/resource-information",
        "valueString" : "ValueSet"
      }],
      "reference" : {
        "reference" : "ValueSet/Tramos-IsapresVS"
      },
      "name" : "Tramos de FONASA o Isapre",
      "description" : "Tramos utilizados por fonasa o Isapre del paciente",
      "exampleBoolean" : false
    },
    {
      "extension" : [{
        "url" : "http://hl7.org/fhir/tools/StructureDefinition/resource-information",
        "valueString" : "CodeSystem"
      }],
      "reference" : {
        "reference" : "CodeSystem/AseguradoraCS"
      },
      "name" : "Aseguradora Particular del Paciente",
      "description" : "Aseguradora particular utiliza el paciente",
      "exampleBoolean" : false
    },
    {
      "extension" : [{
        "url" : "http://hl7.org/fhir/tools/StructureDefinition/resource-information",
        "valueString" : "CodeSystem"
      }],
      "reference" : {
        "reference" : "CodeSystem/EscalaConcienciaCS"
      },
      "name" : "Estado de Cociencia",
      "description" : "Posiles resultados del estado de conciencia en que se encuentra un paciente.",
      "exampleBoolean" : false
    },
    {
      "extension" : [{
        "url" : "http://hl7.org/fhir/tools/StructureDefinition/resource-information",
        "valueString" : "CodeSystem"
      }],
      "reference" : {
        "reference" : "CodeSystem/EscalaMovimientoFetalCS"
      },
      "name" : "Resultados de un Movimiento Fetal",
      "description" : "Resultados de un movimiento fetal",
      "exampleBoolean" : false
    },
    {
      "extension" : [{
        "url" : "http://hl7.org/fhir/tools/StructureDefinition/resource-information",
        "valueString" : "CodeSystem"
      }],
      "reference" : {
        "reference" : "CodeSystem/EscalaNutricionalAdulto"
      },
      "name" : "Escala Nutricional para Adultos",
      "description" : "Escala nutricional de un paciente adulto",
      "exampleBoolean" : false
    },
    {
      "extension" : [{
        "url" : "http://hl7.org/fhir/tools/StructureDefinition/resource-information",
        "valueString" : "CodeSystem"
      }],
      "reference" : {
        "reference" : "CodeSystem/EscalaNutricionalEstandar"
      },
      "name" : "Escala Nutricional",
      "description" : "Escala estandar de nutrición para un paciente",
      "exampleBoolean" : false
    },
    {
      "extension" : [{
        "url" : "http://hl7.org/fhir/tools/StructureDefinition/resource-information",
        "valueString" : "CodeSystem"
      }],
      "reference" : {
        "reference" : "CodeSystem/EscalaNutricionalPediatrica"
      },
      "name" : "Escala Nutricional para Pediátricos",
      "description" : "Escala nutricional de un paciente pediatrico",
      "exampleBoolean" : false
    },
    {
      "extension" : [{
        "url" : "http://hl7.org/fhir/tools/StructureDefinition/resource-information",
        "valueString" : "CodeSystem"
      }],
      "reference" : {
        "reference" : "CodeSystem/EstadoCivilCS"
      },
      "name" : "Estado Civil",
      "description" : "Definie el estado civil que se encuentra la persona, según la normativa local de Chile",
      "exampleBoolean" : false
    },
    {
      "extension" : [{
        "url" : "http://hl7.org/fhir/tools/StructureDefinition/resource-information",
        "valueString" : "CodeSystem"
      }],
      "reference" : {
        "reference" : "CodeSystem/GenderIdentityCs"
      },
      "name" : "Identidad de Género",
      "description" : "Genero con el cual se identifica el paciente",
      "exampleBoolean" : false
    },
    {
      "extension" : [{
        "url" : "http://hl7.org/fhir/tools/StructureDefinition/resource-information",
        "valueString" : "CodeSystem"
      }],
      "reference" : {
        "reference" : "CodeSystem/Nivel-InstruccionCS"
      },
      "name" : "Nivel de Instrucción",
      "description" : "Codificación del nivel de instrucción del paciente",
      "exampleBoolean" : false
    },
    {
      "extension" : [{
        "url" : "http://hl7.org/fhir/tools/StructureDefinition/resource-information",
        "valueString" : "CodeSystem"
      }],
      "reference" : {
        "reference" : "CodeSystem/Ocupacion-PatientCS"
      },
      "name" : "Ocupación",
      "description" : "Codificación de la ocupación que puede tener el paciente, dado la terminología",
      "exampleBoolean" : false
    },
    {
      "extension" : [{
        "url" : "http://hl7.org/fhir/tools/StructureDefinition/resource-information",
        "valueString" : "CodeSystem"
      }],
      "reference" : {
        "reference" : "CodeSystem/Pueblos-PueblosOriginariosCS"
      },
      "name" : "Codificación de Pueblos Originarios",
      "description" : "Codificación de los pueblos originarios",
      "exampleBoolean" : false
    },
    {
      "extension" : [{
        "url" : "http://hl7.org/fhir/tools/StructureDefinition/resource-information",
        "valueString" : "CodeSystem"
      }],
      "reference" : {
        "reference" : "CodeSystem/Sistema-Prevision"
      },
      "name" : "Sistema de Previsión",
      "description" : "Códificación de los sistemas de previsión utilizados para financiar la salud de los pacientes",
      "exampleBoolean" : false
    },
    {
      "extension" : [{
        "url" : "http://hl7.org/fhir/tools/StructureDefinition/resource-information",
        "valueString" : "CodeSystem"
      }],
      "reference" : {
        "reference" : "CodeSystem/TitulosProfesionalesPrestadoresCS"
      },
      "name" : "Titulos Profesionales Prestadores",
      "description" : "Este code system de los títulos profesionales de lo prestadores de salud del decreto exento 643",
      "exampleBoolean" : false
    },
    {
      "extension" : [{
        "url" : "http://hl7.org/fhir/tools/StructureDefinition/resource-information",
        "valueString" : "CodeSystem"
      }],
      "reference" : {
        "reference" : "CodeSystem/Tramos-FONASA"
      },
      "name" : "Tramos de FONASA",
      "description" : "Tramos utilizados por fonasa",
      "exampleBoolean" : false
    },
    {
      "extension" : [{
        "url" : "http://hl7.org/fhir/tools/StructureDefinition/resource-information",
        "valueString" : "Observation"
      }],
      "reference" : {
        "reference" : "Observation/AlturaEdadInfantilExample"
      },
      "name" : "Diagnóstico Nutricional Infantil Altura/Edad",
      "description" : "Ejemplo de un resultado de un analisis de la altura por edad de un niño",
      "exampleCanonical" : "https://www.ssasur.cl/fhir/ig/ASV/StructureDefinition/CdrAlturaEdadInfantil"
    },
    {
      "extension" : [{
        "url" : "http://hl7.org/fhir/tools/StructureDefinition/resource-information",
        "valueString" : "Observation"
      }],
      "reference" : {
        "reference" : "Observation/AlturaUterinaExample"
      },
      "name" : "Altura Fondo Uterino",
      "description" : "Ejemplo de Altura Uterina, en el caso de tomas de signos vitales para embarazadas.",
      "exampleCanonical" : "https://www.ssasur.cl/fhir/ig/ASV/StructureDefinition/CdrAlturaUterina"
    },
    {
      "extension" : [{
        "url" : "http://hl7.org/fhir/tools/StructureDefinition/resource-information",
        "valueString" : "Observation"
      }],
      "reference" : {
        "reference" : "Observation/CircunferenciaAbdominalExample"
      },
      "name" : "Circunferencia Abdominal",
      "description" : "Ejemplo de un recurso almacenando la información de la circunferencia abdominal.",
      "exampleCanonical" : "https://www.ssasur.cl/fhir/ig/ASV/StructureDefinition/CdrCircunferenciaAbdominal"
    },
    {
      "extension" : [{
        "url" : "http://hl7.org/fhir/tools/StructureDefinition/resource-information",
        "valueString" : "Observation"
      }],
      "reference" : {
        "reference" : "Observation/CircunferenciaCinturaExample"
      },
      "name" : "Circunferencia Cintura",
      "description" : "Ejemplo de un recurso almacenando la información de la circunferencia en la cintura.",
      "exampleCanonical" : "https://www.ssasur.cl/fhir/ig/ASV/StructureDefinition/CdrCircunferenciaCintura"
    },
    {
      "extension" : [{
        "url" : "http://hl7.org/fhir/tools/StructureDefinition/resource-information",
        "valueString" : "Observation"
      }],
      "reference" : {
        "reference" : "Observation/CircunferenciaCraneanaExample"
      },
      "name" : "Circunferencia Craneana",
      "description" : "Ejemplo de un recurso almacenando la información de la circunferencia craneana.",
      "exampleCanonical" : "https://www.ssasur.cl/fhir/ig/ASV/StructureDefinition/CdrCircunferenciaCraneana"
    },
    {
      "extension" : [{
        "url" : "http://hl7.org/fhir/tools/StructureDefinition/resource-information",
        "valueString" : "Composition"
      }],
      "reference" : {
        "reference" : "Composition/CompositionDocumentExample"
      },
      "name" : "Cabecera del Documento",
      "description" : "Ejemplo de un composition para crear un documento",
      "exampleCanonical" : "https://www.ssasur.cl/fhir/ig/ASV/StructureDefinition/CdrComposition"
    },
    {
      "extension" : [{
        "url" : "http://hl7.org/fhir/tools/StructureDefinition/resource-information",
        "valueString" : "Bundle"
      }],
      "reference" : {
        "reference" : "Bundle/Documento"
      },
      "name" : "Documento de Signos Vitales",
      "description" : "Ejemplo de un documento",
      "exampleCanonical" : "https://www.ssasur.cl/fhir/ig/ASV/StructureDefinition/CdrDocument"
    },
    {
      "extension" : [{
        "url" : "http://hl7.org/fhir/tools/StructureDefinition/resource-information",
        "valueString" : "Provenance"
      }],
      "reference" : {
        "reference" : "Provenance/EjemploFirma"
      },
      "name" : "Firma Digital",
      "description" : "Firma de un recurso composition y las observaciones para identificar la persona responsable de su creación.",
      "exampleCanonical" : "https://www.ssasur.cl/fhir/ig/ASV/StructureDefinition/CdrProvenance"
    },
    {
      "extension" : [{
        "url" : "http://hl7.org/fhir/tools/StructureDefinition/resource-information",
        "valueString" : "Observation"
      }],
      "reference" : {
        "reference" : "Observation/EscalaDolorExample"
      },
      "name" : "Escala de Dolor",
      "description" : "Ejemplo de la escala de dolor que describe el paciente.",
      "exampleCanonical" : "https://www.ssasur.cl/fhir/ig/ASV/StructureDefinition/CdrEscalaDolor"
    },
    {
      "extension" : [{
        "url" : "http://hl7.org/fhir/tools/StructureDefinition/resource-information",
        "valueString" : "Observation"
      }],
      "reference" : {
        "reference" : "Observation/EscalaGlasgowExample"
      },
      "name" : "Escala Glasgow",
      "description" : "Ejmplo de un recurso de la escala de Glasgow para un paciente en coma.",
      "exampleCanonical" : "https://www.ssasur.cl/fhir/ig/ASV/StructureDefinition/CdrEscalaGlasgow"
    },
    {
      "extension" : [{
        "url" : "http://hl7.org/fhir/tools/StructureDefinition/resource-information",
        "valueString" : "Observation"
      }],
      "reference" : {
        "reference" : "Observation/EstadoConcienciaExample"
      },
      "name" : "Estado de Conciencia",
      "description" : "Ejemplo del estado de conciencia con el cual llega el paciente a urgencia en este caso.",
      "exampleCanonical" : "https://www.ssasur.cl/fhir/ig/ASV/StructureDefinition/CdrEstadoConciencia"
    },
    {
      "extension" : [{
        "url" : "http://hl7.org/fhir/tools/StructureDefinition/resource-information",
        "valueString" : "Observation"
      }],
      "reference" : {
        "reference" : "Observation/EstadoDistresExample"
      },
      "name" : "Estado de Distres",
      "description" : "Ejemplo del estado de distres por el cual llega el paciente a urguencia",
      "exampleCanonical" : "https://www.ssasur.cl/fhir/ig/ASV/StructureDefinition/CdrEstadoDistres"
    },
    {
      "extension" : [{
        "url" : "http://hl7.org/fhir/tools/StructureDefinition/resource-information",
        "valueString" : "Observation"
      }],
      "reference" : {
        "reference" : "Observation/EstadoNutricionalExample"
      },
      "name" : "Estado Nutricional",
      "description" : "Ejemplo del estado de nutricional de un paciente",
      "exampleCanonical" : "https://www.ssasur.cl/fhir/ig/ASV/StructureDefinition/CdrEstadoNutricional"
    },
    {
      "extension" : [{
        "url" : "http://hl7.org/fhir/tools/StructureDefinition/resource-information",
        "valueString" : "Bundle"
      }],
      "reference" : {
        "reference" : "Bundle/ExampleRecuperacion"
      },
      "name" : "Recuperación de Recursos",
      "description" : "Ejemplo para recuperar los recursos necesarios en el momento de crear un documento",
      "exampleCanonical" : "https://www.ssasur.cl/fhir/ig/ASV/StructureDefinition/CdrTransactionRecuperacion"
    },
    {
      "extension" : [{
        "url" : "http://hl7.org/fhir/tools/StructureDefinition/resource-information",
        "valueString" : "Bundle"
      }],
      "reference" : {
        "reference" : "Bundle/ExampleRecuperacionBase"
      },
      "name" : "Recuperación de Recursos Base",
      "description" : "Estos son los recursos bases necesarios para crear un documento, que se deberian encontrar dentro del servido FHIR.",
      "exampleCanonical" : "https://www.ssasur.cl/fhir/ig/ASV/StructureDefinition/CdrTransactionRecuperacion"
    },
    {
      "extension" : [{
        "url" : "http://hl7.org/fhir/tools/StructureDefinition/resource-information",
        "valueString" : "Bundle"
      }],
      "reference" : {
        "reference" : "Bundle/ExampleTransaction"
      },
      "name" : "Publicación de Recursos",
      "description" : "Ejemplo de una transacción de los recursos enviados a un servidor para crear un documento posteriormente",
      "exampleCanonical" : "https://www.ssasur.cl/fhir/ig/ASV/StructureDefinition/CdrTransactionPublicacion"
    },
    {
      "extension" : [{
        "url" : "http://hl7.org/fhir/tools/StructureDefinition/resource-information",
        "valueString" : "Observation"
      }],
      "reference" : {
        "reference" : "Observation/GlicemiaExample"
      },
      "name" : "Glicemia en Sangre",
      "description" : "Ejemplo del nivel de glicemia de un paciente",
      "exampleCanonical" : "https://www.ssasur.cl/fhir/ig/ASV/StructureDefinition/CdrGlicemia"
    },
    {
      "extension" : [{
        "url" : "http://hl7.org/fhir/tools/StructureDefinition/resource-information",
        "valueString" : "Observation"
      }],
      "reference" : {
        "reference" : "Observation/IMCExample"
      },
      "name" : "Indice de Masa Corporal",
      "description" : "Ejemplo del nivel de IMC de un paciente",
      "exampleCanonical" : "https://www.ssasur.cl/fhir/ig/ASV/StructureDefinition/CdrIMC"
    },
    {
      "extension" : [{
        "url" : "http://hl7.org/fhir/tools/StructureDefinition/resource-information",
        "valueString" : "Observation"
      }],
      "reference" : {
        "reference" : "Observation/MovimientoFetalExample"
      },
      "name" : "Movimiento Fetal",
      "description" : "Ejemplo del moviemiento fetal que se presenta dentro de una paciente embarazada",
      "exampleCanonical" : "https://www.ssasur.cl/fhir/ig/ASV/StructureDefinition/CdrMovimientoFetal"
    },
    {
      "extension" : [{
        "url" : "http://hl7.org/fhir/tools/StructureDefinition/resource-information",
        "valueString" : "Organization"
      }],
      "reference" : {
        "reference" : "Organization/OrganizationHospital"
      },
      "name" : "Hospital ejemplo",
      "description" : "Ejemplo del uso del CdrOrganization con un identificador de hospital.",
      "exampleCanonical" : "https://www.ssasur.cl/fhir/ig/ASV/StructureDefinition/CdrOrganizationHosp"
    },
    {
      "extension" : [{
        "url" : "http://hl7.org/fhir/tools/StructureDefinition/resource-information",
        "valueString" : "Patient"
      }],
      "reference" : {
        "reference" : "Patient/PatientExample"
      },
      "name" : "Paciente de Ejemplo",
      "description" : "Paciente de Prueba.",
      "exampleCanonical" : "https://www.ssasur.cl/fhir/ig/ASV/StructureDefinition/CdrPatient"
    },
    {
      "extension" : [{
        "url" : "http://hl7.org/fhir/tools/StructureDefinition/resource-information",
        "valueString" : "Observation"
      }],
      "reference" : {
        "reference" : "Observation/PesoAlturaInfantilExample"
      },
      "name" : "Diagnóstico Nutricional Infantil Peso/Altura",
      "description" : "Ejemplo de un resultado de un analisis del peso por altura de un niño.",
      "exampleCanonical" : "https://www.ssasur.cl/fhir/ig/ASV/StructureDefinition/CdrPesoAlturaInfantil"
    },
    {
      "extension" : [{
        "url" : "http://hl7.org/fhir/tools/StructureDefinition/resource-information",
        "valueString" : "Observation"
      }],
      "reference" : {
        "reference" : "Observation/PesoEdadInfantilExample"
      },
      "name" : "Diagnóstico Nutricional Infantil Peso/Edad",
      "description" : "Ejemplo de un resultado de un analisis del peso por edad de un niño.",
      "exampleCanonical" : "https://www.ssasur.cl/fhir/ig/ASV/StructureDefinition/CdrPesoEdadInfantil"
    },
    {
      "extension" : [{
        "url" : "http://hl7.org/fhir/tools/StructureDefinition/resource-information",
        "valueString" : "Observation"
      }],
      "reference" : {
        "reference" : "Observation/PesoExample"
      },
      "name" : "Peso",
      "description" : "Ejemplo del peso de un paciente",
      "exampleCanonical" : "https://www.ssasur.cl/fhir/ig/ASV/StructureDefinition/CdrPeso"
    },
    {
      "extension" : [{
        "url" : "http://hl7.org/fhir/tools/StructureDefinition/resource-information",
        "valueString" : "Observation"
      }],
      "reference" : {
        "reference" : "Observation/PrensionSanguineaExample"
      },
      "name" : "Presión Sanguínea",
      "description" : "Ejemplo de la presión sanguinea de un paciente.",
      "exampleCanonical" : "https://www.ssasur.cl/fhir/ig/ASV/StructureDefinition/CdrPrensionSanguinea"
    },
    {
      "extension" : [{
        "url" : "http://hl7.org/fhir/tools/StructureDefinition/resource-information",
        "valueString" : "Practitioner"
      }],
      "reference" : {
        "reference" : "Practitioner/Profesional"
      },
      "name" : "Profesional",
      "description" : "Profesional del servicio de salud araucania sur.",
      "exampleCanonical" : "https://www.ssasur.cl/fhir/ig/ASV/StructureDefinition/CdrPractitioner"
    },
    {
      "extension" : [{
        "url" : "http://hl7.org/fhir/tools/StructureDefinition/resource-information",
        "valueString" : "Observation"
      }],
      "reference" : {
        "reference" : "Observation/RespiracionesExample"
      },
      "name" : "Frecuencia Respiratoria",
      "description" : "Ejemplo de las respiraciones por minuto que puede presentar el paciente.",
      "exampleCanonical" : "https://www.ssasur.cl/fhir/ig/ASV/StructureDefinition/CdrRespiraciones"
    },
    {
      "extension" : [{
        "url" : "http://hl7.org/fhir/tools/StructureDefinition/resource-information",
        "valueString" : "Observation"
      }],
      "reference" : {
        "reference" : "Observation/RitmoCardiacaExample"
      },
      "name" : "Frecuencia Cardiaca",
      "description" : "Ejemplo de la frecuencia cardiaca de un paciente.",
      "exampleCanonical" : "https://www.ssasur.cl/fhir/ig/ASV/StructureDefinition/CdrFrecuenciaCardiaca"
    },
    {
      "extension" : [{
        "url" : "http://hl7.org/fhir/tools/StructureDefinition/resource-information",
        "valueString" : "Observation"
      }],
      "reference" : {
        "reference" : "Observation/RitmoCardiacoFetalExample"
      },
      "name" : "Ritmo Cardíaco Fetal",
      "description" : "Ejemplo del ritmo cardiaco de un fento dentro del vientre materno.",
      "exampleCanonical" : "https://www.ssasur.cl/fhir/ig/ASV/StructureDefinition/CdrRitmoCardiacoFetal"
    },
    {
      "extension" : [{
        "url" : "http://hl7.org/fhir/tools/StructureDefinition/resource-information",
        "valueString" : "Observation"
      }],
      "reference" : {
        "reference" : "Observation/SaturacionOxigenoExample"
      },
      "name" : "Saturación Oxígeno",
      "description" : "Ejemplo de la saturación de oxigeno en un paciente",
      "exampleCanonical" : "https://www.ssasur.cl/fhir/ig/ASV/StructureDefinition/CdrSaturacionOxigeno"
    },
    {
      "extension" : [{
        "url" : "http://hl7.org/fhir/tools/StructureDefinition/resource-information",
        "valueString" : "Observation"
      }],
      "reference" : {
        "reference" : "Observation/SemanasECOExample"
      },
      "name" : "Edad Gestacional en Semanas",
      "description" : "Ejemplo de la semana gestacional de una paciente embarazada.",
      "exampleCanonical" : "https://www.ssasur.cl/fhir/ig/ASV/StructureDefinition/CdrSemanasECO"
    },
    {
      "extension" : [{
        "url" : "http://hl7.org/fhir/tools/StructureDefinition/resource-information",
        "valueString" : "Observation"
      }],
      "reference" : {
        "reference" : "Observation/SemanasFURExample"
      },
      "name" : "Estimado del Último Período",
      "description" : "Ejemplo del estimado del ultimo periodo de una paciente con sospecha de embarazo",
      "exampleCanonical" : "https://www.ssasur.cl/fhir/ig/ASV/StructureDefinition/CdrSemanasFUR"
    },
    {
      "extension" : [{
        "url" : "http://hl7.org/fhir/tools/StructureDefinition/resource-information",
        "valueString" : "Observation"
      }],
      "reference" : {
        "reference" : "Observation/SignosVitalesExample"
      },
      "name" : "Signo Vital Error",
      "description" : "Ejemplo de un Signo vital tomado por error.",
      "exampleCanonical" : "https://www.ssasur.cl/fhir/ig/ASV/StructureDefinition/CdrSignosVitales"
    },
    {
      "extension" : [{
        "url" : "http://hl7.org/fhir/tools/StructureDefinition/resource-information",
        "valueString" : "Observation"
      }],
      "reference" : {
        "reference" : "Observation/TallaExample"
      },
      "name" : "Talla",
      "description" : "Ejemplo de la altura en un paciente.",
      "exampleCanonical" : "https://www.ssasur.cl/fhir/ig/ASV/StructureDefinition/CdrTalla"
    },
    {
      "extension" : [{
        "url" : "http://hl7.org/fhir/tools/StructureDefinition/resource-information",
        "valueString" : "Observation"
      }],
      "reference" : {
        "reference" : "Observation/TemperaturaCorporalAxilarExample"
      },
      "name" : "Temperatura Corporal Axilar",
      "description" : "Ejemplo de la temperatura corporal de un paciente tomado desde la zonan axilar.",
      "exampleCanonical" : "https://www.ssasur.cl/fhir/ig/ASV/StructureDefinition/CdrTemperaturaCorporalAxilar"
    },
    {
      "extension" : [{
        "url" : "http://hl7.org/fhir/tools/StructureDefinition/resource-information",
        "valueString" : "Observation"
      }],
      "reference" : {
        "reference" : "Observation/TemperaturaCorporalBucalExample"
      },
      "name" : "Temperatura Corporal Bucal",
      "description" : "Ejemplo de la temperatura corporal de un paciente tomado desde la zona bucal.",
      "exampleCanonical" : "https://www.ssasur.cl/fhir/ig/ASV/StructureDefinition/CdrTemperaturaCorporalBucal"
    },
    {
      "extension" : [{
        "url" : "http://hl7.org/fhir/tools/StructureDefinition/resource-information",
        "valueString" : "Observation"
      }],
      "reference" : {
        "reference" : "Observation/TemperaturaCorporalRectalExample"
      },
      "name" : "Temperatura Corporal Rectal",
      "description" : "Ejemplo de la temperatura corporal de un paciente tomado desde la zona rectal.",
      "exampleCanonical" : "https://www.ssasur.cl/fhir/ig/ASV/StructureDefinition/CdrTemperaturaCorporalRectal"
    }],
    "page" : {
      "extension" : [{
        "url" : "http://hl7.org/fhir/tools/StructureDefinition/ig-page-name",
        "valueUrl" : "toc.html"
      }],
      "nameUrl" : "toc.html",
      "title" : "Table of Contents",
      "generation" : "html",
      "page" : [{
        "extension" : [{
          "url" : "http://hl7.org/fhir/tools/StructureDefinition/ig-page-name",
          "valueUrl" : "index.html"
        }],
        "nameUrl" : "index.html",
        "title" : "Inicio",
        "generation" : "markdown"
      },
      {
        "extension" : [{
          "url" : "http://hl7.org/fhir/tools/StructureDefinition/ig-page-name",
          "valueUrl" : "CasosdeUso.html"
        }],
        "nameUrl" : "CasosdeUso.html",
        "title" : "Casos de Usos",
        "generation" : "markdown"
      },
      {
        "extension" : [{
          "url" : "http://hl7.org/fhir/tools/StructureDefinition/ig-page-name",
          "valueUrl" : "Perfiles.html"
        }],
        "nameUrl" : "Perfiles.html",
        "title" : "Perfiles",
        "generation" : "markdown"
      },
      {
        "extension" : [{
          "url" : "http://hl7.org/fhir/tools/StructureDefinition/ig-page-name",
          "valueUrl" : "Extensiones.html"
        }],
        "nameUrl" : "Extensiones.html",
        "title" : "Extensiones",
        "generation" : "markdown"
      },
      {
        "extension" : [{
          "url" : "http://hl7.org/fhir/tools/StructureDefinition/ig-page-name",
          "valueUrl" : "Terminologias.html"
        }],
        "nameUrl" : "Terminologias.html",
        "title" : "Terminologías",
        "generation" : "markdown"
      },
      {
        "extension" : [{
          "url" : "http://hl7.org/fhir/tools/StructureDefinition/ig-page-name",
          "valueUrl" : "Ejemplos.html"
        }],
        "nameUrl" : "Ejemplos.html",
        "title" : "Ejemplos",
        "generation" : "markdown"
      }]
    },
    "parameter" : [{
      "code" : "path-resource",
      "value" : "input/capabilities"
    },
    {
      "code" : "path-resource",
      "value" : "input/examples"
    },
    {
      "code" : "path-resource",
      "value" : "input/extensions"
    },
    {
      "code" : "path-resource",
      "value" : "input/models"
    },
    {
      "code" : "path-resource",
      "value" : "input/operations"
    },
    {
      "code" : "path-resource",
      "value" : "input/profiles"
    },
    {
      "code" : "path-resource",
      "value" : "input/resources"
    },
    {
      "code" : "path-resource",
      "value" : "input/vocabulary"
    },
    {
      "code" : "path-resource",
      "value" : "input/maps"
    },
    {
      "code" : "path-resource",
      "value" : "input/testing"
    },
    {
      "code" : "path-resource",
      "value" : "input/history"
    },
    {
      "code" : "path-resource",
      "value" : "fsh-generated/resources"
    },
    {
      "code" : "path-pages",
      "value" : "template/config"
    },
    {
      "code" : "path-pages",
      "value" : "input/images"
    },
    {
      "code" : "path-tx-cache",
      "value" : "input-cache/txcache"
    }]
  }
}