{
  "resourceType" : "Organization",
  "id" : "OrganizationHospital",
  "meta" : {
    "profile" : ["https://www.ssasur.cl/fhir/ig/ASV/StructureDefinition/CdrOrganizationHosp"]
  },
  "text" : {
    "status" : "generated",
    "div" : "<div xmlns=\"http://www.w3.org/1999/xhtml\"><p><b>Generated Narrative: Organization</b><a name=\"OrganizationHospital\"> </a></p><div style=\"display: inline-block; background-color: #d9e0e7; padding: 6px; margin: 4px; border: 1px solid #8da1b4; border-radius: 5px; line-height: 60%\"><p style=\"margin-bottom: 0px\">Resource Organization &quot;OrganizationHospital&quot; </p><p style=\"margin-bottom: 0px\">Profile: <a href=\"StructureDefinition-CdrOrganizationHosp.html\">Recinto de Salud Araucania Sur</a></p></div><p><b>identifier</b>: id: 7 (use: OFFICIAL)</p><p><b>name</b>: Hospital de Tolten</p></div>"
  },
  "identifier" : [{
    "use" : "official",
    "system" : "http://ssasur.cl/CodigoHospital",
    "value" : "7"
  }],
  "name" : "Hospital de Tolten"
}