{
  "resourceType" : "Practitioner",
  "id" : "Profesional",
  "meta" : {
    "profile" : ["https://www.ssasur.cl/fhir/ig/ASV/StructureDefinition/CdrPractitioner"]
  },
  "text" : {
    "status" : "generated",
    "div" : "<div xmlns=\"http://www.w3.org/1999/xhtml\"><p><b>Generated Narrative: Practitioner</b><a name=\"Profesional\"> </a></p><div style=\"display: inline-block; background-color: #d9e0e7; padding: 6px; margin: 4px; border: 1px solid #8da1b4; border-radius: 5px; line-height: 60%\"><p style=\"margin-bottom: 0px\">Resource Practitioner &quot;Profesional&quot; </p><p style=\"margin-bottom: 0px\">Profile: <a href=\"StructureDefinition-CdrPractitioner.html\">Prestador de Salud</a></p></div><p><b>identifier</b>: id: 10.006.005-4 (use: OFFICIAL), id: 123456 (use: SECONDARY)</p><p><b>name</b>: Alejando Medina </p><p><b>gender</b>: male</p><p><b>birthDate</b>: 1960-09-11</p></div>"
  },
  "identifier" : [{
    "use" : "official",
    "value" : "10.006.005-4"
  },
  {
    "use" : "secondary",
    "system" : "https://rnpi.superdesalud.gob.cl/",
    "value" : "123456"
  }],
  "name" : [{
    "family" : "Medina",
    "given" : ["Alejando"]
  }],
  "gender" : "male",
  "birthDate" : "1960-09-11"
}